"","trt","code","value","time","row","column","temperature","B12","bacteria","rep","combined.trt","dtime","type"
"1","B1","A12",20.8182,2024-02-19 11:55:00,"B",1,"12","1","0",1,"12 0 1 1",0,"1 0"
"2","B1","A12",35.5982,2024-02-27 11:38:00,"B",1,"12","1","0",1,"12 0 1 1",7.98819444444444,"1 0"
"3","B1","A12",30.4226,2024-02-28 10:59:00,"B",1,"12","1","0",1,"12 0 1 1",8.96111111111111,"1 0"
"4","B1","A12",10.8686,2024-02-22 11:30:00,"B",1,"12","1","0",1,"12 0 1 1",2.98263888888889,"1 0"
"5","B1","A12",28.481,2024-03-01 11:59:00,"B",1,"12","1","0",1,"12 0 1 1",11.0027777777778,"1 0"
"6","B1","A12",31.4486,2024-02-25 11:35:00,"B",1,"12","1","0",1,"12 0 1 1",5.98611111111111,"1 0"
"7","B1","A12",38.8876,2024-02-26 11:31:00,"B",1,"12","1","0",1,"12 0 1 1",6.98333333333333,"1 0"
"8","B1","A12",17.3342,2024-02-23 11:31:00,"B",1,"12","1","0",1,"12 0 1 1",3.98333333333333,"1 0"
"9","B1","A12",32.9738,2024-02-29 11:03:00,"B",1,"12","1","0",1,"12 0 1 1",9.96388888888889,"1 0"
"10","B1","A12",22.6484,2024-02-24 11:06:00,"B",1,"12","1","0",1,"12 0 1 1",4.96597222222222,"1 0"
"11","B1","A12",8.449,2024-02-21 11:02:00,"B",1,"12","1","0",1,"12 0 1 1",1.96319444444444,"1 0"
"12","B1","A12",8.0264,2024-02-20 11:03:00,"B",1,"12","1","0",1,"12 0 1 1",0.963888888888889,"1 0"
"13","B1","A16",25.4674,2024-02-19 11:55:00,"B",1,"16","1","0",1,"16 0 1 1",0,"1 0"
"14","B1","A16",62.3486,2024-02-27 11:38:00,"B",1,"16","1","0",1,"16 0 1 1",7.98819444444444,"1 0"
"15","B1","A16",52.8076,2024-02-28 10:59:00,"B",1,"16","1","0",1,"16 0 1 1",8.96111111111111,"1 0"
"16","B1","A16",42.149,2024-02-22 11:30:00,"B",1,"16","1","0",1,"16 0 1 1",2.98263888888889,"1 0"
"17","B1","A16",37.8018,2024-03-01 11:59:00,"B",1,"16","1","0",1,"16 0 1 1",11.0027777777778,"1 0"
"18","B1","A16",83.1518,2024-02-25 11:35:00,"B",1,"16","1","0",1,"16 0 1 1",5.98611111111111,"1 0"
"19","B1","A16",80.8706,2024-02-26 11:31:00,"B",1,"16","1","0",1,"16 0 1 1",6.98333333333333,"1 0"
"20","B1","A16",67.9908,2024-02-23 11:31:00,"B",1,"16","1","0",1,"16 0 1 1",3.98333333333333,"1 0"
"21","B1","A16",43.0014,2024-02-29 11:03:00,"B",1,"16","1","0",1,"16 0 1 1",9.96388888888889,"1 0"
"22","B1","A16",89.659,2024-02-24 11:06:00,"B",1,"16","1","0",1,"16 0 1 1",4.96597222222222,"1 0"
"23","B1","A16",25.5432,2024-02-21 11:02:00,"B",1,"16","1","0",1,"16 0 1 1",1.96319444444444,"1 0"
"24","B1","A16",14.3938,2024-02-20 11:03:00,"B",1,"16","1","0",1,"16 0 1 1",0.963888888888889,"1 0"
"25","B1","A19",23.6942,2024-02-19 11:55:00,"B",1,"19","1","0",1,"19 0 1 1",0,"1 0"
"26","B1","A19",53.2166,2024-02-27 11:38:00,"B",1,"19","1","0",1,"19 0 1 1",7.98819444444444,"1 0"
"27","B1","A19",43.9066,2024-02-28 10:59:00,"B",1,"19","1","0",1,"19 0 1 1",8.96111111111111,"1 0"
"28","B1","A19",64.2504,2024-02-22 11:30:00,"B",1,"19","1","0",1,"19 0 1 1",2.98263888888889,"1 0"
"29","B1","A19",38.9836,2024-03-01 11:59:00,"B",1,"19","1","0",1,"19 0 1 1",11.0027777777778,"1 0"
"30","B1","A19",90.1672,2024-02-25 11:35:00,"B",1,"19","1","0",1,"19 0 1 1",5.98611111111111,"1 0"
"31","B1","A19",62.8832,2024-02-26 11:31:00,"B",1,"19","1","0",1,"19 0 1 1",6.98333333333333,"1 0"
"32","B1","A19",106.9678,2024-02-23 11:31:00,"B",1,"19","1","0",1,"19 0 1 1",3.98333333333333,"1 0"
"33","B1","A19",36.5586,2024-02-29 11:03:00,"B",1,"19","1","0",1,"19 0 1 1",9.96388888888889,"1 0"
"34","B1","A19",97.0304,2024-02-24 11:06:00,"B",1,"19","1","0",1,"19 0 1 1",4.96597222222222,"1 0"
"35","B1","A19",39.2352,2024-02-21 11:02:00,"B",1,"19","1","0",1,"19 0 1 1",1.96319444444444,"1 0"
"36","B1","A19",17.3826,2024-02-20 11:03:00,"B",1,"19","1","0",1,"19 0 1 1",0.963888888888889,"1 0"
"37","B1","A22",26.211,2024-02-19 11:55:00,"B",1,"22","1","0",1,"22 0 1 1",0,"1 0"
"38","B1","A22",49.7458,2024-02-27 11:38:00,"B",1,"22","1","0",1,"22 0 1 1",7.98819444444444,"1 0"
"39","B1","A22",40.9052,2024-02-28 10:59:00,"B",1,"22","1","0",1,"22 0 1 1",8.96111111111111,"1 0"
"40","B1","A22",114.8036,2024-02-22 11:30:00,"B",1,"22","1","0",1,"22 0 1 1",2.98263888888889,"1 0"
"41","B1","A22",32.024,2024-03-01 11:59:00,"B",1,"22","1","0",1,"22 0 1 1",11.0027777777778,"1 0"
"42","B1","A22",96.3428,2024-02-25 11:35:00,"B",1,"22","1","0",1,"22 0 1 1",5.98611111111111,"1 0"
"43","B1","A22",69.5026,2024-02-26 11:31:00,"B",1,"22","1","0",1,"22 0 1 1",6.98333333333333,"1 0"
"44","B1","A22",151.2052,2024-02-23 11:31:00,"B",1,"22","1","0",1,"22 0 1 1",3.98333333333333,"1 0"
"45","B1","A22",35.2798,2024-02-29 11:03:00,"B",1,"22","1","0",1,"22 0 1 1",9.96388888888889,"1 0"
"46","B1","A22",127.2108,2024-02-24 11:06:00,"B",1,"22","1","0",1,"22 0 1 1",4.96597222222222,"1 0"
"47","B1","A22",89.379,2024-02-21 11:02:00,"B",1,"22","1","0",1,"22 0 1 1",1.96319444444444,"1 0"
"48","B1","A22",25.3814,2024-02-20 11:03:00,"B",1,"22","1","0",1,"22 0 1 1",0.963888888888889,"1 0"
"49","B1","A25",22.0348,2024-02-19 11:55:00,"B",1,"25","1","0",1,"25 0 1 1",0,"1 0"
"50","B1","A25",30.5298,2024-02-27 11:38:00,"B",1,"25","1","0",1,"25 0 1 1",7.98819444444444,"1 0"
"51","B1","A25",27.4156,2024-02-28 10:59:00,"B",1,"25","1","0",1,"25 0 1 1",8.96111111111111,"1 0"
"52","B1","A25",120.0142,2024-02-22 11:30:00,"B",1,"25","1","0",1,"25 0 1 1",2.98263888888889,"1 0"
"53","B1","A25",21.7258,2024-03-01 11:59:00,"B",1,"25","1","0",1,"25 0 1 1",11.0027777777778,"1 0"
"54","B1","A25",52.0176,2024-02-25 11:35:00,"B",1,"25","1","0",1,"25 0 1 1",5.98611111111111,"1 0"
"55","B1","A25",37.2138,2024-02-26 11:31:00,"B",1,"25","1","0",1,"25 0 1 1",6.98333333333333,"1 0"
"56","B1","A25",125.9934,2024-02-23 11:31:00,"B",1,"25","1","0",1,"25 0 1 1",3.98333333333333,"1 0"
"57","B1","A25",23.6314,2024-02-29 11:03:00,"B",1,"25","1","0",1,"25 0 1 1",9.96388888888889,"1 0"
"58","B1","A25",75.6444,2024-02-24 11:06:00,"B",1,"25","1","0",1,"25 0 1 1",4.96597222222222,"1 0"
"59","B1","A25",55.9238,2024-02-21 11:02:00,"B",1,"25","1","0",1,"25 0 1 1",1.96319444444444,"1 0"
"60","B1","A25",24.089,2024-02-20 11:03:00,"B",1,"25","1","0",1,"25 0 1 1",0.963888888888889,"1 0"
"61","B1","A27",17.953,2024-02-19 11:55:00,"B",1,"27","1","0",1,"27 0 1 1",0,"1 0"
"62","B1","A27",21.0838,2024-02-27 11:38:00,"B",1,"27","1","0",1,"27 0 1 1",7.98819444444444,"1 0"
"63","B1","A27",19.6126,2024-02-28 10:59:00,"B",1,"27","1","0",1,"27 0 1 1",8.96111111111111,"1 0"
"64","B1","A27",64.272,2024-02-22 11:30:00,"B",1,"27","1","0",1,"27 0 1 1",2.98263888888889,"1 0"
"65","B1","A27",17.362,2024-03-01 11:59:00,"B",1,"27","1","0",1,"27 0 1 1",11.0027777777778,"1 0"
"66","B1","A27",31.1744,2024-02-25 11:35:00,"B",1,"27","1","0",1,"27 0 1 1",5.98611111111111,"1 0"
"67","B1","A27",23.6238,2024-02-26 11:31:00,"B",1,"27","1","0",1,"27 0 1 1",6.98333333333333,"1 0"
"68","B1","A27",85.6234,2024-02-23 11:31:00,"B",1,"27","1","0",1,"27 0 1 1",3.98333333333333,"1 0"
"69","B1","A27",18.7766,2024-02-29 11:03:00,"B",1,"27","1","0",1,"27 0 1 1",9.96388888888889,"1 0"
"70","B1","A27",54.5306,2024-02-24 11:06:00,"B",1,"27","1","0",1,"27 0 1 1",4.96597222222222,"1 0"
"71","B1","A27",39.176,2024-02-21 11:02:00,"B",1,"27","1","0",1,"27 0 1 1",1.96319444444444,"1 0"
"72","B1","A27",17.2742,2024-02-20 11:03:00,"B",1,"27","1","0",1,"27 0 1 1",0.963888888888889,"1 0"
"73","B1","X13",24.8678,2024-02-19 11:55:00,"B",1,"13","1","1",1,"13 1 1 1",0,"1 1"
"74","B1","X13",97.1968,2024-02-27 11:38:00,"B",1,"13","1","1",1,"13 1 1 1",7.98819444444444,"1 1"
"75","B1","X13",91.6838,2024-02-28 10:59:00,"B",1,"13","1","1",1,"13 1 1 1",8.96111111111111,"1 1"
"76","B1","X13",20.676,2024-02-22 11:30:00,"B",1,"13","1","1",1,"13 1 1 1",2.98263888888889,"1 1"
"77","B1","X13",83.6806,2024-03-01 11:59:00,"B",1,"13","1","1",1,"13 1 1 1",11.0027777777778,"1 1"
"78","B1","X13",78.8618,2024-02-25 11:35:00,"B",1,"13","1","1",1,"13 1 1 1",5.98611111111111,"1 1"
"79","B1","X13",99.3392,2024-02-26 11:31:00,"B",1,"13","1","1",1,"13 1 1 1",6.98333333333333,"1 1"
"80","B1","X13",35.8452,2024-02-23 11:31:00,"B",1,"13","1","1",1,"13 1 1 1",3.98333333333333,"1 1"
"81","B1","X13",85.2288,2024-02-29 11:03:00,"B",1,"13","1","1",1,"13 1 1 1",9.96388888888889,"1 1"
"82","B1","X13",49.8006,2024-02-24 11:06:00,"B",1,"13","1","1",1,"13 1 1 1",4.96597222222222,"1 1"
"83","B1","X13",13.4122,2024-02-21 11:02:00,"B",1,"13","1","1",1,"13 1 1 1",1.96319444444444,"1 1"
"84","B1","X13",9.1312,2024-02-20 11:03:00,"B",1,"13","1","1",1,"13 1 1 1",0.963888888888889,"1 1"
"85","B1","X20",27.88,2024-02-19 11:55:00,"B",1,"20","1","1",1,"20 1 1 1",0,"1 1"
"86","B1","X20",150.7162,2024-02-27 11:38:00,"B",1,"20","1","1",1,"20 1 1 1",7.98819444444444,"1 1"
"87","B1","X20",113.3366,2024-02-28 10:59:00,"B",1,"20","1","1",1,"20 1 1 1",8.96111111111111,"1 1"
"88","B1","X20",110.7348,2024-02-22 11:30:00,"B",1,"20","1","1",1,"20 1 1 1",2.98263888888889,"1 1"
"89","B1","X20",69.7622,2024-03-01 11:59:00,"B",1,"20","1","1",1,"20 1 1 1",11.0027777777778,"1 1"
"90","B1","X20",137.7102,2024-02-25 11:35:00,"B",1,"20","1","1",1,"20 1 1 1",5.98611111111111,"1 1"
"91","B1","X20",136.0244,2024-02-26 11:31:00,"B",1,"20","1","1",1,"20 1 1 1",6.98333333333333,"1 1"
"92","B1","X20",162.4044,2024-02-23 11:31:00,"B",1,"20","1","1",1,"20 1 1 1",3.98333333333333,"1 1"
"93","B1","X20",91.8976,2024-02-29 11:03:00,"B",1,"20","1","1",1,"20 1 1 1",9.96388888888889,"1 1"
"94","B1","X20",131.5622,2024-02-24 11:06:00,"B",1,"20","1","1",1,"20 1 1 1",4.96597222222222,"1 1"
"95","B1","X20",73.7054,2024-02-21 11:02:00,"B",1,"20","1","1",1,"20 1 1 1",1.96319444444444,"1 1"
"96","B1","X20",24.1302,2024-02-20 11:03:00,"B",1,"20","1","1",1,"20 1 1 1",0.963888888888889,"1 1"
"97","B1","X22",32.1666,2024-02-19 11:55:00,"B",1,"22","1","1",1,"22 1 1 1",0,"1 1"
"98","B1","X22",139.7362,2024-02-27 11:38:00,"B",1,"22","1","1",1,"22 1 1 1",7.98819444444444,"1 1"
"99","B1","X22",97.9704,2024-02-28 10:59:00,"B",1,"22","1","1",1,"22 1 1 1",8.96111111111111,"1 1"
"100","B1","X22",139.3288,2024-02-22 11:30:00,"B",1,"22","1","1",1,"22 1 1 1",2.98263888888889,"1 1"
"101","B1","X22",68.0876,2024-03-01 11:59:00,"B",1,"22","1","1",1,"22 1 1 1",11.0027777777778,"1 1"
"102","B1","X22",184.9206,2024-02-25 11:35:00,"B",1,"22","1","1",1,"22 1 1 1",5.98611111111111,"1 1"
"103","B1","X22",148.5014,2024-02-26 11:31:00,"B",1,"22","1","1",1,"22 1 1 1",6.98333333333333,"1 1"
"104","B1","X22",155.2516,2024-02-23 11:31:00,"B",1,"22","1","1",1,"22 1 1 1",3.98333333333333,"1 1"
"105","B1","X22",82.9744,2024-02-29 11:03:00,"B",1,"22","1","1",1,"22 1 1 1",9.96388888888889,"1 1"
"106","B1","X22",112.282,2024-02-24 11:06:00,"B",1,"22","1","1",1,"22 1 1 1",4.96597222222222,"1 1"
"107","B1","X22",96.1892,2024-02-21 11:02:00,"B",1,"22","1","1",1,"22 1 1 1",1.96319444444444,"1 1"
"108","B1","X22",31.3958,2024-02-20 11:03:00,"B",1,"22","1","1",1,"22 1 1 1",0.963888888888889,"1 1"
"109","B1","X25",29.3568,2024-02-19 11:55:00,"B",1,"25","1","1",1,"25 1 1 1",0,"1 1"
"110","B1","X25",93.667,2024-02-27 11:38:00,"B",1,"25","1","1",1,"25 1 1 1",7.98819444444444,"1 1"
"111","B1","X25",82.0078,2024-02-28 10:59:00,"B",1,"25","1","1",1,"25 1 1 1",8.96111111111111,"1 1"
"112","B1","X25",144.232,2024-02-22 11:30:00,"B",1,"25","1","1",1,"25 1 1 1",2.98263888888889,"1 1"
"113","B1","X25",62.644,2024-03-01 11:59:00,"B",1,"25","1","1",1,"25 1 1 1",11.0027777777778,"1 1"
"114","B1","X25",190.408,2024-02-25 11:35:00,"B",1,"25","1","1",1,"25 1 1 1",5.98611111111111,"1 1"
"115","B1","X25",120.2382,2024-02-26 11:31:00,"B",1,"25","1","1",1,"25 1 1 1",6.98333333333333,"1 1"
"116","B1","X25",201.3736,2024-02-23 11:31:00,"B",1,"25","1","1",1,"25 1 1 1",3.98333333333333,"1 1"
"117","B1","X25",75.3202,2024-02-29 11:03:00,"B",1,"25","1","1",1,"25 1 1 1",9.96388888888889,"1 1"
"118","B1","X25",199.6576,2024-02-24 11:06:00,"B",1,"25","1","1",1,"25 1 1 1",4.96597222222222,"1 1"
"119","B1","X25",92.0552,2024-02-21 11:02:00,"B",1,"25","1","1",1,"25 1 1 1",1.96319444444444,"1 1"
"120","B1","X25",32.5116,2024-02-20 11:03:00,"B",1,"25","1","1",1,"25 1 1 1",0.963888888888889,"1 1"
"121","B1","X27",25.1974,2024-02-19 11:55:00,"B",1,"27","1","1",1,"27 1 1 1",0,"1 1"
"122","B1","X27",133.7606,2024-02-27 11:38:00,"B",1,"27","1","1",1,"27 1 1 1",7.98819444444444,"1 1"
"123","B1","X27",89.4886,2024-02-28 10:59:00,"B",1,"27","1","1",1,"27 1 1 1",8.96111111111111,"1 1"
"124","B1","X27",95.5706,2024-02-22 11:30:00,"B",1,"27","1","1",1,"27 1 1 1",2.98263888888889,"1 1"
"125","B1","X27",69.2416,2024-03-01 11:59:00,"B",1,"27","1","1",1,"27 1 1 1",11.0027777777778,"1 1"
"126","B1","X27",176.1954,2024-02-25 11:35:00,"B",1,"27","1","1",1,"27 1 1 1",5.98611111111111,"1 1"
"127","B1","X27",158.0202,2024-02-26 11:31:00,"B",1,"27","1","1",1,"27 1 1 1",6.98333333333333,"1 1"
"128","B1","X27",119.092,2024-02-23 11:31:00,"B",1,"27","1","1",1,"27 1 1 1",3.98333333333333,"1 1"
"129","B1","X27",77.5696,2024-02-29 11:03:00,"B",1,"27","1","1",1,"27 1 1 1",9.96388888888889,"1 1"
"130","B1","X27",165.5352,2024-02-24 11:06:00,"B",1,"27","1","1",1,"27 1 1 1",4.96597222222222,"1 1"
"131","B1","X27",53.0608,2024-02-21 11:02:00,"B",1,"27","1","1",1,"27 1 1 1",1.96319444444444,"1 1"
"132","B1","X27",22.5734,2024-02-20 11:03:00,"B",1,"27","1","1",1,"27 1 1 1",0.963888888888889,"1 1"
"133","B2","A12",32.884,2024-02-27 11:38:00,"B",2,"12","1","0",2,"12 0 1 2",7.98819444444444,"1 0"
"134","B2","A12",22.2092,2024-02-23 11:31:00,"B",2,"12","1","0",2,"12 0 1 2",3.98333333333333,"1 0"
"135","B2","A12",13.881,2024-02-22 11:30:00,"B",2,"12","1","0",2,"12 0 1 2",2.98263888888889,"1 0"
"136","B2","A12",19.7716,2024-02-19 11:55:00,"B",2,"12","1","0",2,"12 0 1 2",0,"1 0"
"137","B2","A12",9.3578,2024-02-20 11:03:00,"B",2,"12","1","0",2,"12 0 1 2",0.963888888888889,"1 0"
"138","B2","A12",28.579,2024-02-28 10:59:00,"B",2,"12","1","0",2,"12 0 1 2",8.96111111111111,"1 0"
"139","B2","A12",36.5764,2024-02-26 11:31:00,"B",2,"12","1","0",2,"12 0 1 2",6.98333333333333,"1 0"
"140","B2","A12",27.5472,2024-02-24 11:06:00,"B",2,"12","1","0",2,"12 0 1 2",4.96597222222222,"1 0"
"141","B2","A12",25.6842,2024-03-01 11:59:00,"B",2,"12","1","0",2,"12 0 1 2",11.0027777777778,"1 0"
"142","B2","A12",10.429,2024-02-21 11:02:00,"B",2,"12","1","0",2,"12 0 1 2",1.96319444444444,"1 0"
"143","B2","A12",29.742,2024-02-29 11:03:00,"B",2,"12","1","0",2,"12 0 1 2",9.96388888888889,"1 0"
"144","B2","A12",35.567,2024-02-25 11:35:00,"B",2,"12","1","0",2,"12 0 1 2",5.98611111111111,"1 0"
"145","B2","A16",56.7406,2024-02-27 11:38:00,"B",2,"16","1","0",2,"16 0 1 2",7.98819444444444,"1 0"
"146","B2","A16",76.8356,2024-02-23 11:31:00,"B",2,"16","1","0",2,"16 0 1 2",3.98333333333333,"1 0"
"147","B2","A16",48.3134,2024-02-22 11:30:00,"B",2,"16","1","0",2,"16 0 1 2",2.98263888888889,"1 0"
"148","B2","A16",24.8534,2024-02-19 11:55:00,"B",2,"16","1","0",2,"16 0 1 2",0,"1 0"
"149","B2","A16",15.5434,2024-02-20 11:03:00,"B",2,"16","1","0",2,"16 0 1 2",0.963888888888889,"1 0"
"150","B2","A16",47.324,2024-02-28 10:59:00,"B",2,"16","1","0",2,"16 0 1 2",8.96111111111111,"1 0"
"151","B2","A16",75.3128,2024-02-26 11:31:00,"B",2,"16","1","0",2,"16 0 1 2",6.98333333333333,"1 0"
"152","B2","A16",88.0632,2024-02-24 11:06:00,"B",2,"16","1","0",2,"16 0 1 2",4.96597222222222,"1 0"
"153","B2","A16",36.7276,2024-03-01 11:59:00,"B",2,"16","1","0",2,"16 0 1 2",11.0027777777778,"1 0"
"154","B2","A16",28.6312,2024-02-21 11:02:00,"B",2,"16","1","0",2,"16 0 1 2",1.96319444444444,"1 0"
"155","B2","A16",41.4442,2024-02-29 11:03:00,"B",2,"16","1","0",2,"16 0 1 2",9.96388888888889,"1 0"
"156","B2","A16",81.2302,2024-02-25 11:35:00,"B",2,"16","1","0",2,"16 0 1 2",5.98611111111111,"1 0"
"157","B2","A19",47.1254,2024-02-27 11:38:00,"B",2,"19","1","0",2,"19 0 1 2",7.98819444444444,"1 0"
"158","B2","A19",101.5988,2024-02-23 11:31:00,"B",2,"19","1","0",2,"19 0 1 2",3.98333333333333,"1 0"
"159","B2","A19",71.509,2024-02-22 11:30:00,"B",2,"19","1","0",2,"19 0 1 2",2.98263888888889,"1 0"
"160","B2","A19",23.954,2024-02-19 11:55:00,"B",2,"19","1","0",2,"19 0 1 2",0,"1 0"
"161","B2","A19",19.5022,2024-02-20 11:03:00,"B",2,"19","1","0",2,"19 0 1 2",0.963888888888889,"1 0"
"162","B2","A19",37.653,2024-02-28 10:59:00,"B",2,"19","1","0",2,"19 0 1 2",8.96111111111111,"1 0"
"163","B2","A19",56.4634,2024-02-26 11:31:00,"B",2,"19","1","0",2,"19 0 1 2",6.98333333333333,"1 0"
"164","B2","A19",85.5356,2024-02-24 11:06:00,"B",2,"19","1","0",2,"19 0 1 2",4.96597222222222,"1 0"
"165","B2","A19",34.4656,2024-03-01 11:59:00,"B",2,"19","1","0",2,"19 0 1 2",11.0027777777778,"1 0"
"166","B2","A19",43.086,2024-02-21 11:02:00,"B",2,"19","1","0",2,"19 0 1 2",1.96319444444444,"1 0"
"167","B2","A19",32.1472,2024-02-29 11:03:00,"B",2,"19","1","0",2,"19 0 1 2",9.96388888888889,"1 0"
"168","B2","A19",79.6686,2024-02-25 11:35:00,"B",2,"19","1","0",2,"19 0 1 2",5.98611111111111,"1 0"
"169","B2","A22",41.0848,2024-02-27 11:38:00,"B",2,"22","1","0",2,"22 0 1 2",7.98819444444444,"1 0"
"170","B2","A22",128.8848,2024-02-23 11:31:00,"B",2,"22","1","0",2,"22 0 1 2",3.98333333333333,"1 0"
"171","B2","A22",105.9916,2024-02-22 11:30:00,"B",2,"22","1","0",2,"22 0 1 2",2.98263888888889,"1 0"
"172","B2","A22",26.455,2024-02-19 11:55:00,"B",2,"22","1","0",2,"22 0 1 2",0,"1 0"
"173","B2","A22",25.5624,2024-02-20 11:03:00,"B",2,"22","1","0",2,"22 0 1 2",0.963888888888889,"1 0"
"174","B2","A22",34.501,2024-02-28 10:59:00,"B",2,"22","1","0",2,"22 0 1 2",8.96111111111111,"1 0"
"175","B2","A22",52.6494,2024-02-26 11:31:00,"B",2,"22","1","0",2,"22 0 1 2",6.98333333333333,"1 0"
"176","B2","A22",104.6992,2024-02-24 11:06:00,"B",2,"22","1","0",2,"22 0 1 2",4.96597222222222,"1 0"
"177","B2","A22",27.0452,2024-03-01 11:59:00,"B",2,"22","1","0",2,"22 0 1 2",11.0027777777778,"1 0"
"178","B2","A22",71.9698,2024-02-21 11:02:00,"B",2,"22","1","0",2,"22 0 1 2",1.96319444444444,"1 0"
"179","B2","A22",30.319,2024-02-29 11:03:00,"B",2,"22","1","0",2,"22 0 1 2",9.96388888888889,"1 0"
"180","B2","A22",72.581,2024-02-25 11:35:00,"B",2,"22","1","0",2,"22 0 1 2",5.98611111111111,"1 0"
"181","B2","A25",27.3302,2024-02-27 11:38:00,"B",2,"25","1","0",2,"25 0 1 2",7.98819444444444,"1 0"
"182","B2","A25",111.3022,2024-02-23 11:31:00,"B",2,"25","1","0",2,"25 0 1 2",3.98333333333333,"1 0"
"183","B2","A25",108.6438,2024-02-22 11:30:00,"B",2,"25","1","0",2,"25 0 1 2",2.98263888888889,"1 0"
"184","B2","A25",22.6306,2024-02-19 11:55:00,"B",2,"25","1","0",2,"25 0 1 2",0,"1 0"
"185","B2","A25",24.6686,2024-02-20 11:03:00,"B",2,"25","1","0",2,"25 0 1 2",0.963888888888889,"1 0"
"186","B2","A25",24.317,2024-02-28 10:59:00,"B",2,"25","1","0",2,"25 0 1 2",8.96111111111111,"1 0"
"187","B2","A25",33.2136,2024-02-26 11:31:00,"B",2,"25","1","0",2,"25 0 1 2",6.98333333333333,"1 0"
"188","B2","A25",65.7564,2024-02-24 11:06:00,"B",2,"25","1","0",2,"25 0 1 2",4.96597222222222,"1 0"
"189","B2","A25",18.8216,2024-03-01 11:59:00,"B",2,"25","1","0",2,"25 0 1 2",11.0027777777778,"1 0"
"190","B2","A25",55.3188,2024-02-21 11:02:00,"B",2,"25","1","0",2,"25 0 1 2",1.96319444444444,"1 0"
"191","B2","A25",20.9896,2024-02-29 11:03:00,"B",2,"25","1","0",2,"25 0 1 2",9.96388888888889,"1 0"
"192","B2","A25",47.2582,2024-02-25 11:35:00,"B",2,"25","1","0",2,"25 0 1 2",5.98611111111111,"1 0"
"193","B2","A27",20.8104,2024-02-27 11:38:00,"B",2,"27","1","0",2,"27 0 1 2",7.98819444444444,"1 0"
"194","B2","A27",85.1328,2024-02-23 11:31:00,"B",2,"27","1","0",2,"27 0 1 2",3.98333333333333,"1 0"
"195","B2","A27",63.25,2024-02-22 11:30:00,"B",2,"27","1","0",2,"27 0 1 2",2.98263888888889,"1 0"
"196","B2","A27",17.5664,2024-02-19 11:55:00,"B",2,"27","1","0",2,"27 0 1 2",0,"1 0"
"197","B2","A27",18.409,2024-02-20 11:03:00,"B",2,"27","1","0",2,"27 0 1 2",0.963888888888889,"1 0"
"198","B2","A27",18.6202,2024-02-28 10:59:00,"B",2,"27","1","0",2,"27 0 1 2",8.96111111111111,"1 0"
"199","B2","A27",25.3446,2024-02-26 11:31:00,"B",2,"27","1","0",2,"27 0 1 2",6.98333333333333,"1 0"
"200","B2","A27",61.8944,2024-02-24 11:06:00,"B",2,"27","1","0",2,"27 0 1 2",4.96597222222222,"1 0"
"201","B2","A27",16.0502,2024-03-01 11:59:00,"B",2,"27","1","0",2,"27 0 1 2",11.0027777777778,"1 0"
"202","B2","A27",39.4012,2024-02-21 11:02:00,"B",2,"27","1","0",2,"27 0 1 2",1.96319444444444,"1 0"
"203","B2","A27",17.3788,2024-02-29 11:03:00,"B",2,"27","1","0",2,"27 0 1 2",9.96388888888889,"1 0"
"204","B2","A27",37.029,2024-02-25 11:35:00,"B",2,"27","1","0",2,"27 0 1 2",5.98611111111111,"1 0"
"205","B2","X13",113.4964,2024-02-27 11:38:00,"B",2,"13","1","1",2,"13 1 1 2",7.98819444444444,"1 1"
"206","B2","X13",48.823,2024-02-23 11:31:00,"B",2,"13","1","1",2,"13 1 1 2",3.98333333333333,"1 1"
"207","B2","X13",29.6896,2024-02-22 11:30:00,"B",2,"13","1","1",2,"13 1 1 2",2.98263888888889,"1 1"
"208","B2","X13",25.4,2024-02-19 11:55:00,"B",2,"13","1","1",2,"13 1 1 2",0,"1 1"
"209","B2","X13",12.418,2024-02-20 11:03:00,"B",2,"13","1","1",2,"13 1 1 2",0.963888888888889,"1 1"
"210","B2","X13",97.6418,2024-02-28 10:59:00,"B",2,"13","1","1",2,"13 1 1 2",8.96111111111111,"1 1"
"211","B2","X13",120.037,2024-02-26 11:31:00,"B",2,"13","1","1",2,"13 1 1 2",6.98333333333333,"1 1"
"212","B2","X13",63.2634,2024-02-24 11:06:00,"B",2,"13","1","1",2,"13 1 1 2",4.96597222222222,"1 1"
"213","B2","X13",83.3976,2024-03-01 11:59:00,"B",2,"13","1","1",2,"13 1 1 2",11.0027777777778,"1 1"
"214","B2","X13",23.0042,2024-02-21 11:02:00,"B",2,"13","1","1",2,"13 1 1 2",1.96319444444444,"1 1"
"215","B2","X13",85.3228,2024-02-29 11:03:00,"B",2,"13","1","1",2,"13 1 1 2",9.96388888888889,"1 1"
"216","B2","X13",110.6446,2024-02-25 11:35:00,"B",2,"13","1","1",2,"13 1 1 2",5.98611111111111,"1 1"
"217","B2","X20",133.0252,2024-02-27 11:38:00,"B",2,"20","1","1",2,"20 1 1 2",7.98819444444444,"1 1"
"218","B2","X20",131.9996,2024-02-23 11:31:00,"B",2,"20","1","1",2,"20 1 1 2",3.98333333333333,"1 1"
"219","B2","X20",110.6932,2024-02-22 11:30:00,"B",2,"20","1","1",2,"20 1 1 2",2.98263888888889,"1 1"
"220","B2","X20",25.083,2024-02-19 11:55:00,"B",2,"20","1","1",2,"20 1 1 2",0,"1 1"
"221","B2","X20",19.7884,2024-02-20 11:03:00,"B",2,"20","1","1",2,"20 1 1 2",0.963888888888889,"1 1"
"222","B2","X20",98.1386,2024-02-28 10:59:00,"B",2,"20","1","1",2,"20 1 1 2",8.96111111111111,"1 1"
"223","B2","X20",122.7432,2024-02-26 11:31:00,"B",2,"20","1","1",2,"20 1 1 2",6.98333333333333,"1 1"
"224","B2","X20",126.0298,2024-02-24 11:06:00,"B",2,"20","1","1",2,"20 1 1 2",4.96597222222222,"1 1"
"225","B2","X20",62.7306,2024-03-01 11:59:00,"B",2,"20","1","1",2,"20 1 1 2",11.0027777777778,"1 1"
"226","B2","X20",65.842,2024-02-21 11:02:00,"B",2,"20","1","1",2,"20 1 1 2",1.96319444444444,"1 1"
"227","B2","X20",81.954,2024-02-29 11:03:00,"B",2,"20","1","1",2,"20 1 1 2",9.96388888888889,"1 1"
"228","B2","X20",133.629,2024-02-25 11:35:00,"B",2,"20","1","1",2,"20 1 1 2",5.98611111111111,"1 1"
"229","B2","X22",135.8758,2024-02-27 11:38:00,"B",2,"22","1","1",2,"22 1 1 2",7.98819444444444,"1 1"
"230","B2","X22",157.5922,2024-02-23 11:31:00,"B",2,"22","1","1",2,"22 1 1 2",3.98333333333333,"1 1"
"231","B2","X22",139.7424,2024-02-22 11:30:00,"B",2,"22","1","1",2,"22 1 1 2",2.98263888888889,"1 1"
"232","B2","X22",30.122,2024-02-19 11:55:00,"B",2,"22","1","1",2,"22 1 1 2",0,"1 1"
"233","B2","X22",29.2588,2024-02-20 11:03:00,"B",2,"22","1","1",2,"22 1 1 2",0.963888888888889,"1 1"
"234","B2","X22",96.8462,2024-02-28 10:59:00,"B",2,"22","1","1",2,"22 1 1 2",8.96111111111111,"1 1"
"235","B2","X22",154.303,2024-02-26 11:31:00,"B",2,"22","1","1",2,"22 1 1 2",6.98333333333333,"1 1"
"236","B2","X22",114.2944,2024-02-24 11:06:00,"B",2,"22","1","1",2,"22 1 1 2",4.96597222222222,"1 1"
"237","B2","X22",66.9546,2024-03-01 11:59:00,"B",2,"22","1","1",2,"22 1 1 2",11.0027777777778,"1 1"
"238","B2","X22",90.2428,2024-02-21 11:02:00,"B",2,"22","1","1",2,"22 1 1 2",1.96319444444444,"1 1"
"239","B2","X22",83.4392,2024-02-29 11:03:00,"B",2,"22","1","1",2,"22 1 1 2",9.96388888888889,"1 1"
"240","B2","X22",175.7468,2024-02-25 11:35:00,"B",2,"22","1","1",2,"22 1 1 2",5.98611111111111,"1 1"
"241","B2","X25",87.436,2024-02-27 11:38:00,"B",2,"25","1","1",2,"25 1 1 2",7.98819444444444,"1 1"
"242","B2","X25",191.636,2024-02-23 11:31:00,"B",2,"25","1","1",2,"25 1 1 2",3.98333333333333,"1 1"
"243","B2","X25",148.8258,2024-02-22 11:30:00,"B",2,"25","1","1",2,"25 1 1 2",2.98263888888889,"1 1"
"244","B2","X25",29.7102,2024-02-19 11:55:00,"B",2,"25","1","1",2,"25 1 1 2",0,"1 1"
"245","B2","X25",32.886,2024-02-20 11:03:00,"B",2,"25","1","1",2,"25 1 1 2",0.963888888888889,"1 1"
"246","B2","X25",74.2022,2024-02-28 10:59:00,"B",2,"25","1","1",2,"25 1 1 2",8.96111111111111,"1 1"
"247","B2","X25",117.3228,2024-02-26 11:31:00,"B",2,"25","1","1",2,"25 1 1 2",6.98333333333333,"1 1"
"248","B2","X25",184.6054,2024-02-24 11:06:00,"B",2,"25","1","1",2,"25 1 1 2",4.96597222222222,"1 1"
"249","B2","X25",56.1364,2024-03-01 11:59:00,"B",2,"25","1","1",2,"25 1 1 2",11.0027777777778,"1 1"
"250","B2","X25",93.0986,2024-02-21 11:02:00,"B",2,"25","1","1",2,"25 1 1 2",1.96319444444444,"1 1"
"251","B2","X25",67.6992,2024-02-29 11:03:00,"B",2,"25","1","1",2,"25 1 1 2",9.96388888888889,"1 1"
"252","B2","X25",190.5354,2024-02-25 11:35:00,"B",2,"25","1","1",2,"25 1 1 2",5.98611111111111,"1 1"
"253","B2","X27",118.2984,2024-02-27 11:38:00,"B",2,"27","1","1",2,"27 1 1 2",7.98819444444444,"1 1"
"254","B2","X27",113.8176,2024-02-23 11:31:00,"B",2,"27","1","1",2,"27 1 1 2",3.98333333333333,"1 1"
"255","B2","X27",83.2876,2024-02-22 11:30:00,"B",2,"27","1","1",2,"27 1 1 2",2.98263888888889,"1 1"
"256","B2","X27",25.4558,2024-02-19 11:55:00,"B",2,"27","1","1",2,"27 1 1 2",0,"1 1"
"257","B2","X27",19.5774,2024-02-20 11:03:00,"B",2,"27","1","1",2,"27 1 1 2",0.963888888888889,"1 1"
"258","B2","X27",86.168,2024-02-28 10:59:00,"B",2,"27","1","1",2,"27 1 1 2",8.96111111111111,"1 1"
"259","B2","X27",142.1388,2024-02-26 11:31:00,"B",2,"27","1","1",2,"27 1 1 2",6.98333333333333,"1 1"
"260","B2","X27",148.9406,2024-02-24 11:06:00,"B",2,"27","1","1",2,"27 1 1 2",4.96597222222222,"1 1"
"261","B2","X27",66.7128,2024-03-01 11:59:00,"B",2,"27","1","1",2,"27 1 1 2",11.0027777777778,"1 1"
"262","B2","X27",46.1942,2024-02-21 11:02:00,"B",2,"27","1","1",2,"27 1 1 2",1.96319444444444,"1 1"
"263","B2","X27",74.7042,2024-02-29 11:03:00,"B",2,"27","1","1",2,"27 1 1 2",9.96388888888889,"1 1"
"264","B2","X27",163.5052,2024-02-25 11:35:00,"B",2,"27","1","1",2,"27 1 1 2",5.98611111111111,"1 1"
"265","B3","A12",20.8436,2024-02-22 11:30:00,"B",3,"12","1","0",3,"12 0 1 3",2.98263888888889,"1 0"
"266","B3","A12",21.6776,2024-02-19 11:55:00,"B",3,"12","1","0",3,"12 0 1 3",0,"1 0"
"267","B3","A12",34.4136,2024-02-28 10:59:00,"B",3,"12","1","0",3,"12 0 1 3",8.96111111111111,"1 0"
"268","B3","A12",42.278,2024-02-26 11:31:00,"B",3,"12","1","0",3,"12 0 1 3",6.98333333333333,"1 0"
"269","B3","A12",38.2598,2024-02-24 11:06:00,"B",3,"12","1","0",3,"12 0 1 3",4.96597222222222,"1 0"
"270","B3","A12",32.6406,2024-02-23 11:31:00,"B",3,"12","1","0",3,"12 0 1 3",3.98333333333333,"1 0"
"271","B3","A12",14.4848,2024-02-21 11:02:00,"B",3,"12","1","0",3,"12 0 1 3",1.96319444444444,"1 0"
"272","B3","A12",48.7096,2024-02-25 11:35:00,"B",3,"12","1","0",3,"12 0 1 3",5.98611111111111,"1 0"
"273","B3","A12",30.1832,2024-03-01 11:59:00,"B",3,"12","1","0",3,"12 0 1 3",11.0027777777778,"1 0"
"274","B3","A12",33.9572,2024-02-29 11:03:00,"B",3,"12","1","0",3,"12 0 1 3",9.96388888888889,"1 0"
"275","B3","A12",39.212,2024-02-27 11:38:00,"B",3,"12","1","0",3,"12 0 1 3",7.98819444444444,"1 0"
"276","B3","A12",11.2482,2024-02-20 11:03:00,"B",3,"12","1","0",3,"12 0 1 3",0.963888888888889,"1 0"
"277","B3","A16",57.501,2024-02-22 11:30:00,"B",3,"16","1","0",3,"16 0 1 3",2.98263888888889,"1 0"
"278","B3","A16",24.9538,2024-02-19 11:55:00,"B",3,"16","1","0",3,"16 0 1 3",0,"1 0"
"279","B3","A16",51.4,2024-02-28 10:59:00,"B",3,"16","1","0",3,"16 0 1 3",8.96111111111111,"1 0"
"280","B3","A16",75.6798,2024-02-26 11:31:00,"B",3,"16","1","0",3,"16 0 1 3",6.98333333333333,"1 0"
"281","B3","A16",95.3716,2024-02-24 11:06:00,"B",3,"16","1","0",3,"16 0 1 3",4.96597222222222,"1 0"
"282","B3","A16",91.8162,2024-02-23 11:31:00,"B",3,"16","1","0",3,"16 0 1 3",3.98333333333333,"1 0"
"283","B3","A16",35.212,2024-02-21 11:02:00,"B",3,"16","1","0",3,"16 0 1 3",1.96319444444444,"1 0"
"284","B3","A16",85.2982,2024-02-25 11:35:00,"B",3,"16","1","0",3,"16 0 1 3",5.98611111111111,"1 0"
"285","B3","A16",41.3912,2024-03-01 11:59:00,"B",3,"16","1","0",3,"16 0 1 3",11.0027777777778,"1 0"
"286","B3","A16",47.0058,2024-02-29 11:03:00,"B",3,"16","1","0",3,"16 0 1 3",9.96388888888889,"1 0"
"287","B3","A16",61.527,2024-02-27 11:38:00,"B",3,"16","1","0",3,"16 0 1 3",7.98819444444444,"1 0"
"288","B3","A16",17.8348,2024-02-20 11:03:00,"B",3,"16","1","0",3,"16 0 1 3",0.963888888888889,"1 0"
"289","B3","A19",83.6978,2024-02-22 11:30:00,"B",3,"19","1","0",3,"19 0 1 3",2.98263888888889,"1 0"
"290","B3","A19",22.5372,2024-02-19 11:55:00,"B",3,"19","1","0",3,"19 0 1 3",0,"1 0"
"291","B3","A19",41.803,2024-02-28 10:59:00,"B",3,"19","1","0",3,"19 0 1 3",8.96111111111111,"1 0"
"292","B3","A19",60.9206,2024-02-26 11:31:00,"B",3,"19","1","0",3,"19 0 1 3",6.98333333333333,"1 0"
"293","B3","A19",92.2232,2024-02-24 11:06:00,"B",3,"19","1","0",3,"19 0 1 3",4.96597222222222,"1 0"
"294","B3","A19",109.3924,2024-02-23 11:31:00,"B",3,"19","1","0",3,"19 0 1 3",3.98333333333333,"1 0"
"295","B3","A19",47.3904,2024-02-21 11:02:00,"B",3,"19","1","0",3,"19 0 1 3",1.96319444444444,"1 0"
"296","B3","A19",86.4786,2024-02-25 11:35:00,"B",3,"19","1","0",3,"19 0 1 3",5.98611111111111,"1 0"
"297","B3","A19",41.124,2024-03-01 11:59:00,"B",3,"19","1","0",3,"19 0 1 3",11.0027777777778,"1 0"
"298","B3","A19",37.4534,2024-02-29 11:03:00,"B",3,"19","1","0",3,"19 0 1 3",9.96388888888889,"1 0"
"299","B3","A19",51.0576,2024-02-27 11:38:00,"B",3,"19","1","0",3,"19 0 1 3",7.98819444444444,"1 0"
"300","B3","A19",19.6418,2024-02-20 11:03:00,"B",3,"19","1","0",3,"19 0 1 3",0.963888888888889,"1 0"
"301","B3","A22",132.0186,2024-02-22 11:30:00,"B",3,"22","1","0",3,"22 0 1 3",2.98263888888889,"1 0"
"302","B3","A22",25.1642,2024-02-19 11:55:00,"B",3,"22","1","0",3,"22 0 1 3",0,"1 0"
"303","B3","A22",36.4854,2024-02-28 10:59:00,"B",3,"22","1","0",3,"22 0 1 3",8.96111111111111,"1 0"
"304","B3","A22",54.779,2024-02-26 11:31:00,"B",3,"22","1","0",3,"22 0 1 3",6.98333333333333,"1 0"
"305","B3","A22",110.1264,2024-02-24 11:06:00,"B",3,"22","1","0",3,"22 0 1 3",4.96597222222222,"1 0"
"306","B3","A22",139.08,2024-02-23 11:31:00,"B",3,"22","1","0",3,"22 0 1 3",3.98333333333333,"1 0"
"307","B3","A22",67.6738,2024-02-21 11:02:00,"B",3,"22","1","0",3,"22 0 1 3",1.96319444444444,"1 0"
"308","B3","A22",76.6108,2024-02-25 11:35:00,"B",3,"22","1","0",3,"22 0 1 3",5.98611111111111,"1 0"
"309","B3","A22",28.8684,2024-03-01 11:59:00,"B",3,"22","1","0",3,"22 0 1 3",11.0027777777778,"1 0"
"310","B3","A22",32.1308,2024-02-29 11:03:00,"B",3,"22","1","0",3,"22 0 1 3",9.96388888888889,"1 0"
"311","B3","A22",43.3268,2024-02-27 11:38:00,"B",3,"22","1","0",3,"22 0 1 3",7.98819444444444,"1 0"
"312","B3","A22",26.0766,2024-02-20 11:03:00,"B",3,"22","1","0",3,"22 0 1 3",0.963888888888889,"1 0"
"313","B3","A25",113.4638,2024-02-22 11:30:00,"B",3,"25","1","0",3,"25 0 1 3",2.98263888888889,"1 0"
"314","B3","A25",24.1614,2024-02-19 11:55:00,"B",3,"25","1","0",3,"25 0 1 3",0,"1 0"
"315","B3","A25",26.6616,2024-02-28 10:59:00,"B",3,"25","1","0",3,"25 0 1 3",8.96111111111111,"1 0"
"316","B3","A25",36.349,2024-02-26 11:31:00,"B",3,"25","1","0",3,"25 0 1 3",6.98333333333333,"1 0"
"317","B3","A25",69.6996,2024-02-24 11:06:00,"B",3,"25","1","0",3,"25 0 1 3",4.96597222222222,"1 0"
"318","B3","A25",120.2264,2024-02-23 11:31:00,"B",3,"25","1","0",3,"25 0 1 3",3.98333333333333,"1 0"
"319","B3","A25",62.8042,2024-02-21 11:02:00,"B",3,"25","1","0",3,"25 0 1 3",1.96319444444444,"1 0"
"320","B3","A25",50.6156,2024-02-25 11:35:00,"B",3,"25","1","0",3,"25 0 1 3",5.98611111111111,"1 0"
"321","B3","A25",20.4252,2024-03-01 11:59:00,"B",3,"25","1","0",3,"25 0 1 3",11.0027777777778,"1 0"
"322","B3","A25",23.3896,2024-02-29 11:03:00,"B",3,"25","1","0",3,"25 0 1 3",9.96388888888889,"1 0"
"323","B3","A25",29.97,2024-02-27 11:38:00,"B",3,"25","1","0",3,"25 0 1 3",7.98819444444444,"1 0"
"324","B3","A25",27.8668,2024-02-20 11:03:00,"B",3,"25","1","0",3,"25 0 1 3",0.963888888888889,"1 0"
"325","B3","A27",59.87,2024-02-22 11:30:00,"B",3,"27","1","0",3,"27 0 1 3",2.98263888888889,"1 0"
"326","B3","A27",17.654,2024-02-19 11:55:00,"B",3,"27","1","0",3,"27 0 1 3",0,"1 0"
"327","B3","A27",18.2344,2024-02-28 10:59:00,"B",3,"27","1","0",3,"27 0 1 3",8.96111111111111,"1 0"
"328","B3","A27",25.7894,2024-02-26 11:31:00,"B",3,"27","1","0",3,"27 0 1 3",6.98333333333333,"1 0"
"329","B3","A27",63.9284,2024-02-24 11:06:00,"B",3,"27","1","0",3,"27 0 1 3",4.96597222222222,"1 0"
"330","B3","A27",79.7372,2024-02-23 11:31:00,"B",3,"27","1","0",3,"27 0 1 3",3.98333333333333,"1 0"
"331","B3","A27",37.3756,2024-02-21 11:02:00,"B",3,"27","1","0",3,"27 0 1 3",1.96319444444444,"1 0"
"332","B3","A27",39.7262,2024-02-25 11:35:00,"B",3,"27","1","0",3,"27 0 1 3",5.98611111111111,"1 0"
"333","B3","A27",14.9732,2024-03-01 11:59:00,"B",3,"27","1","0",3,"27 0 1 3",11.0027777777778,"1 0"
"334","B3","A27",16.6218,2024-02-29 11:03:00,"B",3,"27","1","0",3,"27 0 1 3",9.96388888888889,"1 0"
"335","B3","A27",20.8744,2024-02-27 11:38:00,"B",3,"27","1","0",3,"27 0 1 3",7.98819444444444,"1 0"
"336","B3","A27",18.4112,2024-02-20 11:03:00,"B",3,"27","1","0",3,"27 0 1 3",0.963888888888889,"1 0"
"337","B3","X13",38.2972,2024-02-22 11:30:00,"B",3,"13","1","1",3,"13 1 1 3",2.98263888888889,"1 1"
"338","B3","X13",24.8062,2024-02-19 11:55:00,"B",3,"13","1","1",3,"13 1 1 3",0,"1 1"
"339","B3","X13",95.9644,2024-02-28 10:59:00,"B",3,"13","1","1",3,"13 1 1 3",8.96111111111111,"1 1"
"340","B3","X13",118.8666,2024-02-26 11:31:00,"B",3,"13","1","1",3,"13 1 1 3",6.98333333333333,"1 1"
"341","B3","X13",84.0602,2024-02-24 11:06:00,"B",3,"13","1","1",3,"13 1 1 3",4.96597222222222,"1 1"
"342","B3","X13",61.8596,2024-02-23 11:31:00,"B",3,"13","1","1",3,"13 1 1 3",3.98333333333333,"1 1"
"343","B3","X13",23.6764,2024-02-21 11:02:00,"B",3,"13","1","1",3,"13 1 1 3",1.96319444444444,"1 1"
"344","B3","X13",121.3916,2024-02-25 11:35:00,"B",3,"13","1","1",3,"13 1 1 3",5.98611111111111,"1 1"
"345","B3","X13",78.9958,2024-03-01 11:59:00,"B",3,"13","1","1",3,"13 1 1 3",11.0027777777778,"1 1"
"346","B3","X13",82.8796,2024-02-29 11:03:00,"B",3,"13","1","1",3,"13 1 1 3",9.96388888888889,"1 1"
"347","B3","X13",111.3488,2024-02-27 11:38:00,"B",3,"13","1","1",3,"13 1 1 3",7.98819444444444,"1 1"
"348","B3","X13",15.5182,2024-02-20 11:03:00,"B",3,"13","1","1",3,"13 1 1 3",0.963888888888889,"1 1"
"349","B3","X20",110.3212,2024-02-22 11:30:00,"B",3,"20","1","1",3,"20 1 1 3",2.98263888888889,"1 1"
"350","B3","X20",28.8682,2024-02-19 11:55:00,"B",3,"20","1","1",3,"20 1 1 3",0,"1 1"
"351","B3","X20",112.3584,2024-02-28 10:59:00,"B",3,"20","1","1",3,"20 1 1 3",8.96111111111111,"1 1"
"352","B3","X20",143.1412,2024-02-26 11:31:00,"B",3,"20","1","1",3,"20 1 1 3",6.98333333333333,"1 1"
"353","B3","X20",143.0922,2024-02-24 11:06:00,"B",3,"20","1","1",3,"20 1 1 3",4.96597222222222,"1 1"
"354","B3","X20",153.3284,2024-02-23 11:31:00,"B",3,"20","1","1",3,"20 1 1 3",3.98333333333333,"1 1"
"355","B3","X20",79.5388,2024-02-21 11:02:00,"B",3,"20","1","1",3,"20 1 1 3",1.96319444444444,"1 1"
"356","B3","X20",150.3558,2024-02-25 11:35:00,"B",3,"20","1","1",3,"20 1 1 3",5.98611111111111,"1 1"
"357","B3","X20",71.8458,2024-03-01 11:59:00,"B",3,"20","1","1",3,"20 1 1 3",11.0027777777778,"1 1"
"358","B3","X20",95.2896,2024-02-29 11:03:00,"B",3,"20","1","1",3,"20 1 1 3",9.96388888888889,"1 1"
"359","B3","X20",157.021,2024-02-27 11:38:00,"B",3,"20","1","1",3,"20 1 1 3",7.98819444444444,"1 1"
"360","B3","X20",24.9796,2024-02-20 11:03:00,"B",3,"20","1","1",3,"20 1 1 3",0.963888888888889,"1 1"
"361","B3","X22",142.6436,2024-02-22 11:30:00,"B",3,"22","1","1",3,"22 1 1 3",2.98263888888889,"1 1"
"362","B3","X22",31.0068,2024-02-19 11:55:00,"B",3,"22","1","1",3,"22 1 1 3",0,"1 1"
"363","B3","X22",103.87,2024-02-28 10:59:00,"B",3,"22","1","1",3,"22 1 1 3",8.96111111111111,"1 1"
"364","B3","X22",174.3424,2024-02-26 11:31:00,"B",3,"22","1","1",3,"22 1 1 3",6.98333333333333,"1 1"
"365","B3","X22",127.4562,2024-02-24 11:06:00,"B",3,"22","1","1",3,"22 1 1 3",4.96597222222222,"1 1"
"366","B3","X22",161.7714,2024-02-23 11:31:00,"B",3,"22","1","1",3,"22 1 1 3",3.98333333333333,"1 1"
"367","B3","X22",91.8956,2024-02-21 11:02:00,"B",3,"22","1","1",3,"22 1 1 3",1.96319444444444,"1 1"
"368","B3","X22",196.4246,2024-02-25 11:35:00,"B",3,"22","1","1",3,"22 1 1 3",5.98611111111111,"1 1"
"369","B3","X22",70.5558,2024-03-01 11:59:00,"B",3,"22","1","1",3,"22 1 1 3",11.0027777777778,"1 1"
"370","B3","X22",92.3546,2024-02-29 11:03:00,"B",3,"22","1","1",3,"22 1 1 3",9.96388888888889,"1 1"
"371","B3","X22",149.5334,2024-02-27 11:38:00,"B",3,"22","1","1",3,"22 1 1 3",7.98819444444444,"1 1"
"372","B3","X22",30.0156,2024-02-20 11:03:00,"B",3,"22","1","1",3,"22 1 1 3",0.963888888888889,"1 1"
"373","B3","X25",139.7848,2024-02-22 11:30:00,"B",3,"25","1","1",3,"25 1 1 3",2.98263888888889,"1 1"
"374","B3","X25",29.6502,2024-02-19 11:55:00,"B",3,"25","1","1",3,"25 1 1 3",0,"1 1"
"375","B3","X25",71.5072,2024-02-28 10:59:00,"B",3,"25","1","1",3,"25 1 1 3",8.96111111111111,"1 1"
"376","B3","X25",111.893,2024-02-26 11:31:00,"B",3,"25","1","1",3,"25 1 1 3",6.98333333333333,"1 1"
"377","B3","X25",178.6072,2024-02-24 11:06:00,"B",3,"25","1","1",3,"25 1 1 3",4.96597222222222,"1 1"
"378","B3","X25",131.014,2024-02-23 11:31:00,"B",3,"25","1","1",3,"25 1 1 3",3.98333333333333,"1 1"
"379","B3","X25",85.7386,2024-02-21 11:02:00,"B",3,"25","1","1",3,"25 1 1 3",1.96319444444444,"1 1"
"380","B3","X25",183.9942,2024-02-25 11:35:00,"B",3,"25","1","1",3,"25 1 1 3",5.98611111111111,"1 1"
"381","B3","X25",52.391,2024-03-01 11:59:00,"B",3,"25","1","1",3,"25 1 1 3",11.0027777777778,"1 1"
"382","B3","X25",64.3102,2024-02-29 11:03:00,"B",3,"25","1","1",3,"25 1 1 3",9.96388888888889,"1 1"
"383","B3","X25",85.5766,2024-02-27 11:38:00,"B",3,"25","1","1",3,"25 1 1 3",7.98819444444444,"1 1"
"384","B3","X25",30.8422,2024-02-20 11:03:00,"B",3,"25","1","1",3,"25 1 1 3",0.963888888888889,"1 1"
"385","B3","X27",78.3934,2024-02-22 11:30:00,"B",3,"27","1","1",3,"27 1 1 3",2.98263888888889,"1 1"
"386","B3","X27",24.439,2024-02-19 11:55:00,"B",3,"27","1","1",3,"27 1 1 3",0,"1 1"
"387","B3","X27",87.0718,2024-02-28 10:59:00,"B",3,"27","1","1",3,"27 1 1 3",8.96111111111111,"1 1"
"388","B3","X27",136.965,2024-02-26 11:31:00,"B",3,"27","1","1",3,"27 1 1 3",6.98333333333333,"1 1"
"389","B3","X27",134.6666,2024-02-24 11:06:00,"B",3,"27","1","1",3,"27 1 1 3",4.96597222222222,"1 1"
"390","B3","X27",102.9778,2024-02-23 11:31:00,"B",3,"27","1","1",3,"27 1 1 3",3.98333333333333,"1 1"
"391","B3","X27",43.5192,2024-02-21 11:02:00,"B",3,"27","1","1",3,"27 1 1 3",1.96319444444444,"1 1"
"392","B3","X27",150.7434,2024-02-25 11:35:00,"B",3,"27","1","1",3,"27 1 1 3",5.98611111111111,"1 1"
"393","B3","X27",66.933,2024-03-01 11:59:00,"B",3,"27","1","1",3,"27 1 1 3",11.0027777777778,"1 1"
"394","B3","X27",74.415,2024-02-29 11:03:00,"B",3,"27","1","1",3,"27 1 1 3",9.96388888888889,"1 1"
"395","B3","X27",119.9326,2024-02-27 11:38:00,"B",3,"27","1","1",3,"27 1 1 3",7.98819444444444,"1 1"
"396","B3","X27",19.064,2024-02-20 11:03:00,"B",3,"27","1","1",3,"27 1 1 3",0.963888888888889,"1 1"
"397","B4","A12",40.9656,2024-02-23 11:31:00,"B",4,"12","1","0",4,"12 0 1 4",3.98333333333333,"1 0"
"398","B4","A12",20.954,2024-02-19 11:55:00,"B",4,"12","1","0",4,"12 0 1 4",0,"1 0"
"399","B4","A12",50.7732,2024-02-24 11:06:00,"B",4,"12","1","0",4,"12 0 1 4",4.96597222222222,"1 0"
"400","B4","A12",47.8338,2024-02-27 11:38:00,"B",4,"12","1","0",4,"12 0 1 4",7.98819444444444,"1 0"
"401","B4","A12",41.5404,2024-02-28 10:59:00,"B",4,"12","1","0",4,"12 0 1 4",8.96111111111111,"1 0"
"402","B4","A12",26.3958,2024-02-22 11:30:00,"B",4,"12","1","0",4,"12 0 1 4",2.98263888888889,"1 0"
"403","B4","A12",39.8692,2024-02-29 11:03:00,"B",4,"12","1","0",4,"12 0 1 4",9.96388888888889,"1 0"
"404","B4","A12",11.315,2024-02-20 11:03:00,"B",4,"12","1","0",4,"12 0 1 4",0.963888888888889,"1 0"
"405","B4","A12",57.1734,2024-02-25 11:35:00,"B",4,"12","1","0",4,"12 0 1 4",5.98611111111111,"1 0"
"406","B4","A12",16.3744,2024-02-21 11:02:00,"B",4,"12","1","0",4,"12 0 1 4",1.96319444444444,"1 0"
"407","B4","A12",50.4678,2024-02-26 11:31:00,"B",4,"12","1","0",4,"12 0 1 4",6.98333333333333,"1 0"
"408","B4","A12",36.1406,2024-03-01 11:59:00,"B",4,"12","1","0",4,"12 0 1 4",11.0027777777778,"1 0"
"409","B4","A16",105.383,2024-02-23 11:31:00,"B",4,"16","1","0",4,"16 0 1 4",3.98333333333333,"1 0"
"410","B4","A16",24.5944,2024-02-19 11:55:00,"B",4,"16","1","0",4,"16 0 1 4",0,"1 0"
"411","B4","A16",97.4414,2024-02-24 11:06:00,"B",4,"16","1","0",4,"16 0 1 4",4.96597222222222,"1 0"
"412","B4","A16",65.2668,2024-02-27 11:38:00,"B",4,"16","1","0",4,"16 0 1 4",7.98819444444444,"1 0"
"413","B4","A16",53.7058,2024-02-28 10:59:00,"B",4,"16","1","0",4,"16 0 1 4",8.96111111111111,"1 0"
"414","B4","A16",65.809,2024-02-22 11:30:00,"B",4,"16","1","0",4,"16 0 1 4",2.98263888888889,"1 0"
"415","B4","A16",51.6164,2024-02-29 11:03:00,"B",4,"16","1","0",4,"16 0 1 4",9.96388888888889,"1 0"
"416","B4","A16",18.1566,2024-02-20 11:03:00,"B",4,"16","1","0",4,"16 0 1 4",0.963888888888889,"1 0"
"417","B4","A16",88.0742,2024-02-25 11:35:00,"B",4,"16","1","0",4,"16 0 1 4",5.98611111111111,"1 0"
"418","B4","A16",38.6164,2024-02-21 11:02:00,"B",4,"16","1","0",4,"16 0 1 4",1.96319444444444,"1 0"
"419","B4","A16",78.1268,2024-02-26 11:31:00,"B",4,"16","1","0",4,"16 0 1 4",6.98333333333333,"1 0"
"420","B4","A16",43.7096,2024-03-01 11:59:00,"B",4,"16","1","0",4,"16 0 1 4",11.0027777777778,"1 0"
"421","B4","A19",109.4774,2024-02-23 11:31:00,"B",4,"19","1","0",4,"19 0 1 4",3.98333333333333,"1 0"
"422","B4","A19",23.3924,2024-02-19 11:55:00,"B",4,"19","1","0",4,"19 0 1 4",0,"1 0"
"423","B4","A19",92.639,2024-02-24 11:06:00,"B",4,"19","1","0",4,"19 0 1 4",4.96597222222222,"1 0"
"424","B4","A19",51.549,2024-02-27 11:38:00,"B",4,"19","1","0",4,"19 0 1 4",7.98819444444444,"1 0"
"425","B4","A19",42.5916,2024-02-28 10:59:00,"B",4,"19","1","0",4,"19 0 1 4",8.96111111111111,"1 0"
"426","B4","A19",90.0774,2024-02-22 11:30:00,"B",4,"19","1","0",4,"19 0 1 4",2.98263888888889,"1 0"
"427","B4","A19",39.418,2024-02-29 11:03:00,"B",4,"19","1","0",4,"19 0 1 4",9.96388888888889,"1 0"
"428","B4","A19",20.5554,2024-02-20 11:03:00,"B",4,"19","1","0",4,"19 0 1 4",0.963888888888889,"1 0"
"429","B4","A19",85.5546,2024-02-25 11:35:00,"B",4,"19","1","0",4,"19 0 1 4",5.98611111111111,"1 0"
"430","B4","A19",52.1248,2024-02-21 11:02:00,"B",4,"19","1","0",4,"19 0 1 4",1.96319444444444,"1 0"
"431","B4","A19",60.8594,2024-02-26 11:31:00,"B",4,"19","1","0",4,"19 0 1 4",6.98333333333333,"1 0"
"432","B4","A19",43.6432,2024-03-01 11:59:00,"B",4,"19","1","0",4,"19 0 1 4",11.0027777777778,"1 0"
"433","B4","A22",139.8212,2024-02-23 11:31:00,"B",4,"22","1","0",4,"22 0 1 4",3.98333333333333,"1 0"
"434","B4","A22",26.4452,2024-02-19 11:55:00,"B",4,"22","1","0",4,"22 0 1 4",0,"1 0"
"435","B4","A22",109.64,2024-02-24 11:06:00,"B",4,"22","1","0",4,"22 0 1 4",4.96597222222222,"1 0"
"436","B4","A22",48.2154,2024-02-27 11:38:00,"B",4,"22","1","0",4,"22 0 1 4",7.98819444444444,"1 0"
"437","B4","A22",39.8246,2024-02-28 10:59:00,"B",4,"22","1","0",4,"22 0 1 4",8.96111111111111,"1 0"
"438","B4","A22",147.6184,2024-02-22 11:30:00,"B",4,"22","1","0",4,"22 0 1 4",2.98263888888889,"1 0"
"439","B4","A22",34.946,2024-02-29 11:03:00,"B",4,"22","1","0",4,"22 0 1 4",9.96388888888889,"1 0"
"440","B4","A22",29.1912,2024-02-20 11:03:00,"B",4,"22","1","0",4,"22 0 1 4",0.963888888888889,"1 0"
"441","B4","A22",85.209,2024-02-25 11:35:00,"B",4,"22","1","0",4,"22 0 1 4",5.98611111111111,"1 0"
"442","B4","A22",74.8416,2024-02-21 11:02:00,"B",4,"22","1","0",4,"22 0 1 4",1.96319444444444,"1 0"
"443","B4","A22",62.3422,2024-02-26 11:31:00,"B",4,"22","1","0",4,"22 0 1 4",6.98333333333333,"1 0"
"444","B4","A22",30.8206,2024-03-01 11:59:00,"B",4,"22","1","0",4,"22 0 1 4",11.0027777777778,"1 0"
"445","B4","A25",120.9714,2024-02-23 11:31:00,"B",4,"25","1","0",4,"25 0 1 4",3.98333333333333,"1 0"
"446","B4","A25",23.6926,2024-02-19 11:55:00,"B",4,"25","1","0",4,"25 0 1 4",0,"1 0"
"447","B4","A25",69.656,2024-02-24 11:06:00,"B",4,"25","1","0",4,"25 0 1 4",4.96597222222222,"1 0"
"448","B4","A25",30.4774,2024-02-27 11:38:00,"B",4,"25","1","0",4,"25 0 1 4",7.98819444444444,"1 0"
"449","B4","A25",27.12,2024-02-28 10:59:00,"B",4,"25","1","0",4,"25 0 1 4",8.96111111111111,"1 0"
"450","B4","A25",107.323,2024-02-22 11:30:00,"B",4,"25","1","0",4,"25 0 1 4",2.98263888888889,"1 0"
"451","B4","A25",23.6246,2024-02-29 11:03:00,"B",4,"25","1","0",4,"25 0 1 4",9.96388888888889,"1 0"
"452","B4","A25",28.9582,2024-02-20 11:03:00,"B",4,"25","1","0",4,"25 0 1 4",0.963888888888889,"1 0"
"453","B4","A25",50.0168,2024-02-25 11:35:00,"B",4,"25","1","0",4,"25 0 1 4",5.98611111111111,"1 0"
"454","B4","A25",64.6306,2024-02-21 11:02:00,"B",4,"25","1","0",4,"25 0 1 4",1.96319444444444,"1 0"
"455","B4","A25",36.3448,2024-02-26 11:31:00,"B",4,"25","1","0",4,"25 0 1 4",6.98333333333333,"1 0"
"456","B4","A25",21.0998,2024-03-01 11:59:00,"B",4,"25","1","0",4,"25 0 1 4",11.0027777777778,"1 0"
"457","B4","A27",75.8016,2024-02-23 11:31:00,"B",4,"27","1","0",4,"27 0 1 4",3.98333333333333,"1 0"
"458","B4","A27",18.204,2024-02-19 11:55:00,"B",4,"27","1","0",4,"27 0 1 4",0,"1 0"
"459","B4","A27",64.5006,2024-02-24 11:06:00,"B",4,"27","1","0",4,"27 0 1 4",4.96597222222222,"1 0"
"460","B4","A27",21.0242,2024-02-27 11:38:00,"B",4,"27","1","0",4,"27 0 1 4",7.98819444444444,"1 0"
"461","B4","A27",17.9926,2024-02-28 10:59:00,"B",4,"27","1","0",4,"27 0 1 4",8.96111111111111,"1 0"
"462","B4","A27",57.732,2024-02-22 11:30:00,"B",4,"27","1","0",4,"27 0 1 4",2.98263888888889,"1 0"
"463","B4","A27",16.2106,2024-02-29 11:03:00,"B",4,"27","1","0",4,"27 0 1 4",9.96388888888889,"1 0"
"464","B4","A27",18.0262,2024-02-20 11:03:00,"B",4,"27","1","0",4,"27 0 1 4",0.963888888888889,"1 0"
"465","B4","A27",41.459,2024-02-25 11:35:00,"B",4,"27","1","0",4,"27 0 1 4",5.98611111111111,"1 0"
"466","B4","A27",36.286,2024-02-21 11:02:00,"B",4,"27","1","0",4,"27 0 1 4",1.96319444444444,"1 0"
"467","B4","A27",26.4718,2024-02-26 11:31:00,"B",4,"27","1","0",4,"27 0 1 4",6.98333333333333,"1 0"
"468","B4","A27",14.6116,2024-03-01 11:59:00,"B",4,"27","1","0",4,"27 0 1 4",11.0027777777778,"1 0"
"469","B4","X13",67.8198,2024-02-23 11:31:00,"B",4,"13","1","1",4,"13 1 1 4",3.98333333333333,"1 1"
"470","B4","X13",23.4072,2024-02-19 11:55:00,"B",4,"13","1","1",4,"13 1 1 4",0,"1 1"
"471","B4","X13",98.7886,2024-02-24 11:06:00,"B",4,"13","1","1",4,"13 1 1 4",4.96597222222222,"1 1"
"472","B4","X13",109.4316,2024-02-27 11:38:00,"B",4,"13","1","1",4,"13 1 1 4",7.98819444444444,"1 1"
"473","B4","X13",91.7362,2024-02-28 10:59:00,"B",4,"13","1","1",4,"13 1 1 4",8.96111111111111,"1 1"
"474","B4","X13",45.4792,2024-02-22 11:30:00,"B",4,"13","1","1",4,"13 1 1 4",2.98263888888889,"1 1"
"475","B4","X13",77.0354,2024-02-29 11:03:00,"B",4,"13","1","1",4,"13 1 1 4",9.96388888888889,"1 1"
"476","B4","X13",17.3776,2024-02-20 11:03:00,"B",4,"13","1","1",4,"13 1 1 4",0.963888888888889,"1 1"
"477","B4","X13",119.5426,2024-02-25 11:35:00,"B",4,"13","1","1",4,"13 1 1 4",5.98611111111111,"1 1"
"478","B4","X13",22.7946,2024-02-21 11:02:00,"B",4,"13","1","1",4,"13 1 1 4",1.96319444444444,"1 1"
"479","B4","X13",113.5668,2024-02-26 11:31:00,"B",4,"13","1","1",4,"13 1 1 4",6.98333333333333,"1 1"
"480","B4","X13",75.0276,2024-03-01 11:59:00,"B",4,"13","1","1",4,"13 1 1 4",11.0027777777778,"1 1"
"481","B4","X20",150.9004,2024-02-23 11:31:00,"B",4,"20","1","1",4,"20 1 1 4",3.98333333333333,"1 1"
"482","B4","X20",28.7062,2024-02-19 11:55:00,"B",4,"20","1","1",4,"20 1 1 4",0,"1 1"
"483","B4","X20",140.2416,2024-02-24 11:06:00,"B",4,"20","1","1",4,"20 1 1 4",4.96597222222222,"1 1"
"484","B4","X20",155.6436,2024-02-27 11:38:00,"B",4,"20","1","1",4,"20 1 1 4",7.98819444444444,"1 1"
"485","B4","X20",111.7032,2024-02-28 10:59:00,"B",4,"20","1","1",4,"20 1 1 4",8.96111111111111,"1 1"
"486","B4","X20",110.0996,2024-02-22 11:30:00,"B",4,"20","1","1",4,"20 1 1 4",2.98263888888889,"1 1"
"487","B4","X20",96.3188,2024-02-29 11:03:00,"B",4,"20","1","1",4,"20 1 1 4",9.96388888888889,"1 1"
"488","B4","X20",23.6836,2024-02-20 11:03:00,"B",4,"20","1","1",4,"20 1 1 4",0.963888888888889,"1 1"
"489","B4","X20",149.0864,2024-02-25 11:35:00,"B",4,"20","1","1",4,"20 1 1 4",5.98611111111111,"1 1"
"490","B4","X20",79.7122,2024-02-21 11:02:00,"B",4,"20","1","1",4,"20 1 1 4",1.96319444444444,"1 1"
"491","B4","X20",138.5522,2024-02-26 11:31:00,"B",4,"20","1","1",4,"20 1 1 4",6.98333333333333,"1 1"
"492","B4","X20",72.0028,2024-03-01 11:59:00,"B",4,"20","1","1",4,"20 1 1 4",11.0027777777778,"1 1"
"493","B4","X22",160.666,2024-02-23 11:31:00,"B",4,"22","1","1",4,"22 1 1 4",3.98333333333333,"1 1"
"494","B4","X22",31.6344,2024-02-19 11:55:00,"B",4,"22","1","1",4,"22 1 1 4",0,"1 1"
"495","B4","X22",123.8626,2024-02-24 11:06:00,"B",4,"22","1","1",4,"22 1 1 4",4.96597222222222,"1 1"
"496","B4","X22",142.6902,2024-02-27 11:38:00,"B",4,"22","1","1",4,"22 1 1 4",7.98819444444444,"1 1"
"497","B4","X22",100.7056,2024-02-28 10:59:00,"B",4,"22","1","1",4,"22 1 1 4",8.96111111111111,"1 1"
"498","B4","X22",141.7954,2024-02-22 11:30:00,"B",4,"22","1","1",4,"22 1 1 4",2.98263888888889,"1 1"
"499","B4","X22",89.3476,2024-02-29 11:03:00,"B",4,"22","1","1",4,"22 1 1 4",9.96388888888889,"1 1"
"500","B4","X22",28.107,2024-02-20 11:03:00,"B",4,"22","1","1",4,"22 1 1 4",0.963888888888889,"1 1"
"501","B4","X22",191.0926,2024-02-25 11:35:00,"B",4,"22","1","1",4,"22 1 1 4",5.98611111111111,"1 1"
"502","B4","X22",90.255,2024-02-21 11:02:00,"B",4,"22","1","1",4,"22 1 1 4",1.96319444444444,"1 1"
"503","B4","X22",167.0878,2024-02-26 11:31:00,"B",4,"22","1","1",4,"22 1 1 4",6.98333333333333,"1 1"
"504","B4","X22",68.3732,2024-03-01 11:59:00,"B",4,"22","1","1",4,"22 1 1 4",11.0027777777778,"1 1"
"505","B4","X25",113.3264,2024-02-23 11:31:00,"B",4,"25","1","1",4,"25 1 1 4",3.98333333333333,"1 1"
"506","B4","X25",29.6988,2024-02-19 11:55:00,"B",4,"25","1","1",4,"25 1 1 4",0,"1 1"
"507","B4","X25",205.8722,2024-02-24 11:06:00,"B",4,"25","1","1",4,"25 1 1 4",4.96597222222222,"1 1"
"508","B4","X25",80.3168,2024-02-27 11:38:00,"B",4,"25","1","1",4,"25 1 1 4",7.98819444444444,"1 1"
"509","B4","X25",66.3508,2024-02-28 10:59:00,"B",4,"25","1","1",4,"25 1 1 4",8.96111111111111,"1 1"
"510","B4","X25",137.878,2024-02-22 11:30:00,"B",4,"25","1","1",4,"25 1 1 4",2.98263888888889,"1 1"
"511","B4","X25",60.0492,2024-02-29 11:03:00,"B",4,"25","1","1",4,"25 1 1 4",9.96388888888889,"1 1"
"512","B4","X25",30.6984,2024-02-20 11:03:00,"B",4,"25","1","1",4,"25 1 1 4",0.963888888888889,"1 1"
"513","B4","X25",188.3918,2024-02-25 11:35:00,"B",4,"25","1","1",4,"25 1 1 4",5.98611111111111,"1 1"
"514","B4","X25",84.5222,2024-02-21 11:02:00,"B",4,"25","1","1",4,"25 1 1 4",1.96319444444444,"1 1"
"515","B4","X25",113.1708,2024-02-26 11:31:00,"B",4,"25","1","1",4,"25 1 1 4",6.98333333333333,"1 1"
"516","B4","X25",49.9914,2024-03-01 11:59:00,"B",4,"25","1","1",4,"25 1 1 4",11.0027777777778,"1 1"
"517","B4","X27",100.5388,2024-02-23 11:31:00,"B",4,"27","1","1",4,"27 1 1 4",3.98333333333333,"1 1"
"518","B4","X27",25.5568,2024-02-19 11:55:00,"B",4,"27","1","1",4,"27 1 1 4",0,"1 1"
"519","B4","X27",128.5676,2024-02-24 11:06:00,"B",4,"27","1","1",4,"27 1 1 4",4.96597222222222,"1 1"
"520","B4","X27",120.7688,2024-02-27 11:38:00,"B",4,"27","1","1",4,"27 1 1 4",7.98819444444444,"1 1"
"521","B4","X27",84.2174,2024-02-28 10:59:00,"B",4,"27","1","1",4,"27 1 1 4",8.96111111111111,"1 1"
"522","B4","X27",75.2506,2024-02-22 11:30:00,"B",4,"27","1","1",4,"27 1 1 4",2.98263888888889,"1 1"
"523","B4","X27",70.5744,2024-02-29 11:03:00,"B",4,"27","1","1",4,"27 1 1 4",9.96388888888889,"1 1"
"524","B4","X27",18.6568,2024-02-20 11:03:00,"B",4,"27","1","1",4,"27 1 1 4",0.963888888888889,"1 1"
"525","B4","X27",143.3588,2024-02-25 11:35:00,"B",4,"27","1","1",4,"27 1 1 4",5.98611111111111,"1 1"
"526","B4","X27",42.6298,2024-02-21 11:02:00,"B",4,"27","1","1",4,"27 1 1 4",1.96319444444444,"1 1"
"527","B4","X27",129.9916,2024-02-26 11:31:00,"B",4,"27","1","1",4,"27 1 1 4",6.98333333333333,"1 1"
"528","B4","X27",62.7166,2024-03-01 11:59:00,"B",4,"27","1","1",4,"27 1 1 4",11.0027777777778,"1 1"
"529","B5","A12",20.3034,2024-02-19 11:55:00,"B",5,"12","1","0",5,"12 0 1 5",0,"1 0"
"530","B5","A12",43.8058,2024-02-23 11:31:00,"B",5,"12","1","0",5,"12 0 1 5",3.98333333333333,"1 0"
"531","B5","A12",28.4094,2024-02-22 11:30:00,"B",5,"12","1","0",5,"12 0 1 5",2.98263888888889,"1 0"
"532","B5","A12",50.692,2024-02-26 11:31:00,"B",5,"12","1","0",5,"12 0 1 5",6.98333333333333,"1 0"
"533","B5","A12",55.0638,2024-02-24 11:06:00,"B",5,"12","1","0",5,"12 0 1 5",4.96597222222222,"1 0"
"534","B5","A12",40.9986,2024-02-28 10:59:00,"B",5,"12","1","0",5,"12 0 1 5",8.96111111111111,"1 0"
"535","B5","A12",16.8352,2024-02-21 11:02:00,"B",5,"12","1","0",5,"12 0 1 5",1.96319444444444,"1 0"
"536","B5","A12",36.6612,2024-03-01 11:59:00,"B",5,"12","1","0",5,"12 0 1 5",11.0027777777778,"1 0"
"537","B5","A12",10.8708,2024-02-20 11:03:00,"B",5,"12","1","0",5,"12 0 1 5",0.963888888888889,"1 0"
"538","B5","A12",48.0326,2024-02-27 11:38:00,"B",5,"12","1","0",5,"12 0 1 5",7.98819444444444,"1 0"
"539","B5","A12",39.3296,2024-02-29 11:03:00,"B",5,"12","1","0",5,"12 0 1 5",9.96388888888889,"1 0"
"540","B5","A12",56.2092,2024-02-25 11:35:00,"B",5,"12","1","0",5,"12 0 1 5",5.98611111111111,"1 0"
"541","B5","A16",23.9546,2024-02-19 11:55:00,"B",5,"16","1","0",5,"16 0 1 5",0,"1 0"
"542","B5","A16",104.0838,2024-02-23 11:31:00,"B",5,"16","1","0",5,"16 0 1 5",3.98333333333333,"1 0"
"543","B5","A16",67.6044,2024-02-22 11:30:00,"B",5,"16","1","0",5,"16 0 1 5",2.98263888888889,"1 0"
"544","B5","A16",73.9904,2024-02-26 11:31:00,"B",5,"16","1","0",5,"16 0 1 5",6.98333333333333,"1 0"
"545","B5","A16",91.2088,2024-02-24 11:06:00,"B",5,"16","1","0",5,"16 0 1 5",4.96597222222222,"1 0"
"546","B5","A16",50.7552,2024-02-28 10:59:00,"B",5,"16","1","0",5,"16 0 1 5",8.96111111111111,"1 0"
"547","B5","A16",39.5604,2024-02-21 11:02:00,"B",5,"16","1","0",5,"16 0 1 5",1.96319444444444,"1 0"
"548","B5","A16",42.119,2024-03-01 11:59:00,"B",5,"16","1","0",5,"16 0 1 5",11.0027777777778,"1 0"
"549","B5","A16",17.9902,2024-02-20 11:03:00,"B",5,"16","1","0",5,"16 0 1 5",0.963888888888889,"1 0"
"550","B5","A16",63.1982,2024-02-27 11:38:00,"B",5,"16","1","0",5,"16 0 1 5",7.98819444444444,"1 0"
"551","B5","A16",49.5354,2024-02-29 11:03:00,"B",5,"16","1","0",5,"16 0 1 5",9.96388888888889,"1 0"
"552","B5","A16",81.7844,2024-02-25 11:35:00,"B",5,"16","1","0",5,"16 0 1 5",5.98611111111111,"1 0"
"553","B5","A19",23.7168,2024-02-19 11:55:00,"B",5,"19","1","0",5,"19 0 1 5",0,"1 0"
"554","B5","A19",105.511,2024-02-23 11:31:00,"B",5,"19","1","0",5,"19 0 1 5",3.98333333333333,"1 0"
"555","B5","A19",89.266,2024-02-22 11:30:00,"B",5,"19","1","0",5,"19 0 1 5",2.98263888888889,"1 0"
"556","B5","A19",57.2858,2024-02-26 11:31:00,"B",5,"19","1","0",5,"19 0 1 5",6.98333333333333,"1 0"
"557","B5","A19",86.8394,2024-02-24 11:06:00,"B",5,"19","1","0",5,"19 0 1 5",4.96597222222222,"1 0"
"558","B5","A19",41.5522,2024-02-28 10:59:00,"B",5,"19","1","0",5,"19 0 1 5",8.96111111111111,"1 0"
"559","B5","A19",51.7046,2024-02-21 11:02:00,"B",5,"19","1","0",5,"19 0 1 5",1.96319444444444,"1 0"
"560","B5","A19",45.757,2024-03-01 11:59:00,"B",5,"19","1","0",5,"19 0 1 5",11.0027777777778,"1 0"
"561","B5","A19",20.5472,2024-02-20 11:03:00,"B",5,"19","1","0",5,"19 0 1 5",0.963888888888889,"1 0"
"562","B5","A19",50.1756,2024-02-27 11:38:00,"B",5,"19","1","0",5,"19 0 1 5",7.98819444444444,"1 0"
"563","B5","A19",40.7648,2024-02-29 11:03:00,"B",5,"19","1","0",5,"19 0 1 5",9.96388888888889,"1 0"
"564","B5","A19",78.312,2024-02-25 11:35:00,"B",5,"19","1","0",5,"19 0 1 5",5.98611111111111,"1 0"
"565","B5","A22",24.6452,2024-02-19 11:55:00,"B",5,"22","1","0",5,"22 0 1 5",0,"1 0"
"566","B5","A22",140.7616,2024-02-23 11:31:00,"B",5,"22","1","0",5,"22 0 1 5",3.98333333333333,"1 0"
"567","B5","A22",152.5892,2024-02-22 11:30:00,"B",5,"22","1","0",5,"22 0 1 5",2.98263888888889,"1 0"
"568","B5","A22",57.5896,2024-02-26 11:31:00,"B",5,"22","1","0",5,"22 0 1 5",6.98333333333333,"1 0"
"569","B5","A22",104.1968,2024-02-24 11:06:00,"B",5,"22","1","0",5,"22 0 1 5",4.96597222222222,"1 0"
"570","B5","A22",38.3988,2024-02-28 10:59:00,"B",5,"22","1","0",5,"22 0 1 5",8.96111111111111,"1 0"
"571","B5","A22",71.9762,2024-02-21 11:02:00,"B",5,"22","1","0",5,"22 0 1 5",1.96319444444444,"1 0"
"572","B5","A22",29.9548,2024-03-01 11:59:00,"B",5,"22","1","0",5,"22 0 1 5",11.0027777777778,"1 0"
"573","B5","A22",28.6218,2024-02-20 11:03:00,"B",5,"22","1","0",5,"22 0 1 5",0.963888888888889,"1 0"
"574","B5","A22",46.278,2024-02-27 11:38:00,"B",5,"22","1","0",5,"22 0 1 5",7.98819444444444,"1 0"
"575","B5","A22",33.8068,2024-02-29 11:03:00,"B",5,"22","1","0",5,"22 0 1 5",9.96388888888889,"1 0"
"576","B5","A22",79.5724,2024-02-25 11:35:00,"B",5,"22","1","0",5,"22 0 1 5",5.98611111111111,"1 0"
"577","B5","A25",24.3726,2024-02-19 11:55:00,"B",5,"25","1","0",5,"25 0 1 5",0,"1 0"
"578","B5","A25",114.8454,2024-02-23 11:31:00,"B",5,"25","1","0",5,"25 0 1 5",3.98333333333333,"1 0"
"579","B5","A25",99.5488,2024-02-22 11:30:00,"B",5,"25","1","0",5,"25 0 1 5",2.98263888888889,"1 0"
"580","B5","A25",34.183,2024-02-26 11:31:00,"B",5,"25","1","0",5,"25 0 1 5",6.98333333333333,"1 0"
"581","B5","A25",67.4006,2024-02-24 11:06:00,"B",5,"25","1","0",5,"25 0 1 5",4.96597222222222,"1 0"
"582","B5","A25",25.389,2024-02-28 10:59:00,"B",5,"25","1","0",5,"25 0 1 5",8.96111111111111,"1 0"
"583","B5","A25",60.901,2024-02-21 11:02:00,"B",5,"25","1","0",5,"25 0 1 5",1.96319444444444,"1 0"
"584","B5","A25",19.9818,2024-03-01 11:59:00,"B",5,"25","1","0",5,"25 0 1 5",11.0027777777778,"1 0"
"585","B5","A25",27.5326,2024-02-20 11:03:00,"B",5,"25","1","0",5,"25 0 1 5",0.963888888888889,"1 0"
"586","B5","A25",28.4774,2024-02-27 11:38:00,"B",5,"25","1","0",5,"25 0 1 5",7.98819444444444,"1 0"
"587","B5","A25",22.26,2024-02-29 11:03:00,"B",5,"25","1","0",5,"25 0 1 5",9.96388888888889,"1 0"
"588","B5","A25",46.838,2024-02-25 11:35:00,"B",5,"25","1","0",5,"25 0 1 5",5.98611111111111,"1 0"
"589","B5","A27",17.9818,2024-02-19 11:55:00,"B",5,"27","1","0",5,"27 0 1 5",0,"1 0"
"590","B5","A27",69.7028,2024-02-23 11:31:00,"B",5,"27","1","0",5,"27 0 1 5",3.98333333333333,"1 0"
"591","B5","A27",52.1516,2024-02-22 11:30:00,"B",5,"27","1","0",5,"27 0 1 5",2.98263888888889,"1 0"
"592","B5","A27",25.4754,2024-02-26 11:31:00,"B",5,"27","1","0",5,"27 0 1 5",6.98333333333333,"1 0"
"593","B5","A27",62.4042,2024-02-24 11:06:00,"B",5,"27","1","0",5,"27 0 1 5",4.96597222222222,"1 0"
"594","B5","A27",16.8682,2024-02-28 10:59:00,"B",5,"27","1","0",5,"27 0 1 5",8.96111111111111,"1 0"
"595","B5","A27",33.8826,2024-02-21 11:02:00,"B",5,"27","1","0",5,"27 0 1 5",1.96319444444444,"1 0"
"596","B5","A27",13.886,2024-03-01 11:59:00,"B",5,"27","1","0",5,"27 0 1 5",11.0027777777778,"1 0"
"597","B5","A27",17.1178,2024-02-20 11:03:00,"B",5,"27","1","0",5,"27 0 1 5",0.963888888888889,"1 0"
"598","B5","A27",20.1914,2024-02-27 11:38:00,"B",5,"27","1","0",5,"27 0 1 5",7.98819444444444,"1 0"
"599","B5","A27",15.2906,2024-02-29 11:03:00,"B",5,"27","1","0",5,"27 0 1 5",9.96388888888889,"1 0"
"600","B5","A27",40.1108,2024-02-25 11:35:00,"B",5,"27","1","0",5,"27 0 1 5",5.98611111111111,"1 0"
"601","B5","X13",24.2082,2024-02-19 11:55:00,"B",5,"13","1","1",5,"13 1 1 5",0,"1 1"
"602","B5","X13",68.2074,2024-02-23 11:31:00,"B",5,"13","1","1",5,"13 1 1 5",3.98333333333333,"1 1"
"603","B5","X13",52.6016,2024-02-22 11:30:00,"B",5,"13","1","1",5,"13 1 1 5",2.98263888888889,"1 1"
"604","B5","X13",106.9316,2024-02-26 11:31:00,"B",5,"13","1","1",5,"13 1 1 5",6.98333333333333,"1 1"
"605","B5","X13",112.7756,2024-02-24 11:06:00,"B",5,"13","1","1",5,"13 1 1 5",4.96597222222222,"1 1"
"606","B5","X13",86.1834,2024-02-28 10:59:00,"B",5,"13","1","1",5,"13 1 1 5",8.96111111111111,"1 1"
"607","B5","X13",24.6356,2024-02-21 11:02:00,"B",5,"13","1","1",5,"13 1 1 5",1.96319444444444,"1 1"
"608","B5","X13",72.67,2024-03-01 11:59:00,"B",5,"13","1","1",5,"13 1 1 5",11.0027777777778,"1 1"
"609","B5","X13",19.4122,2024-02-20 11:03:00,"B",5,"13","1","1",5,"13 1 1 5",0.963888888888889,"1 1"
"610","B5","X13",98.2458,2024-02-27 11:38:00,"B",5,"13","1","1",5,"13 1 1 5",7.98819444444444,"1 1"
"611","B5","X13",70.6566,2024-02-29 11:03:00,"B",5,"13","1","1",5,"13 1 1 5",9.96388888888889,"1 1"
"612","B5","X13",114.7384,2024-02-25 11:35:00,"B",5,"13","1","1",5,"13 1 1 5",5.98611111111111,"1 1"
"613","B5","X20",28.0818,2024-02-19 11:55:00,"B",5,"20","1","1",5,"20 1 1 5",0,"1 1"
"614","B5","X20",146.5498,2024-02-23 11:31:00,"B",5,"20","1","1",5,"20 1 1 5",3.98333333333333,"1 1"
"615","B5","X20",111.8138,2024-02-22 11:30:00,"B",5,"20","1","1",5,"20 1 1 5",2.98263888888889,"1 1"
"616","B5","X20",130.3448,2024-02-26 11:31:00,"B",5,"20","1","1",5,"20 1 1 5",6.98333333333333,"1 1"
"617","B5","X20",138.095,2024-02-24 11:06:00,"B",5,"20","1","1",5,"20 1 1 5",4.96597222222222,"1 1"
"618","B5","X20",108.2942,2024-02-28 10:59:00,"B",5,"20","1","1",5,"20 1 1 5",8.96111111111111,"1 1"
"619","B5","X20",77.4764,2024-02-21 11:02:00,"B",5,"20","1","1",5,"20 1 1 5",1.96319444444444,"1 1"
"620","B5","X20",72.2136,2024-03-01 11:59:00,"B",5,"20","1","1",5,"20 1 1 5",11.0027777777778,"1 1"
"621","B5","X20",22.6176,2024-02-20 11:03:00,"B",5,"20","1","1",5,"20 1 1 5",0.963888888888889,"1 1"
"622","B5","X20",150.4928,2024-02-27 11:38:00,"B",5,"20","1","1",5,"20 1 1 5",7.98819444444444,"1 1"
"623","B5","X20",96.642,2024-02-29 11:03:00,"B",5,"20","1","1",5,"20 1 1 5",9.96388888888889,"1 1"
"624","B5","X20",142.1686,2024-02-25 11:35:00,"B",5,"20","1","1",5,"20 1 1 5",5.98611111111111,"1 1"
"625","B5","X22",31.6182,2024-02-19 11:55:00,"B",5,"22","1","1",5,"22 1 1 5",0,"1 1"
"626","B5","X22",155.3182,2024-02-23 11:31:00,"B",5,"22","1","1",5,"22 1 1 5",3.98333333333333,"1 1"
"627","B5","X22",150.018,2024-02-22 11:30:00,"B",5,"22","1","1",5,"22 1 1 5",2.98263888888889,"1 1"
"628","B5","X22",148.543,2024-02-26 11:31:00,"B",5,"22","1","1",5,"22 1 1 5",6.98333333333333,"1 1"
"629","B5","X22",114.1394,2024-02-24 11:06:00,"B",5,"22","1","1",5,"22 1 1 5",4.96597222222222,"1 1"
"630","B5","X22",86.174,2024-02-28 10:59:00,"B",5,"22","1","1",5,"22 1 1 5",8.96111111111111,"1 1"
"631","B5","X22",92.7756,2024-02-21 11:02:00,"B",5,"22","1","1",5,"22 1 1 5",1.96319444444444,"1 1"
"632","B5","X22",60.9924,2024-03-01 11:59:00,"B",5,"22","1","1",5,"22 1 1 5",11.0027777777778,"1 1"
"633","B5","X22",29.9846,2024-02-20 11:03:00,"B",5,"22","1","1",5,"22 1 1 5",0.963888888888889,"1 1"
"634","B5","X22",124.0628,2024-02-27 11:38:00,"B",5,"22","1","1",5,"22 1 1 5",7.98819444444444,"1 1"
"635","B5","X22",78.8826,2024-02-29 11:03:00,"B",5,"22","1","1",5,"22 1 1 5",9.96388888888889,"1 1"
"636","B5","X22",176.5948,2024-02-25 11:35:00,"B",5,"22","1","1",5,"22 1 1 5",5.98611111111111,"1 1"
"637","B5","X25",29.5466,2024-02-19 11:55:00,"B",5,"25","1","1",5,"25 1 1 5",0,"1 1"
"638","B5","X25",130.304,2024-02-23 11:31:00,"B",5,"25","1","1",5,"25 1 1 5",3.98333333333333,"1 1"
"639","B5","X25",129.3732,2024-02-22 11:30:00,"B",5,"25","1","1",5,"25 1 1 5",2.98263888888889,"1 1"
"640","B5","X25",105.705,2024-02-26 11:31:00,"B",5,"25","1","1",5,"25 1 1 5",6.98333333333333,"1 1"
"641","B5","X25",180.3986,2024-02-24 11:06:00,"B",5,"25","1","1",5,"25 1 1 5",4.96597222222222,"1 1"
"642","B5","X25",62.1262,2024-02-28 10:59:00,"B",5,"25","1","1",5,"25 1 1 5",8.96111111111111,"1 1"
"643","B5","X25",79.4718,2024-02-21 11:02:00,"B",5,"25","1","1",5,"25 1 1 5",1.96319444444444,"1 1"
"644","B5","X25",45.9214,2024-03-01 11:59:00,"B",5,"25","1","1",5,"25 1 1 5",11.0027777777778,"1 1"
"645","B5","X25",29.6884,2024-02-20 11:03:00,"B",5,"25","1","1",5,"25 1 1 5",0.963888888888889,"1 1"
"646","B5","X25",80.4832,2024-02-27 11:38:00,"B",5,"25","1","1",5,"25 1 1 5",7.98819444444444,"1 1"
"647","B5","X25",56.0796,2024-02-29 11:03:00,"B",5,"25","1","1",5,"25 1 1 5",9.96388888888889,"1 1"
"648","B5","X25",172.5032,2024-02-25 11:35:00,"B",5,"25","1","1",5,"25 1 1 5",5.98611111111111,"1 1"
"649","B5","X27",25.5298,2024-02-19 11:55:00,"B",5,"27","1","1",5,"27 1 1 5",0,"1 1"
"650","B5","X27",93.9564,2024-02-23 11:31:00,"B",5,"27","1","1",5,"27 1 1 5",3.98333333333333,"1 1"
"651","B5","X27",72.02,2024-02-22 11:30:00,"B",5,"27","1","1",5,"27 1 1 5",2.98263888888889,"1 1"
"652","B5","X27",126.4934,2024-02-26 11:31:00,"B",5,"27","1","1",5,"27 1 1 5",6.98333333333333,"1 1"
"653","B5","X27",123.3196,2024-02-24 11:06:00,"B",5,"27","1","1",5,"27 1 1 5",4.96597222222222,"1 1"
"654","B5","X27",85.0614,2024-02-28 10:59:00,"B",5,"27","1","1",5,"27 1 1 5",8.96111111111111,"1 1"
"655","B5","X27",42.765,2024-02-21 11:02:00,"B",5,"27","1","1",5,"27 1 1 5",1.96319444444444,"1 1"
"656","B5","X27",61.3542,2024-03-01 11:59:00,"B",5,"27","1","1",5,"27 1 1 5",11.0027777777778,"1 1"
"657","B5","X27",19.3228,2024-02-20 11:03:00,"B",5,"27","1","1",5,"27 1 1 5",0.963888888888889,"1 1"
"658","B5","X27",120.0504,2024-02-27 11:38:00,"B",5,"27","1","1",5,"27 1 1 5",7.98819444444444,"1 1"
"659","B5","X27",70.024,2024-02-29 11:03:00,"B",5,"27","1","1",5,"27 1 1 5",9.96388888888889,"1 1"
"660","B5","X27",132.517,2024-02-25 11:35:00,"B",5,"27","1","1",5,"27 1 1 5",5.98611111111111,"1 1"
"661","B6","A12",21.4152,2024-02-19 11:55:00,"B",6,"12","1","0",6,"12 0 1 6",0,"1 0"
"662","B6","A12",48.243,2024-02-23 11:31:00,"B",6,"12","1","0",6,"12 0 1 6",3.98333333333333,"1 0"
"663","B6","A12",40.911,2024-02-28 10:59:00,"B",6,"12","1","0",6,"12 0 1 6",8.96111111111111,"1 0"
"664","B6","A12",18.8404,2024-02-21 11:02:00,"B",6,"12","1","0",6,"12 0 1 6",1.96319444444444,"1 0"
"665","B6","A12",51.523,2024-02-26 11:31:00,"B",6,"12","1","0",6,"12 0 1 6",6.98333333333333,"1 0"
"666","B6","A12",57.3962,2024-02-24 11:06:00,"B",6,"12","1","0",6,"12 0 1 6",4.96597222222222,"1 0"
"667","B6","A12",11.516,2024-02-20 11:03:00,"B",6,"12","1","0",6,"12 0 1 6",0.963888888888889,"1 0"
"668","B6","A12",48.3714,2024-02-27 11:38:00,"B",6,"12","1","0",6,"12 0 1 6",7.98819444444444,"1 0"
"669","B6","A12",37.797,2024-03-01 11:59:00,"B",6,"12","1","0",6,"12 0 1 6",11.0027777777778,"1 0"
"670","B6","A12",31.5712,2024-02-22 11:30:00,"B",6,"12","1","0",6,"12 0 1 6",2.98263888888889,"1 0"
"671","B6","A12",40.399,2024-02-29 11:03:00,"B",6,"12","1","0",6,"12 0 1 6",9.96388888888889,"1 0"
"672","B6","A12",54.8302,2024-02-25 11:35:00,"B",6,"12","1","0",6,"12 0 1 6",5.98611111111111,"1 0"
"673","B6","A16",23.7916,2024-02-19 11:55:00,"B",6,"16","1","0",6,"16 0 1 6",0,"1 0"
"674","B6","A16",105.178,2024-02-23 11:31:00,"B",6,"16","1","0",6,"16 0 1 6",3.98333333333333,"1 0"
"675","B6","A16",50.4166,2024-02-28 10:59:00,"B",6,"16","1","0",6,"16 0 1 6",8.96111111111111,"1 0"
"676","B6","A16",41.2218,2024-02-21 11:02:00,"B",6,"16","1","0",6,"16 0 1 6",1.96319444444444,"1 0"
"677","B6","A16",73.7044,2024-02-26 11:31:00,"B",6,"16","1","0",6,"16 0 1 6",6.98333333333333,"1 0"
"678","B6","A16",89.244,2024-02-24 11:06:00,"B",6,"16","1","0",6,"16 0 1 6",4.96597222222222,"1 0"
"679","B6","A16",18.6258,2024-02-20 11:03:00,"B",6,"16","1","0",6,"16 0 1 6",0.963888888888889,"1 0"
"680","B6","A16",62.8102,2024-02-27 11:38:00,"B",6,"16","1","0",6,"16 0 1 6",7.98819444444444,"1 0"
"681","B6","A16",43.7322,2024-03-01 11:59:00,"B",6,"16","1","0",6,"16 0 1 6",11.0027777777778,"1 0"
"682","B6","A16",70.4538,2024-02-22 11:30:00,"B",6,"16","1","0",6,"16 0 1 6",2.98263888888889,"1 0"
"683","B6","A16",50.2804,2024-02-29 11:03:00,"B",6,"16","1","0",6,"16 0 1 6",9.96388888888889,"1 0"
"684","B6","A16",79.2032,2024-02-25 11:35:00,"B",6,"16","1","0",6,"16 0 1 6",5.98611111111111,"1 0"
"685","B6","A19",22.2608,2024-02-19 11:55:00,"B",6,"19","1","0",6,"19 0 1 6",0,"1 0"
"686","B6","A19",99.4638,2024-02-23 11:31:00,"B",6,"19","1","0",6,"19 0 1 6",3.98333333333333,"1 0"
"687","B6","A19",37.6608,2024-02-28 10:59:00,"B",6,"19","1","0",6,"19 0 1 6",8.96111111111111,"1 0"
"688","B6","A19",47.827,2024-02-21 11:02:00,"B",6,"19","1","0",6,"19 0 1 6",1.96319444444444,"1 0"
"689","B6","A19",52.2818,2024-02-26 11:31:00,"B",6,"19","1","0",6,"19 0 1 6",6.98333333333333,"1 0"
"690","B6","A19",80.1472,2024-02-24 11:06:00,"B",6,"19","1","0",6,"19 0 1 6",4.96597222222222,"1 0"
"691","B6","A19",19.2314,2024-02-20 11:03:00,"B",6,"19","1","0",6,"19 0 1 6",0.963888888888889,"1 0"
"692","B6","A19",46.2048,2024-02-27 11:38:00,"B",6,"19","1","0",6,"19 0 1 6",7.98819444444444,"1 0"
"693","B6","A19",44.5396,2024-03-01 11:59:00,"B",6,"19","1","0",6,"19 0 1 6",11.0027777777778,"1 0"
"694","B6","A19",83.8458,2024-02-22 11:30:00,"B",6,"19","1","0",6,"19 0 1 6",2.98263888888889,"1 0"
"695","B6","A19",37.55,2024-02-29 11:03:00,"B",6,"19","1","0",6,"19 0 1 6",9.96388888888889,"1 0"
"696","B6","A19",70.4896,2024-02-25 11:35:00,"B",6,"19","1","0",6,"19 0 1 6",5.98611111111111,"1 0"
"697","B6","A22",25.8636,2024-02-19 11:55:00,"B",6,"22","1","0",6,"22 0 1 6",0,"1 0"
"698","B6","A22",116.0048,2024-02-23 11:31:00,"B",6,"22","1","0",6,"22 0 1 6",3.98333333333333,"1 0"
"699","B6","A22",36.899,2024-02-28 10:59:00,"B",6,"22","1","0",6,"22 0 1 6",8.96111111111111,"1 0"
"700","B6","A22",68.496,2024-02-21 11:02:00,"B",6,"22","1","0",6,"22 0 1 6",1.96319444444444,"1 0"
"701","B6","A22",55.3558,2024-02-26 11:31:00,"B",6,"22","1","0",6,"22 0 1 6",6.98333333333333,"1 0"
"702","B6","A22",86.7472,2024-02-24 11:06:00,"B",6,"22","1","0",6,"22 0 1 6",4.96597222222222,"1 0"
"703","B6","A22",27.3596,2024-02-20 11:03:00,"B",6,"22","1","0",6,"22 0 1 6",0.963888888888889,"1 0"
"704","B6","A22",45.3774,2024-02-27 11:38:00,"B",6,"22","1","0",6,"22 0 1 6",7.98819444444444,"1 0"
"705","B6","A22",28.2878,2024-03-01 11:59:00,"B",6,"22","1","0",6,"22 0 1 6",11.0027777777778,"1 0"
"706","B6","A22",140.2448,2024-02-22 11:30:00,"B",6,"22","1","0",6,"22 0 1 6",2.98263888888889,"1 0"
"707","B6","A22",32.2474,2024-02-29 11:03:00,"B",6,"22","1","0",6,"22 0 1 6",9.96388888888889,"1 0"
"708","B6","A22",72.1194,2024-02-25 11:35:00,"B",6,"22","1","0",6,"22 0 1 6",5.98611111111111,"1 0"
"709","B6","A25",23.6122,2024-02-19 11:55:00,"B",6,"25","1","0",6,"25 0 1 6",0,"1 0"
"710","B6","A25",99.3966,2024-02-23 11:31:00,"B",6,"25","1","0",6,"25 0 1 6",3.98333333333333,"1 0"
"711","B6","A25",22.227,2024-02-28 10:59:00,"B",6,"25","1","0",6,"25 0 1 6",8.96111111111111,"1 0"
"712","B6","A25",51.5156,2024-02-21 11:02:00,"B",6,"25","1","0",6,"25 0 1 6",1.96319444444444,"1 0"
"713","B6","A25",29.6592,2024-02-26 11:31:00,"B",6,"25","1","0",6,"25 0 1 6",6.98333333333333,"1 0"
"714","B6","A25",56.884,2024-02-24 11:06:00,"B",6,"25","1","0",6,"25 0 1 6",4.96597222222222,"1 0"
"715","B6","A25",22.8444,2024-02-20 11:03:00,"B",6,"25","1","0",6,"25 0 1 6",0.963888888888889,"1 0"
"716","B6","A25",25.0458,2024-02-27 11:38:00,"B",6,"25","1","0",6,"25 0 1 6",7.98819444444444,"1 0"
"717","B6","A25",17.5184,2024-03-01 11:59:00,"B",6,"25","1","0",6,"25 0 1 6",11.0027777777778,"1 0"
"718","B6","A25",85.1222,2024-02-22 11:30:00,"B",6,"25","1","0",6,"25 0 1 6",2.98263888888889,"1 0"
"719","B6","A25",19.6876,2024-02-29 11:03:00,"B",6,"25","1","0",6,"25 0 1 6",9.96388888888889,"1 0"
"720","B6","A25",39.4498,2024-02-25 11:35:00,"B",6,"25","1","0",6,"25 0 1 6",5.98611111111111,"1 0"
"721","B6","A27",18.3302,2024-02-19 11:55:00,"B",6,"27","1","0",6,"27 0 1 6",0,"1 0"
"722","B6","A27",62.3718,2024-02-23 11:31:00,"B",6,"27","1","0",6,"27 0 1 6",3.98333333333333,"1 0"
"723","B6","A27",15.5558,2024-02-28 10:59:00,"B",6,"27","1","0",6,"27 0 1 6",8.96111111111111,"1 0"
"724","B6","A27",29.6128,2024-02-21 11:02:00,"B",6,"27","1","0",6,"27 0 1 6",1.96319444444444,"1 0"
"725","B6","A27",23.7576,2024-02-26 11:31:00,"B",6,"27","1","0",6,"27 0 1 6",6.98333333333333,"1 0"
"726","B6","A27",58.2052,2024-02-24 11:06:00,"B",6,"27","1","0",6,"27 0 1 6",4.96597222222222,"1 0"
"727","B6","A27",15.8352,2024-02-20 11:03:00,"B",6,"27","1","0",6,"27 0 1 6",0.963888888888889,"1 0"
"728","B6","A27",18.469,2024-02-27 11:38:00,"B",6,"27","1","0",6,"27 0 1 6",7.98819444444444,"1 0"
"729","B6","A27",12.969,2024-03-01 11:59:00,"B",6,"27","1","0",6,"27 0 1 6",11.0027777777778,"1 0"
"730","B6","A27",46.4642,2024-02-22 11:30:00,"B",6,"27","1","0",6,"27 0 1 6",2.98263888888889,"1 0"
"731","B6","A27",14.1986,2024-02-29 11:03:00,"B",6,"27","1","0",6,"27 0 1 6",9.96388888888889,"1 0"
"732","B6","A27",37.6902,2024-02-25 11:35:00,"B",6,"27","1","0",6,"27 0 1 6",5.98611111111111,"1 0"
"733","B6","X13",23.2172,2024-02-19 11:55:00,"B",6,"13","1","1",6,"13 1 1 6",0,"1 1"
"734","B6","X13",68.7056,2024-02-23 11:31:00,"B",6,"13","1","1",6,"13 1 1 6",3.98333333333333,"1 1"
"735","B6","X13",80.1826,2024-02-28 10:59:00,"B",6,"13","1","1",6,"13 1 1 6",8.96111111111111,"1 1"
"736","B6","X13",25.2888,2024-02-21 11:02:00,"B",6,"13","1","1",6,"13 1 1 6",1.96319444444444,"1 1"
"737","B6","X13",102.0198,2024-02-26 11:31:00,"B",6,"13","1","1",6,"13 1 1 6",6.98333333333333,"1 1"
"738","B6","X13",117.8712,2024-02-24 11:06:00,"B",6,"13","1","1",6,"13 1 1 6",4.96597222222222,"1 1"
"739","B6","X13",19.6016,2024-02-20 11:03:00,"B",6,"13","1","1",6,"13 1 1 6",0.963888888888889,"1 1"
"740","B6","X13",92.0556,2024-02-27 11:38:00,"B",6,"13","1","1",6,"13 1 1 6",7.98819444444444,"1 1"
"741","B6","X13",70.177,2024-03-01 11:59:00,"B",6,"13","1","1",6,"13 1 1 6",11.0027777777778,"1 1"
"742","B6","X13",54.5948,2024-02-22 11:30:00,"B",6,"13","1","1",6,"13 1 1 6",2.98263888888889,"1 1"
"743","B6","X13",65.291,2024-02-29 11:03:00,"B",6,"13","1","1",6,"13 1 1 6",9.96388888888889,"1 1"
"744","B6","X13",110.2156,2024-02-25 11:35:00,"B",6,"13","1","1",6,"13 1 1 6",5.98611111111111,"1 1"
"745","B6","X20",28.7434,2024-02-19 11:55:00,"B",6,"20","1","1",6,"20 1 1 6",0,"1 1"
"746","B6","X20",136.5922,2024-02-23 11:31:00,"B",6,"20","1","1",6,"20 1 1 6",3.98333333333333,"1 1"
"747","B6","X20",95.8802,2024-02-28 10:59:00,"B",6,"20","1","1",6,"20 1 1 6",8.96111111111111,"1 1"
"748","B6","X20",75.9052,2024-02-21 11:02:00,"B",6,"20","1","1",6,"20 1 1 6",1.96319444444444,"1 1"
"749","B6","X20",109.9488,2024-02-26 11:31:00,"B",6,"20","1","1",6,"20 1 1 6",6.98333333333333,"1 1"
"750","B6","X20",127.8388,2024-02-24 11:06:00,"B",6,"20","1","1",6,"20 1 1 6",4.96597222222222,"1 1"
"751","B6","X20",22.2426,2024-02-20 11:03:00,"B",6,"20","1","1",6,"20 1 1 6",0.963888888888889,"1 1"
"752","B6","X20",132.3982,2024-02-27 11:38:00,"B",6,"20","1","1",6,"20 1 1 6",7.98819444444444,"1 1"
"753","B6","X20",66.046,2024-03-01 11:59:00,"B",6,"20","1","1",6,"20 1 1 6",11.0027777777778,"1 1"
"754","B6","X20",108.9458,2024-02-22 11:30:00,"B",6,"20","1","1",6,"20 1 1 6",2.98263888888889,"1 1"
"755","B6","X20",87.3242,2024-02-29 11:03:00,"B",6,"20","1","1",6,"20 1 1 6",9.96388888888889,"1 1"
"756","B6","X20",129.9422,2024-02-25 11:35:00,"B",6,"20","1","1",6,"20 1 1 6",5.98611111111111,"1 1"
"757","B6","X22",30.7592,2024-02-19 11:55:00,"B",6,"22","1","1",6,"22 1 1 6",0,"1 1"
"758","B6","X22",151.6782,2024-02-23 11:31:00,"B",6,"22","1","1",6,"22 1 1 6",3.98333333333333,"1 1"
"759","B6","X22",87.4652,2024-02-28 10:59:00,"B",6,"22","1","1",6,"22 1 1 6",8.96111111111111,"1 1"
"760","B6","X22",89.5356,2024-02-21 11:02:00,"B",6,"22","1","1",6,"22 1 1 6",1.96319444444444,"1 1"
"761","B6","X22",145.994,2024-02-26 11:31:00,"B",6,"22","1","1",6,"22 1 1 6",6.98333333333333,"1 1"
"762","B6","X22",116.6526,2024-02-24 11:06:00,"B",6,"22","1","1",6,"22 1 1 6",4.96597222222222,"1 1"
"763","B6","X22",29.5732,2024-02-20 11:03:00,"B",6,"22","1","1",6,"22 1 1 6",0.963888888888889,"1 1"
"764","B6","X22",122.8776,2024-02-27 11:38:00,"B",6,"22","1","1",6,"22 1 1 6",7.98819444444444,"1 1"
"765","B6","X22",63.2074,2024-03-01 11:59:00,"B",6,"22","1","1",6,"22 1 1 6",11.0027777777778,"1 1"
"766","B6","X22",138.198,2024-02-22 11:30:00,"B",6,"22","1","1",6,"22 1 1 6",2.98263888888889,"1 1"
"767","B6","X22",79.871,2024-02-29 11:03:00,"B",6,"22","1","1",6,"22 1 1 6",9.96388888888889,"1 1"
"768","B6","X22",167.5786,2024-02-25 11:35:00,"B",6,"22","1","1",6,"22 1 1 6",5.98611111111111,"1 1"
"769","B6","X25",29.352,2024-02-19 11:55:00,"B",6,"25","1","1",6,"25 1 1 6",0,"1 1"
"770","B6","X25",132.1742,2024-02-23 11:31:00,"B",6,"25","1","1",6,"25 1 1 6",3.98333333333333,"1 1"
"771","B6","X25",60.7704,2024-02-28 10:59:00,"B",6,"25","1","1",6,"25 1 1 6",8.96111111111111,"1 1"
"772","B6","X25",79.0286,2024-02-21 11:02:00,"B",6,"25","1","1",6,"25 1 1 6",1.96319444444444,"1 1"
"773","B6","X25",102.9638,2024-02-26 11:31:00,"B",6,"25","1","1",6,"25 1 1 6",6.98333333333333,"1 1"
"774","B6","X25",173.3256,2024-02-24 11:06:00,"B",6,"25","1","1",6,"25 1 1 6",4.96597222222222,"1 1"
"775","B6","X25",30.868,2024-02-20 11:03:00,"B",6,"25","1","1",6,"25 1 1 6",0.963888888888889,"1 1"
"776","B6","X25",78.8894,2024-02-27 11:38:00,"B",6,"25","1","1",6,"25 1 1 6",7.98819444444444,"1 1"
"777","B6","X25",45.4118,2024-03-01 11:59:00,"B",6,"25","1","1",6,"25 1 1 6",11.0027777777778,"1 1"
"778","B6","X25",127.162,2024-02-22 11:30:00,"B",6,"25","1","1",6,"25 1 1 6",2.98263888888889,"1 1"
"779","B6","X25",55.9422,2024-02-29 11:03:00,"B",6,"25","1","1",6,"25 1 1 6",9.96388888888889,"1 1"
"780","B6","X25",162.4862,2024-02-25 11:35:00,"B",6,"25","1","1",6,"25 1 1 6",5.98611111111111,"1 1"
"781","B6","X27",24.2946,2024-02-19 11:55:00,"B",6,"27","1","1",6,"27 1 1 6",0,"1 1"
"782","B6","X27",91.1586,2024-02-23 11:31:00,"B",6,"27","1","1",6,"27 1 1 6",3.98333333333333,"1 1"
"783","B6","X27",81.814,2024-02-28 10:59:00,"B",6,"27","1","1",6,"27 1 1 6",8.96111111111111,"1 1"
"784","B6","X27",41.4002,2024-02-21 11:02:00,"B",6,"27","1","1",6,"27 1 1 6",1.96319444444444,"1 1"
"785","B6","X27",122.2182,2024-02-26 11:31:00,"B",6,"27","1","1",6,"27 1 1 6",6.98333333333333,"1 1"
"786","B6","X27",119.5454,2024-02-24 11:06:00,"B",6,"27","1","1",6,"27 1 1 6",4.96597222222222,"1 1"
"787","B6","X27",18.5118,2024-02-20 11:03:00,"B",6,"27","1","1",6,"27 1 1 6",0.963888888888889,"1 1"
"788","B6","X27",116.2558,2024-02-27 11:38:00,"B",6,"27","1","1",6,"27 1 1 6",7.98819444444444,"1 1"
"789","B6","X27",57.6548,2024-03-01 11:59:00,"B",6,"27","1","1",6,"27 1 1 6",11.0027777777778,"1 1"
"790","B6","X27",69.6458,2024-02-22 11:30:00,"B",6,"27","1","1",6,"27 1 1 6",2.98263888888889,"1 1"
"791","B6","X27",66.0848,2024-02-29 11:03:00,"B",6,"27","1","1",6,"27 1 1 6",9.96388888888889,"1 1"
"792","B6","X27",125.7746,2024-02-25 11:35:00,"B",6,"27","1","1",6,"27 1 1 6",5.98611111111111,"1 1"
"793","B7","A12",49.2774,2024-02-23 11:31:00,"B",7,"12","1","0",7,"12 0 1 7",3.98333333333333,"1 0"
"794","B7","A12",40.2246,2024-02-28 10:59:00,"B",7,"12","1","0",7,"12 0 1 7",8.96111111111111,"1 0"
"795","B7","A12",31.9852,2024-02-22 11:30:00,"B",7,"12","1","0",7,"12 0 1 7",2.98263888888889,"1 0"
"796","B7","A12",58.6092,2024-02-24 11:06:00,"B",7,"12","1","0",7,"12 0 1 7",4.96597222222222,"1 0"
"797","B7","A12",20.2994,2024-02-19 11:55:00,"B",7,"12","1","0",7,"12 0 1 7",0,"1 0"
"798","B7","A12",52.911,2024-02-25 11:35:00,"B",7,"12","1","0",7,"12 0 1 7",5.98611111111111,"1 0"
"799","B7","A12",10.942,2024-02-20 11:03:00,"B",7,"12","1","0",7,"12 0 1 7",0.963888888888889,"1 0"
"800","B7","A12",18.4264,2024-02-21 11:02:00,"B",7,"12","1","0",7,"12 0 1 7",1.96319444444444,"1 0"
"801","B7","A12",43.788,2024-02-29 11:03:00,"B",7,"12","1","0",7,"12 0 1 7",9.96388888888889,"1 0"
"802","B7","A12",49.0692,2024-02-26 11:31:00,"B",7,"12","1","0",7,"12 0 1 7",6.98333333333333,"1 0"
"803","B7","A12",46.3856,2024-02-27 11:38:00,"B",7,"12","1","0",7,"12 0 1 7",7.98819444444444,"1 0"
"804","B7","A12",39.4684,2024-03-01 11:59:00,"B",7,"12","1","0",7,"12 0 1 7",11.0027777777778,"1 0"
"805","B7","A16",91.98,2024-02-23 11:31:00,"B",7,"16","1","0",7,"16 0 1 7",3.98333333333333,"1 0"
"806","B7","A16",44.0526,2024-02-28 10:59:00,"B",7,"16","1","0",7,"16 0 1 7",8.96111111111111,"1 0"
"807","B7","A16",64.6404,2024-02-22 11:30:00,"B",7,"16","1","0",7,"16 0 1 7",2.98263888888889,"1 0"
"808","B7","A16",79.2524,2024-02-24 11:06:00,"B",7,"16","1","0",7,"16 0 1 7",4.96597222222222,"1 0"
"809","B7","A16",23.2114,2024-02-19 11:55:00,"B",7,"16","1","0",7,"16 0 1 7",0,"1 0"
"810","B7","A16",67.4526,2024-02-25 11:35:00,"B",7,"16","1","0",7,"16 0 1 7",5.98611111111111,"1 0"
"811","B7","A16",16.6972,2024-02-20 11:03:00,"B",7,"16","1","0",7,"16 0 1 7",0.963888888888889,"1 0"
"812","B7","A16",37.2812,2024-02-21 11:02:00,"B",7,"16","1","0",7,"16 0 1 7",1.96319444444444,"1 0"
"813","B7","A16",45.4412,2024-02-29 11:03:00,"B",7,"16","1","0",7,"16 0 1 7",9.96388888888889,"1 0"
"814","B7","A16",66.1614,2024-02-26 11:31:00,"B",7,"16","1","0",7,"16 0 1 7",6.98333333333333,"1 0"
"815","B7","A16",55.8788,2024-02-27 11:38:00,"B",7,"16","1","0",7,"16 0 1 7",7.98819444444444,"1 0"
"816","B7","A16",39.7768,2024-03-01 11:59:00,"B",7,"16","1","0",7,"16 0 1 7",11.0027777777778,"1 0"
"817","B7","A19",93.4914,2024-02-23 11:31:00,"B",7,"19","1","0",7,"19 0 1 7",3.98333333333333,"1 0"
"818","B7","A19",34.4554,2024-02-28 10:59:00,"B",7,"19","1","0",7,"19 0 1 7",8.96111111111111,"1 0"
"819","B7","A19",75.247,2024-02-22 11:30:00,"B",7,"19","1","0",7,"19 0 1 7",2.98263888888889,"1 0"
"820","B7","A19",74.5306,2024-02-24 11:06:00,"B",7,"19","1","0",7,"19 0 1 7",4.96597222222222,"1 0"
"821","B7","A19",23.1564,2024-02-19 11:55:00,"B",7,"19","1","0",7,"19 0 1 7",0,"1 0"
"822","B7","A19",66.5466,2024-02-25 11:35:00,"B",7,"19","1","0",7,"19 0 1 7",5.98611111111111,"1 0"
"823","B7","A19",17.1172,2024-02-20 11:03:00,"B",7,"19","1","0",7,"19 0 1 7",0.963888888888889,"1 0"
"824","B7","A19",43.192,2024-02-21 11:02:00,"B",7,"19","1","0",7,"19 0 1 7",1.96319444444444,"1 0"
"825","B7","A19",34.1244,2024-02-29 11:03:00,"B",7,"19","1","0",7,"19 0 1 7",9.96388888888889,"1 0"
"826","B7","A19",48.1826,2024-02-26 11:31:00,"B",7,"19","1","0",7,"19 0 1 7",6.98333333333333,"1 0"
"827","B7","A19",41.8772,2024-02-27 11:38:00,"B",7,"19","1","0",7,"19 0 1 7",7.98819444444444,"1 0"
"828","B7","A19",42.9926,2024-03-01 11:59:00,"B",7,"19","1","0",7,"19 0 1 7",11.0027777777778,"1 0"
"829","B7","A22",103.6514,2024-02-23 11:31:00,"B",7,"22","1","0",7,"22 0 1 7",3.98333333333333,"1 0"
"830","B7","A22",30.2532,2024-02-28 10:59:00,"B",7,"22","1","0",7,"22 0 1 7",8.96111111111111,"1 0"
"831","B7","A22",121.2558,2024-02-22 11:30:00,"B",7,"22","1","0",7,"22 0 1 7",2.98263888888889,"1 0"
"832","B7","A22",78.7636,2024-02-24 11:06:00,"B",7,"22","1","0",7,"22 0 1 7",4.96597222222222,"1 0"
"833","B7","A22",25.2082,2024-02-19 11:55:00,"B",7,"22","1","0",7,"22 0 1 7",0,"1 0"
"834","B7","A22",59.5896,2024-02-25 11:35:00,"B",7,"22","1","0",7,"22 0 1 7",5.98611111111111,"1 0"
"835","B7","A22",22.1134,2024-02-20 11:03:00,"B",7,"22","1","0",7,"22 0 1 7",0.963888888888889,"1 0"
"836","B7","A22",57.2444,2024-02-21 11:02:00,"B",7,"22","1","0",7,"22 0 1 7",1.96319444444444,"1 0"
"837","B7","A22",26.4722,2024-02-29 11:03:00,"B",7,"22","1","0",7,"22 0 1 7",9.96388888888889,"1 0"
"838","B7","A22",44.731,2024-02-26 11:31:00,"B",7,"22","1","0",7,"22 0 1 7",6.98333333333333,"1 0"
"839","B7","A22",36.7276,2024-02-27 11:38:00,"B",7,"22","1","0",7,"22 0 1 7",7.98819444444444,"1 0"
"840","B7","A22",23.7178,2024-03-01 11:59:00,"B",7,"22","1","0",7,"22 0 1 7",11.0027777777778,"1 0"
"841","B7","A25",96.2732,2024-02-23 11:31:00,"B",7,"25","1","0",7,"25 0 1 7",3.98333333333333,"1 0"
"842","B7","A25",21.6348,2024-02-28 10:59:00,"B",7,"25","1","0",7,"25 0 1 7",8.96111111111111,"1 0"
"843","B7","A25",83.2598,2024-02-22 11:30:00,"B",7,"25","1","0",7,"25 0 1 7",2.98263888888889,"1 0"
"844","B7","A25",55.0552,2024-02-24 11:06:00,"B",7,"25","1","0",7,"25 0 1 7",4.96597222222222,"1 0"
"845","B7","A25",23.6292,2024-02-19 11:55:00,"B",7,"25","1","0",7,"25 0 1 7",0,"1 0"
"846","B7","A25",38.2224,2024-02-25 11:35:00,"B",7,"25","1","0",7,"25 0 1 7",5.98611111111111,"1 0"
"847","B7","A25",22.4686,2024-02-20 11:03:00,"B",7,"25","1","0",7,"25 0 1 7",0.963888888888889,"1 0"
"848","B7","A25",49.9022,2024-02-21 11:02:00,"B",7,"25","1","0",7,"25 0 1 7",1.96319444444444,"1 0"
"849","B7","A25",19.0184,2024-02-29 11:03:00,"B",7,"25","1","0",7,"25 0 1 7",9.96388888888889,"1 0"
"850","B7","A25",28.7042,2024-02-26 11:31:00,"B",7,"25","1","0",7,"25 0 1 7",6.98333333333333,"1 0"
"851","B7","A25",24.0066,2024-02-27 11:38:00,"B",7,"25","1","0",7,"25 0 1 7",7.98819444444444,"1 0"
"852","B7","A25",17.1308,2024-03-01 11:59:00,"B",7,"25","1","0",7,"25 0 1 7",11.0027777777778,"1 0"
"853","B7","A27",62.6918,2024-02-23 11:31:00,"B",7,"27","1","0",7,"27 0 1 7",3.98333333333333,"1 0"
"854","B7","A27",15.1114,2024-02-28 10:59:00,"B",7,"27","1","0",7,"27 0 1 7",8.96111111111111,"1 0"
"855","B7","A27",44.75,2024-02-22 11:30:00,"B",7,"27","1","0",7,"27 0 1 7",2.98263888888889,"1 0"
"856","B7","A27",55.584,2024-02-24 11:06:00,"B",7,"27","1","0",7,"27 0 1 7",4.96597222222222,"1 0"
"857","B7","A27",17.5546,2024-02-19 11:55:00,"B",7,"27","1","0",7,"27 0 1 7",0,"1 0"
"858","B7","A27",34.9726,2024-02-25 11:35:00,"B",7,"27","1","0",7,"27 0 1 7",5.98611111111111,"1 0"
"859","B7","A27",14.6226,2024-02-20 11:03:00,"B",7,"27","1","0",7,"27 0 1 7",0.963888888888889,"1 0"
"860","B7","A27",28.2696,2024-02-21 11:02:00,"B",7,"27","1","0",7,"27 0 1 7",1.96319444444444,"1 0"
"861","B7","A27",13.6982,2024-02-29 11:03:00,"B",7,"27","1","0",7,"27 0 1 7",9.96388888888889,"1 0"
"862","B7","A27",21.9144,2024-02-26 11:31:00,"B",7,"27","1","0",7,"27 0 1 7",6.98333333333333,"1 0"
"863","B7","A27",17.4848,2024-02-27 11:38:00,"B",7,"27","1","0",7,"27 0 1 7",7.98819444444444,"1 0"
"864","B7","A27",12.7432,2024-03-01 11:59:00,"B",7,"27","1","0",7,"27 0 1 7",11.0027777777778,"1 0"
"865","B7","X13",66.6224,2024-02-23 11:31:00,"B",7,"13","1","1",7,"13 1 1 7",3.98333333333333,"1 1"
"866","B7","X13",75.5004,2024-02-28 10:59:00,"B",7,"13","1","1",7,"13 1 1 7",8.96111111111111,"1 1"
"867","B7","X13",57.3538,2024-02-22 11:30:00,"B",7,"13","1","1",7,"13 1 1 7",2.98263888888889,"1 1"
"868","B7","X13",121.2188,2024-02-24 11:06:00,"B",7,"13","1","1",7,"13 1 1 7",4.96597222222222,"1 1"
"869","B7","X13",23.7586,2024-02-19 11:55:00,"B",7,"13","1","1",7,"13 1 1 7",0,"1 1"
"870","B7","X13",107.5908,2024-02-25 11:35:00,"B",7,"13","1","1",7,"13 1 1 7",5.98611111111111,"1 1"
"871","B7","X13",19.8632,2024-02-20 11:03:00,"B",7,"13","1","1",7,"13 1 1 7",0.963888888888889,"1 1"
"872","B7","X13",26.972,2024-02-21 11:02:00,"B",7,"13","1","1",7,"13 1 1 7",1.96319444444444,"1 1"
"873","B7","X13",62.5994,2024-02-29 11:03:00,"B",7,"13","1","1",7,"13 1 1 7",9.96388888888889,"1 1"
"874","B7","X13",94.1124,2024-02-26 11:31:00,"B",7,"13","1","1",7,"13 1 1 7",6.98333333333333,"1 1"
"875","B7","X13",83.1382,2024-02-27 11:38:00,"B",7,"13","1","1",7,"13 1 1 7",7.98819444444444,"1 1"
"876","B7","X13",67.2466,2024-03-01 11:59:00,"B",7,"13","1","1",7,"13 1 1 7",11.0027777777778,"1 1"
"877","B7","X20",131.434,2024-02-23 11:31:00,"B",7,"20","1","1",7,"20 1 1 7",3.98333333333333,"1 1"
"878","B7","X20",92.1376,2024-02-28 10:59:00,"B",7,"20","1","1",7,"20 1 1 7",8.96111111111111,"1 1"
"879","B7","X20",101.8228,2024-02-22 11:30:00,"B",7,"20","1","1",7,"20 1 1 7",2.98263888888889,"1 1"
"880","B7","X20",122.5998,2024-02-24 11:06:00,"B",7,"20","1","1",7,"20 1 1 7",4.96597222222222,"1 1"
"881","B7","X20",26.2224,2024-02-19 11:55:00,"B",7,"20","1","1",7,"20 1 1 7",0,"1 1"
"882","B7","X20",128.5274,2024-02-25 11:35:00,"B",7,"20","1","1",7,"20 1 1 7",5.98611111111111,"1 1"
"883","B7","X20",20.1874,2024-02-20 11:03:00,"B",7,"20","1","1",7,"20 1 1 7",0.963888888888889,"1 1"
"884","B7","X20",72.7818,2024-02-21 11:02:00,"B",7,"20","1","1",7,"20 1 1 7",1.96319444444444,"1 1"
"885","B7","X20",87.6684,2024-02-29 11:03:00,"B",7,"20","1","1",7,"20 1 1 7",9.96388888888889,"1 1"
"886","B7","X20",103.1082,2024-02-26 11:31:00,"B",7,"20","1","1",7,"20 1 1 7",6.98333333333333,"1 1"
"887","B7","X20",130.9774,2024-02-27 11:38:00,"B",7,"20","1","1",7,"20 1 1 7",7.98819444444444,"1 1"
"888","B7","X20",65.2382,2024-03-01 11:59:00,"B",7,"20","1","1",7,"20 1 1 7",11.0027777777778,"1 1"
"889","B7","X22",146.8412,2024-02-23 11:31:00,"B",7,"22","1","1",7,"22 1 1 7",3.98333333333333,"1 1"
"890","B7","X22",83.568,2024-02-28 10:59:00,"B",7,"22","1","1",7,"22 1 1 7",8.96111111111111,"1 1"
"891","B7","X22",138.2894,2024-02-22 11:30:00,"B",7,"22","1","1",7,"22 1 1 7",2.98263888888889,"1 1"
"892","B7","X22",118.9172,2024-02-24 11:06:00,"B",7,"22","1","1",7,"22 1 1 7",4.96597222222222,"1 1"
"893","B7","X22",30.9728,2024-02-19 11:55:00,"B",7,"22","1","1",7,"22 1 1 7",0,"1 1"
"894","B7","X22",163.9404,2024-02-25 11:35:00,"B",7,"22","1","1",7,"22 1 1 7",5.98611111111111,"1 1"
"895","B7","X22",28.5158,2024-02-20 11:03:00,"B",7,"22","1","1",7,"22 1 1 7",0.963888888888889,"1 1"
"896","B7","X22",88.3908,2024-02-21 11:02:00,"B",7,"22","1","1",7,"22 1 1 7",1.96319444444444,"1 1"
"897","B7","X22",77.3316,2024-02-29 11:03:00,"B",7,"22","1","1",7,"22 1 1 7",9.96388888888889,"1 1"
"898","B7","X22",143.7696,2024-02-26 11:31:00,"B",7,"22","1","1",7,"22 1 1 7",6.98333333333333,"1 1"
"899","B7","X22",115.4946,2024-02-27 11:38:00,"B",7,"22","1","1",7,"22 1 1 7",7.98819444444444,"1 1"
"900","B7","X22",60.2026,2024-03-01 11:59:00,"B",7,"22","1","1",7,"22 1 1 7",11.0027777777778,"1 1"
"901","B7","X25",93.84,2024-02-23 11:31:00,"B",7,"25","1","1",7,"25 1 1 7",3.98333333333333,"1 1"
"902","B7","X25",58.8368,2024-02-28 10:59:00,"B",7,"25","1","1",7,"25 1 1 7",8.96111111111111,"1 1"
"903","B7","X25",128.261,2024-02-22 11:30:00,"B",7,"25","1","1",7,"25 1 1 7",2.98263888888889,"1 1"
"904","B7","X25",180.3536,2024-02-24 11:06:00,"B",7,"25","1","1",7,"25 1 1 7",4.96597222222222,"1 1"
"905","B7","X25",29.0826,2024-02-19 11:55:00,"B",7,"25","1","1",7,"25 1 1 7",0,"1 1"
"906","B7","X25",170.6232,2024-02-25 11:35:00,"B",7,"25","1","1",7,"25 1 1 7",5.98611111111111,"1 1"
"907","B7","X25",31.0348,2024-02-20 11:03:00,"B",7,"25","1","1",7,"25 1 1 7",0.963888888888889,"1 1"
"908","B7","X25",79.1536,2024-02-21 11:02:00,"B",7,"25","1","1",7,"25 1 1 7",1.96319444444444,"1 1"
"909","B7","X25",53.001,2024-02-29 11:03:00,"B",7,"25","1","1",7,"25 1 1 7",9.96388888888889,"1 1"
"910","B7","X25",104.0392,2024-02-26 11:31:00,"B",7,"25","1","1",7,"25 1 1 7",6.98333333333333,"1 1"
"911","B7","X25",77.87,2024-02-27 11:38:00,"B",7,"25","1","1",7,"25 1 1 7",7.98819444444444,"1 1"
"912","B7","X25",43.1314,2024-03-01 11:59:00,"B",7,"25","1","1",7,"25 1 1 7",11.0027777777778,"1 1"
"913","B7","X27",90.048,2024-02-23 11:31:00,"B",7,"27","1","1",7,"27 1 1 7",3.98333333333333,"1 1"
"914","B7","X27",84.3546,2024-02-28 10:59:00,"B",7,"27","1","1",7,"27 1 1 7",8.96111111111111,"1 1"
"915","B7","X27",69.3802,2024-02-22 11:30:00,"B",7,"27","1","1",7,"27 1 1 7",2.98263888888889,"1 1"
"916","B7","X27",118.8036,2024-02-24 11:06:00,"B",7,"27","1","1",7,"27 1 1 7",4.96597222222222,"1 1"
"917","B7","X27",25.1908,2024-02-19 11:55:00,"B",7,"27","1","1",7,"27 1 1 7",0,"1 1"
"918","B7","X27",127.5286,2024-02-25 11:35:00,"B",7,"27","1","1",7,"27 1 1 7",5.98611111111111,"1 1"
"919","B7","X27",19.4716,2024-02-20 11:03:00,"B",7,"27","1","1",7,"27 1 1 7",0.963888888888889,"1 1"
"920","B7","X27",42.446,2024-02-21 11:02:00,"B",7,"27","1","1",7,"27 1 1 7",1.96319444444444,"1 1"
"921","B7","X27",66.9022,2024-02-29 11:03:00,"B",7,"27","1","1",7,"27 1 1 7",9.96388888888889,"1 1"
"922","B7","X27",129.5174,2024-02-26 11:31:00,"B",7,"27","1","1",7,"27 1 1 7",6.98333333333333,"1 1"
"923","B7","X27",123.6076,2024-02-27 11:38:00,"B",7,"27","1","1",7,"27 1 1 7",7.98819444444444,"1 1"
"924","B7","X27",58.299,2024-03-01 11:59:00,"B",7,"27","1","1",7,"27 1 1 7",11.0027777777778,"1 1"
"925","B8","A12",43.1084,2024-02-23 11:31:00,"B",8,"12","1","0",8,"12 0 1 8",3.98333333333333,"1 0"
"926","B8","A12",34.377,2024-02-28 10:59:00,"B",8,"12","1","0",8,"12 0 1 8",8.96111111111111,"1 0"
"927","B8","A12",43.3164,2024-02-25 11:35:00,"B",8,"12","1","0",8,"12 0 1 8",5.98611111111111,"1 0"
"928","B8","A12",40.8104,2024-02-29 11:03:00,"B",8,"12","1","0",8,"12 0 1 8",9.96388888888889,"1 0"
"929","B8","A12",39.6742,2024-02-27 11:38:00,"B",8,"12","1","0",8,"12 0 1 8",7.98819444444444,"1 0"
"930","B8","A12",20.6726,2024-02-19 11:55:00,"B",8,"12","1","0",8,"12 0 1 8",0,"1 0"
"931","B8","A12",16.4638,2024-02-21 11:02:00,"B",8,"12","1","0",8,"12 0 1 8",1.96319444444444,"1 0"
"932","B8","A12",28.2284,2024-02-22 11:30:00,"B",8,"12","1","0",8,"12 0 1 8",2.98263888888889,"1 0"
"933","B8","A12",47.7048,2024-02-24 11:06:00,"B",8,"12","1","0",8,"12 0 1 8",4.96597222222222,"1 0"
"934","B8","A12",10.0962,2024-02-20 11:03:00,"B",8,"12","1","0",8,"12 0 1 8",0.963888888888889,"1 0"
"935","B8","A12",34.0888,2024-03-01 11:59:00,"B",8,"12","1","0",8,"12 0 1 8",11.0027777777778,"1 0"
"936","B8","A12",43.983,2024-02-26 11:31:00,"B",8,"12","1","0",8,"12 0 1 8",6.98333333333333,"1 0"
"937","B8","A16",91.1494,2024-02-23 11:31:00,"B",8,"16","1","0",8,"16 0 1 8",3.98333333333333,"1 0"
"938","B8","A16",44.6368,2024-02-28 10:59:00,"B",8,"16","1","0",8,"16 0 1 8",8.96111111111111,"1 0"
"939","B8","A16",71.6184,2024-02-25 11:35:00,"B",8,"16","1","0",8,"16 0 1 8",5.98611111111111,"1 0"
"940","B8","A16",43.1918,2024-02-29 11:03:00,"B",8,"16","1","0",8,"16 0 1 8",9.96388888888889,"1 0"
"941","B8","A16",56.0334,2024-02-27 11:38:00,"B",8,"16","1","0",8,"16 0 1 8",7.98819444444444,"1 0"
"942","B8","A16",23.1654,2024-02-19 11:55:00,"B",8,"16","1","0",8,"16 0 1 8",0,"1 0"
"943","B8","A16",34.3488,2024-02-21 11:02:00,"B",8,"16","1","0",8,"16 0 1 8",1.96319444444444,"1 0"
"944","B8","A16",61.3628,2024-02-22 11:30:00,"B",8,"16","1","0",8,"16 0 1 8",2.98263888888889,"1 0"
"945","B8","A16",83.2286,2024-02-24 11:06:00,"B",8,"16","1","0",8,"16 0 1 8",4.96597222222222,"1 0"
"946","B8","A16",14.941,2024-02-20 11:03:00,"B",8,"16","1","0",8,"16 0 1 8",0.963888888888889,"1 0"
"947","B8","A16",34.5436,2024-03-01 11:59:00,"B",8,"16","1","0",8,"16 0 1 8",11.0027777777778,"1 0"
"948","B8","A16",72.374,2024-02-26 11:31:00,"B",8,"16","1","0",8,"16 0 1 8",6.98333333333333,"1 0"
"949","B8","A19",95.7076,2024-02-23 11:31:00,"B",8,"19","1","0",8,"19 0 1 8",3.98333333333333,"1 0"
"950","B8","A19",29.3564,2024-02-28 10:59:00,"B",8,"19","1","0",8,"19 0 1 8",8.96111111111111,"1 0"
"951","B8","A19",61.4194,2024-02-25 11:35:00,"B",8,"19","1","0",8,"19 0 1 8",5.98611111111111,"1 0"
"952","B8","A19",29.782,2024-02-29 11:03:00,"B",8,"19","1","0",8,"19 0 1 8",9.96388888888889,"1 0"
"953","B8","A19",37.6054,2024-02-27 11:38:00,"B",8,"19","1","0",8,"19 0 1 8",7.98819444444444,"1 0"
"954","B8","A19",21.8974,2024-02-19 11:55:00,"B",8,"19","1","0",8,"19 0 1 8",0,"1 0"
"955","B8","A19",39.5504,2024-02-21 11:02:00,"B",8,"19","1","0",8,"19 0 1 8",1.96319444444444,"1 0"
"956","B8","A19",71.3188,2024-02-22 11:30:00,"B",8,"19","1","0",8,"19 0 1 8",2.98263888888889,"1 0"
"957","B8","A19",78.4232,2024-02-24 11:06:00,"B",8,"19","1","0",8,"19 0 1 8",4.96597222222222,"1 0"
"958","B8","A19",15.475,2024-02-20 11:03:00,"B",8,"19","1","0",8,"19 0 1 8",0.963888888888889,"1 0"
"959","B8","A19",32.0754,2024-03-01 11:59:00,"B",8,"19","1","0",8,"19 0 1 8",11.0027777777778,"1 0"
"960","B8","A19",42.8432,2024-02-26 11:31:00,"B",8,"19","1","0",8,"19 0 1 8",6.98333333333333,"1 0"
"961","B8","A22",109.4942,2024-02-23 11:31:00,"B",8,"22","1","0",8,"22 0 1 8",3.98333333333333,"1 0"
"962","B8","A22",25.3568,2024-02-28 10:59:00,"B",8,"22","1","0",8,"22 0 1 8",8.96111111111111,"1 0"
"963","B8","A22",54.9192,2024-02-25 11:35:00,"B",8,"22","1","0",8,"22 0 1 8",5.98611111111111,"1 0"
"964","B8","A22",23.124,2024-02-29 11:03:00,"B",8,"22","1","0",8,"22 0 1 8",9.96388888888889,"1 0"
"965","B8","A22",29.4396,2024-02-27 11:38:00,"B",8,"22","1","0",8,"22 0 1 8",7.98819444444444,"1 0"
"966","B8","A22",23.5954,2024-02-19 11:55:00,"B",8,"22","1","0",8,"22 0 1 8",0,"1 0"
"967","B8","A22",54.9502,2024-02-21 11:02:00,"B",8,"22","1","0",8,"22 0 1 8",1.96319444444444,"1 0"
"968","B8","A22",107.8492,2024-02-22 11:30:00,"B",8,"22","1","0",8,"22 0 1 8",2.98263888888889,"1 0"
"969","B8","A22",78.158,2024-02-24 11:06:00,"B",8,"22","1","0",8,"22 0 1 8",4.96597222222222,"1 0"
"970","B8","A22",20.7804,2024-02-20 11:03:00,"B",8,"22","1","0",8,"22 0 1 8",0.963888888888889,"1 0"
"971","B8","A22",20.7696,2024-03-01 11:59:00,"B",8,"22","1","0",8,"22 0 1 8",11.0027777777778,"1 0"
"972","B8","A22",36.5766,2024-02-26 11:31:00,"B",8,"22","1","0",8,"22 0 1 8",6.98333333333333,"1 0"
"973","B8","A25",89.8832,2024-02-23 11:31:00,"B",8,"25","1","0",8,"25 0 1 8",3.98333333333333,"1 0"
"974","B8","A25",19.243,2024-02-28 10:59:00,"B",8,"25","1","0",8,"25 0 1 8",8.96111111111111,"1 0"
"975","B8","A25",33.835,2024-02-25 11:35:00,"B",8,"25","1","0",8,"25 0 1 8",5.98611111111111,"1 0"
"976","B8","A25",17.6246,2024-02-29 11:03:00,"B",8,"25","1","0",8,"25 0 1 8",9.96388888888889,"1 0"
"977","B8","A25",21.7386,2024-02-27 11:38:00,"B",8,"25","1","0",8,"25 0 1 8",7.98819444444444,"1 0"
"978","B8","A25",23.062,2024-02-19 11:55:00,"B",8,"25","1","0",8,"25 0 1 8",0,"1 0"
"979","B8","A25",46.5958,2024-02-21 11:02:00,"B",8,"25","1","0",8,"25 0 1 8",1.96319444444444,"1 0"
"980","B8","A25",83.2426,2024-02-22 11:30:00,"B",8,"25","1","0",8,"25 0 1 8",2.98263888888889,"1 0"
"981","B8","A25",48.947,2024-02-24 11:06:00,"B",8,"25","1","0",8,"25 0 1 8",4.96597222222222,"1 0"
"982","B8","A25",20.6692,2024-02-20 11:03:00,"B",8,"25","1","0",8,"25 0 1 8",0.963888888888889,"1 0"
"983","B8","A25",16.9274,2024-03-01 11:59:00,"B",8,"25","1","0",8,"25 0 1 8",11.0027777777778,"1 0"
"984","B8","A25",26.0758,2024-02-26 11:31:00,"B",8,"25","1","0",8,"25 0 1 8",6.98333333333333,"1 0"
"985","B8","A27",67.1486,2024-02-23 11:31:00,"B",8,"27","1","0",8,"27 0 1 8",3.98333333333333,"1 0"
"986","B8","A27",15.0918,2024-02-28 10:59:00,"B",8,"27","1","0",8,"27 0 1 8",8.96111111111111,"1 0"
"987","B8","A27",28.5508,2024-02-25 11:35:00,"B",8,"27","1","0",8,"27 0 1 8",5.98611111111111,"1 0"
"988","B8","A27",13.8004,2024-02-29 11:03:00,"B",8,"27","1","0",8,"27 0 1 8",9.96388888888889,"1 0"
"989","B8","A27",16.5772,2024-02-27 11:38:00,"B",8,"27","1","0",8,"27 0 1 8",7.98819444444444,"1 0"
"990","B8","A27",16.6568,2024-02-19 11:55:00,"B",8,"27","1","0",8,"27 0 1 8",0,"1 0"
"991","B8","A27",27.961,2024-02-21 11:02:00,"B",8,"27","1","0",8,"27 0 1 8",1.96319444444444,"1 0"
"992","B8","A27",44.4624,2024-02-22 11:30:00,"B",8,"27","1","0",8,"27 0 1 8",2.98263888888889,"1 0"
"993","B8","A27",52.8828,2024-02-24 11:06:00,"B",8,"27","1","0",8,"27 0 1 8",4.96597222222222,"1 0"
"994","B8","A27",14.5936,2024-02-20 11:03:00,"B",8,"27","1","0",8,"27 0 1 8",0.963888888888889,"1 0"
"995","B8","A27",13.3974,2024-03-01 11:59:00,"B",8,"27","1","0",8,"27 0 1 8",11.0027777777778,"1 0"
"996","B8","A27",18.8758,2024-02-26 11:31:00,"B",8,"27","1","0",8,"27 0 1 8",6.98333333333333,"1 0"
"997","B8","X13",58.7446,2024-02-23 11:31:00,"B",8,"13","1","1",8,"13 1 1 8",3.98333333333333,"1 1"
"998","B8","X13",70.4234,2024-02-28 10:59:00,"B",8,"13","1","1",8,"13 1 1 8",8.96111111111111,"1 1"
"999","B8","X13",105.685,2024-02-25 11:35:00,"B",8,"13","1","1",8,"13 1 1 8",5.98611111111111,"1 1"
"1000","B8","X13",58.1732,2024-02-29 11:03:00,"B",8,"13","1","1",8,"13 1 1 8",9.96388888888889,"1 1"
"1001","B8","X13",77.9198,2024-02-27 11:38:00,"B",8,"13","1","1",8,"13 1 1 8",7.98819444444444,"1 1"
"1002","B8","X13",23.377,2024-02-19 11:55:00,"B",8,"13","1","1",8,"13 1 1 8",0,"1 1"
"1003","B8","X13",26.1338,2024-02-21 11:02:00,"B",8,"13","1","1",8,"13 1 1 8",1.96319444444444,"1 1"
"1004","B8","X13",51.9478,2024-02-22 11:30:00,"B",8,"13","1","1",8,"13 1 1 8",2.98263888888889,"1 1"
"1005","B8","X13",103.6196,2024-02-24 11:06:00,"B",8,"13","1","1",8,"13 1 1 8",4.96597222222222,"1 1"
"1006","B8","X13",17.3626,2024-02-20 11:03:00,"B",8,"13","1","1",8,"13 1 1 8",0.963888888888889,"1 1"
"1007","B8","X13",61.7204,2024-03-01 11:59:00,"B",8,"13","1","1",8,"13 1 1 8",11.0027777777778,"1 1"
"1008","B8","X13",88.2654,2024-02-26 11:31:00,"B",8,"13","1","1",8,"13 1 1 8",6.98333333333333,"1 1"
"1009","B8","X20",133.6216,2024-02-23 11:31:00,"B",8,"20","1","1",8,"20 1 1 8",3.98333333333333,"1 1"
"1010","B8","X20",65.9948,2024-02-28 10:59:00,"B",8,"20","1","1",8,"20 1 1 8",8.96111111111111,"1 1"
"1011","B8","X20",115.3224,2024-02-25 11:35:00,"B",8,"20","1","1",8,"20 1 1 8",5.98611111111111,"1 1"
"1012","B8","X20",63.6572,2024-02-29 11:03:00,"B",8,"20","1","1",8,"20 1 1 8",9.96388888888889,"1 1"
"1013","B8","X20",91.398,2024-02-27 11:38:00,"B",8,"20","1","1",8,"20 1 1 8",7.98819444444444,"1 1"
"1014","B8","X20",27.1376,2024-02-19 11:55:00,"B",8,"20","1","1",8,"20 1 1 8",0,"1 1"
"1015","B8","X20",75.0534,2024-02-21 11:02:00,"B",8,"20","1","1",8,"20 1 1 8",1.96319444444444,"1 1"
"1016","B8","X20",101.743,2024-02-22 11:30:00,"B",8,"20","1","1",8,"20 1 1 8",2.98263888888889,"1 1"
"1017","B8","X20",121.9032,2024-02-24 11:06:00,"B",8,"20","1","1",8,"20 1 1 8",4.96597222222222,"1 1"
"1018","B8","X20",20.6796,2024-02-20 11:03:00,"B",8,"20","1","1",8,"20 1 1 8",0.963888888888889,"1 1"
"1019","B8","X20",47.5656,2024-03-01 11:59:00,"B",8,"20","1","1",8,"20 1 1 8",11.0027777777778,"1 1"
"1020","B8","X20",88.1404,2024-02-26 11:31:00,"B",8,"20","1","1",8,"20 1 1 8",6.98333333333333,"1 1"
"1021","B8","X22",141.4294,2024-02-23 11:31:00,"B",8,"22","1","1",8,"22 1 1 8",3.98333333333333,"1 1"
"1022","B8","X22",69.8164,2024-02-28 10:59:00,"B",8,"22","1","1",8,"22 1 1 8",8.96111111111111,"1 1"
"1023","B8","X22",137.9276,2024-02-25 11:35:00,"B",8,"22","1","1",8,"22 1 1 8",5.98611111111111,"1 1"
"1024","B8","X22",64.3816,2024-02-29 11:03:00,"B",8,"22","1","1",8,"22 1 1 8",9.96388888888889,"1 1"
"1025","B8","X22",90.319,2024-02-27 11:38:00,"B",8,"22","1","1",8,"22 1 1 8",7.98819444444444,"1 1"
"1026","B8","X22",30.686,2024-02-19 11:55:00,"B",8,"22","1","1",8,"22 1 1 8",0,"1 1"
"1027","B8","X22",88.3888,2024-02-21 11:02:00,"B",8,"22","1","1",8,"22 1 1 8",1.96319444444444,"1 1"
"1028","B8","X22",130.5548,2024-02-22 11:30:00,"B",8,"22","1","1",8,"22 1 1 8",2.98263888888889,"1 1"
"1029","B8","X22",110.014,2024-02-24 11:06:00,"B",8,"22","1","1",8,"22 1 1 8",4.96597222222222,"1 1"
"1030","B8","X22",30.4958,2024-02-20 11:03:00,"B",8,"22","1","1",8,"22 1 1 8",0.963888888888889,"1 1"
"1031","B8","X22",52.905,2024-03-01 11:59:00,"B",8,"22","1","1",8,"22 1 1 8",11.0027777777778,"1 1"
"1032","B8","X22",124.6402,2024-02-26 11:31:00,"B",8,"22","1","1",8,"22 1 1 8",6.98333333333333,"1 1"
"1033","B8","X25",96.167,2024-02-23 11:31:00,"B",8,"25","1","1",8,"25 1 1 8",3.98333333333333,"1 1"
"1034","B8","X25",55.7566,2024-02-28 10:59:00,"B",8,"25","1","1",8,"25 1 1 8",8.96111111111111,"1 1"
"1035","B8","X25",163.5254,2024-02-25 11:35:00,"B",8,"25","1","1",8,"25 1 1 8",5.98611111111111,"1 1"
"1036","B8","X25",49.3956,2024-02-29 11:03:00,"B",8,"25","1","1",8,"25 1 1 8",9.96388888888889,"1 1"
"1037","B8","X25",74.7724,2024-02-27 11:38:00,"B",8,"25","1","1",8,"25 1 1 8",7.98819444444444,"1 1"
"1038","B8","X25",28.8436,2024-02-19 11:55:00,"B",8,"25","1","1",8,"25 1 1 8",0,"1 1"
"1039","B8","X25",81.5148,2024-02-21 11:02:00,"B",8,"25","1","1",8,"25 1 1 8",1.96319444444444,"1 1"
"1040","B8","X25",127.8926,2024-02-22 11:30:00,"B",8,"25","1","1",8,"25 1 1 8",2.98263888888889,"1 1"
"1041","B8","X25",178.1404,2024-02-24 11:06:00,"B",8,"25","1","1",8,"25 1 1 8",4.96597222222222,"1 1"
"1042","B8","X25",31.5032,2024-02-20 11:03:00,"B",8,"25","1","1",8,"25 1 1 8",0.963888888888889,"1 1"
"1043","B8","X25",39.392,2024-03-01 11:59:00,"B",8,"25","1","1",8,"25 1 1 8",11.0027777777778,"1 1"
"1044","B8","X25",95.8656,2024-02-26 11:31:00,"B",8,"25","1","1",8,"25 1 1 8",6.98333333333333,"1 1"
"1045","B8","X27",98.7614,2024-02-23 11:31:00,"B",8,"27","1","1",8,"27 1 1 8",3.98333333333333,"1 1"
"1046","B8","X27",83.354,2024-02-28 10:59:00,"B",8,"27","1","1",8,"27 1 1 8",8.96111111111111,"1 1"
"1047","B8","X27",123.1064,2024-02-25 11:35:00,"B",8,"27","1","1",8,"27 1 1 8",5.98611111111111,"1 1"
"1048","B8","X27",63.6226,2024-02-29 11:03:00,"B",8,"27","1","1",8,"27 1 1 8",9.96388888888889,"1 1"
"1049","B8","X27",116.9302,2024-02-27 11:38:00,"B",8,"27","1","1",8,"27 1 1 8",7.98819444444444,"1 1"
"1050","B8","X27",26.2382,2024-02-19 11:55:00,"B",8,"27","1","1",8,"27 1 1 8",0,"1 1"
"1051","B8","X27",44.602,2024-02-21 11:02:00,"B",8,"27","1","1",8,"27 1 1 8",1.96319444444444,"1 1"
"1052","B8","X27",75.433,2024-02-22 11:30:00,"B",8,"27","1","1",8,"27 1 1 8",2.98263888888889,"1 1"
"1053","B8","X27",121.005,2024-02-24 11:06:00,"B",8,"27","1","1",8,"27 1 1 8",4.96597222222222,"1 1"
"1054","B8","X27",20.2562,2024-02-20 11:03:00,"B",8,"27","1","1",8,"27 1 1 8",0.963888888888889,"1 1"
"1055","B8","X27",53.771,2024-03-01 11:59:00,"B",8,"27","1","1",8,"27 1 1 8",11.0027777777778,"1 1"
"1056","B8","X27",108.163,2024-02-26 11:31:00,"B",8,"27","1","1",8,"27 1 1 8",6.98333333333333,"1 1"
"1057","C1","A12",24.2608,2024-02-19 11:55:00,"C",1,"12","1","0",9,"12 0 1 9",0,"1 0"
"1058","C1","A12",8.4654,2024-02-20 11:03:00,"C",1,"12","1","0",9,"12 0 1 9",0.963888888888889,"1 0"
"1059","C1","A12",27.7254,2024-02-28 10:59:00,"C",1,"12","1","0",9,"12 0 1 9",8.96111111111111,"1 0"
"1060","C1","A12",29.7244,2024-02-29 11:03:00,"C",1,"12","1","0",9,"12 0 1 9",9.96388888888889,"1 0"
"1061","C1","A12",10.3566,2024-02-22 11:30:00,"C",1,"12","1","0",9,"12 0 1 9",2.98263888888889,"1 0"
"1062","C1","A12",31.5426,2024-02-27 11:38:00,"C",1,"12","1","0",9,"12 0 1 9",7.98819444444444,"1 0"
"1063","C1","A12",21.029,2024-02-24 11:06:00,"C",1,"12","1","0",9,"12 0 1 9",4.96597222222222,"1 0"
"1064","C1","A12",33.9682,2024-02-26 11:31:00,"C",1,"12","1","0",9,"12 0 1 9",6.98333333333333,"1 0"
"1065","C1","A12",15.9802,2024-02-23 11:31:00,"C",1,"12","1","0",9,"12 0 1 9",3.98333333333333,"1 0"
"1066","C1","A12",25.4482,2024-03-01 11:59:00,"C",1,"12","1","0",9,"12 0 1 9",11.0027777777778,"1 0"
"1067","C1","A12",8.6138,2024-02-21 11:02:00,"C",1,"12","1","0",9,"12 0 1 9",1.96319444444444,"1 0"
"1068","C1","A12",27.5514,2024-02-25 11:35:00,"C",1,"12","1","0",9,"12 0 1 9",5.98611111111111,"1 0"
"1069","C1","A16",26.4798,2024-02-19 11:55:00,"C",1,"16","1","0",9,"16 0 1 9",0,"1 0"
"1070","C1","A16",13.6274,2024-02-20 11:03:00,"C",1,"16","1","0",9,"16 0 1 9",0.963888888888889,"1 0"
"1071","C1","A16",48.7942,2024-02-28 10:59:00,"C",1,"16","1","0",9,"16 0 1 9",8.96111111111111,"1 0"
"1072","C1","A16",40.9868,2024-02-29 11:03:00,"C",1,"16","1","0",9,"16 0 1 9",9.96388888888889,"1 0"
"1073","C1","A16",38.9802,2024-02-22 11:30:00,"C",1,"16","1","0",9,"16 0 1 9",2.98263888888889,"1 0"
"1074","C1","A16",57.2026,2024-02-27 11:38:00,"C",1,"16","1","0",9,"16 0 1 9",7.98819444444444,"1 0"
"1075","C1","A16",82.5504,2024-02-24 11:06:00,"C",1,"16","1","0",9,"16 0 1 9",4.96597222222222,"1 0"
"1076","C1","A16",76.6968,2024-02-26 11:31:00,"C",1,"16","1","0",9,"16 0 1 9",6.98333333333333,"1 0"
"1077","C1","A16",61.9478,2024-02-23 11:31:00,"C",1,"16","1","0",9,"16 0 1 9",3.98333333333333,"1 0"
"1078","C1","A16",36.243,2024-03-01 11:59:00,"C",1,"16","1","0",9,"16 0 1 9",11.0027777777778,"1 0"
"1079","C1","A16",23.4324,2024-02-21 11:02:00,"C",1,"16","1","0",9,"16 0 1 9",1.96319444444444,"1 0"
"1080","C1","A16",75.744,2024-02-25 11:35:00,"C",1,"16","1","0",9,"16 0 1 9",5.98611111111111,"1 0"
"1081","C1","A19",23.8464,2024-02-19 11:55:00,"C",1,"19","1","0",9,"19 0 1 9",0,"1 0"
"1082","C1","A19",16.4802,2024-02-20 11:03:00,"C",1,"19","1","0",9,"19 0 1 9",0.963888888888889,"1 0"
"1083","C1","A19",39.4848,2024-02-28 10:59:00,"C",1,"19","1","0",9,"19 0 1 9",8.96111111111111,"1 0"
"1084","C1","A19",32.5252,2024-02-29 11:03:00,"C",1,"19","1","0",9,"19 0 1 9",9.96388888888889,"1 0"
"1085","C1","A19",56.3612,2024-02-22 11:30:00,"C",1,"19","1","0",9,"19 0 1 9",2.98263888888889,"1 0"
"1086","C1","A19",47.405,2024-02-27 11:38:00,"C",1,"19","1","0",9,"19 0 1 9",7.98819444444444,"1 0"
"1087","C1","A19",79.8194,2024-02-24 11:06:00,"C",1,"19","1","0",9,"19 0 1 9",4.96597222222222,"1 0"
"1088","C1","A19",54.3596,2024-02-26 11:31:00,"C",1,"19","1","0",9,"19 0 1 9",6.98333333333333,"1 0"
"1089","C1","A19",90.7826,2024-02-23 11:31:00,"C",1,"19","1","0",9,"19 0 1 9",3.98333333333333,"1 0"
"1090","C1","A19",35.3132,2024-03-01 11:59:00,"C",1,"19","1","0",9,"19 0 1 9",11.0027777777778,"1 0"
"1091","C1","A19",34.476,2024-02-21 11:02:00,"C",1,"19","1","0",9,"19 0 1 9",1.96319444444444,"1 0"
"1092","C1","A19",75.0818,2024-02-25 11:35:00,"C",1,"19","1","0",9,"19 0 1 9",5.98611111111111,"1 0"
"1093","C1","A22",27.1022,2024-02-19 11:55:00,"C",1,"22","1","0",9,"22 0 1 9",0,"1 0"
"1094","C1","A22",23.2042,2024-02-20 11:03:00,"C",1,"22","1","0",9,"22 0 1 9",0.963888888888889,"1 0"
"1095","C1","A22",36.8888,2024-02-28 10:59:00,"C",1,"22","1","0",9,"22 0 1 9",8.96111111111111,"1 0"
"1096","C1","A22",33.0558,2024-02-29 11:03:00,"C",1,"22","1","0",9,"22 0 1 9",9.96388888888889,"1 0"
"1097","C1","A22",99.567,2024-02-22 11:30:00,"C",1,"22","1","0",9,"22 0 1 9",2.98263888888889,"1 0"
"1098","C1","A22",43.0588,2024-02-27 11:38:00,"C",1,"22","1","0",9,"22 0 1 9",7.98819444444444,"1 0"
"1099","C1","A22",108.5308,2024-02-24 11:06:00,"C",1,"22","1","0",9,"22 0 1 9",4.96597222222222,"1 0"
"1100","C1","A22",60.0174,2024-02-26 11:31:00,"C",1,"22","1","0",9,"22 0 1 9",6.98333333333333,"1 0"
"1101","C1","A22",127.996,2024-02-23 11:31:00,"C",1,"22","1","0",9,"22 0 1 9",3.98333333333333,"1 0"
"1102","C1","A22",29.5158,2024-03-01 11:59:00,"C",1,"22","1","0",9,"22 0 1 9",11.0027777777778,"1 0"
"1103","C1","A22",76.9932,2024-02-21 11:02:00,"C",1,"22","1","0",9,"22 0 1 9",1.96319444444444,"1 0"
"1104","C1","A22",79.2136,2024-02-25 11:35:00,"C",1,"22","1","0",9,"22 0 1 9",5.98611111111111,"1 0"
"1105","C1","A25",21.7488,2024-02-19 11:55:00,"C",1,"25","1","0",9,"25 0 1 9",0,"1 0"
"1106","C1","A25",22.376,2024-02-20 11:03:00,"C",1,"25","1","0",9,"25 0 1 9",0.963888888888889,"1 0"
"1107","C1","A25",25.4882,2024-02-28 10:59:00,"C",1,"25","1","0",9,"25 0 1 9",8.96111111111111,"1 0"
"1108","C1","A25",22.2966,2024-02-29 11:03:00,"C",1,"25","1","0",9,"25 0 1 9",9.96388888888889,"1 0"
"1109","C1","A25",106.9414,2024-02-22 11:30:00,"C",1,"25","1","0",9,"25 0 1 9",2.98263888888889,"1 0"
"1110","C1","A25",28.9102,2024-02-27 11:38:00,"C",1,"25","1","0",9,"25 0 1 9",7.98819444444444,"1 0"
"1111","C1","A25",72.0858,2024-02-24 11:06:00,"C",1,"25","1","0",9,"25 0 1 9",4.96597222222222,"1 0"
"1112","C1","A25",35.398,2024-02-26 11:31:00,"C",1,"25","1","0",9,"25 0 1 9",6.98333333333333,"1 0"
"1113","C1","A25",117.3,2024-02-23 11:31:00,"C",1,"25","1","0",9,"25 0 1 9",3.98333333333333,"1 0"
"1114","C1","A25",19.8732,2024-03-01 11:59:00,"C",1,"25","1","0",9,"25 0 1 9",11.0027777777778,"1 0"
"1115","C1","A25",50.9316,2024-02-21 11:02:00,"C",1,"25","1","0",9,"25 0 1 9",1.96319444444444,"1 0"
"1116","C1","A25",49.842,2024-02-25 11:35:00,"C",1,"25","1","0",9,"25 0 1 9",5.98611111111111,"1 0"
"1117","C1","A27",18.618,2024-02-19 11:55:00,"C",1,"27","1","0",9,"27 0 1 9",0,"1 0"
"1118","C1","A27",17.3146,2024-02-20 11:03:00,"C",1,"27","1","0",9,"27 0 1 9",0.963888888888889,"1 0"
"1119","C1","A27",20.6516,2024-02-28 10:59:00,"C",1,"27","1","0",9,"27 0 1 9",8.96111111111111,"1 0"
"1120","C1","A27",18.8608,2024-02-29 11:03:00,"C",1,"27","1","0",9,"27 0 1 9",9.96388888888889,"1 0"
"1121","C1","A27",63.7892,2024-02-22 11:30:00,"C",1,"27","1","0",9,"27 0 1 9",2.98263888888889,"1 0"
"1122","C1","A27",23.4846,2024-02-27 11:38:00,"C",1,"27","1","0",9,"27 0 1 9",7.98819444444444,"1 0"
"1123","C1","A27",64.1032,2024-02-24 11:06:00,"C",1,"27","1","0",9,"27 0 1 9",4.96597222222222,"1 0"
"1124","C1","A27",28.9312,2024-02-26 11:31:00,"C",1,"27","1","0",9,"27 0 1 9",6.98333333333333,"1 0"
"1125","C1","A27",85.6386,2024-02-23 11:31:00,"C",1,"27","1","0",9,"27 0 1 9",3.98333333333333,"1 0"
"1126","C1","A27",16.9212,2024-03-01 11:59:00,"C",1,"27","1","0",9,"27 0 1 9",11.0027777777778,"1 0"
"1127","C1","A27",37.4728,2024-02-21 11:02:00,"C",1,"27","1","0",9,"27 0 1 9",1.96319444444444,"1 0"
"1128","C1","A27",40.3808,2024-02-25 11:35:00,"C",1,"27","1","0",9,"27 0 1 9",5.98611111111111,"1 0"
"1129","C1","X13",26.5452,2024-02-19 11:55:00,"C",1,"13","1","1",9,"13 1 1 9",0,"1 1"
"1130","C1","X13",9.5022,2024-02-20 11:03:00,"C",1,"13","1","1",9,"13 1 1 9",0.963888888888889,"1 1"
"1131","C1","X13",89.184,2024-02-28 10:59:00,"C",1,"13","1","1",9,"13 1 1 9",8.96111111111111,"1 1"
"1132","C1","X13",82.3418,2024-02-29 11:03:00,"C",1,"13","1","1",9,"13 1 1 9",9.96388888888889,"1 1"
"1133","C1","X13",19.7064,2024-02-22 11:30:00,"C",1,"13","1","1",9,"13 1 1 9",2.98263888888889,"1 1"
"1134","C1","X13",96.5912,2024-02-27 11:38:00,"C",1,"13","1","1",9,"13 1 1 9",7.98819444444444,"1 1"
"1135","C1","X13",47.5206,2024-02-24 11:06:00,"C",1,"13","1","1",9,"13 1 1 9",4.96597222222222,"1 1"
"1136","C1","X13",95.3492,2024-02-26 11:31:00,"C",1,"13","1","1",9,"13 1 1 9",6.98333333333333,"1 1"
"1137","C1","X13",30.5714,2024-02-23 11:31:00,"C",1,"13","1","1",9,"13 1 1 9",3.98333333333333,"1 1"
"1138","C1","X13",80.903,2024-03-01 11:59:00,"C",1,"13","1","1",9,"13 1 1 9",11.0027777777778,"1 1"
"1139","C1","X13",14.0214,2024-02-21 11:02:00,"C",1,"13","1","1",9,"13 1 1 9",1.96319444444444,"1 1"
"1140","C1","X13",76.095,2024-02-25 11:35:00,"C",1,"13","1","1",9,"13 1 1 9",5.98611111111111,"1 1"
"1141","C1","X20",28.1432,2024-02-19 11:55:00,"C",1,"20","1","1",9,"20 1 1 9",0,"1 1"
"1142","C1","X20",22.4762,2024-02-20 11:03:00,"C",1,"20","1","1",9,"20 1 1 9",0.963888888888889,"1 1"
"1143","C1","X20",120.277,2024-02-28 10:59:00,"C",1,"20","1","1",9,"20 1 1 9",8.96111111111111,"1 1"
"1144","C1","X20",98.6912,2024-02-29 11:03:00,"C",1,"20","1","1",9,"20 1 1 9",9.96388888888889,"1 1"
"1145","C1","X20",109.4592,2024-02-22 11:30:00,"C",1,"20","1","1",9,"20 1 1 9",2.98263888888889,"1 1"
"1146","C1","X20",157.3614,2024-02-27 11:38:00,"C",1,"20","1","1",9,"20 1 1 9",7.98819444444444,"1 1"
"1147","C1","X20",136.7566,2024-02-24 11:06:00,"C",1,"20","1","1",9,"20 1 1 9",4.96597222222222,"1 1"
"1148","C1","X20",149.5026,2024-02-26 11:31:00,"C",1,"20","1","1",9,"20 1 1 9",6.98333333333333,"1 1"
"1149","C1","X20",167.0882,2024-02-23 11:31:00,"C",1,"20","1","1",9,"20 1 1 9",3.98333333333333,"1 1"
"1150","C1","X20",74.8062,2024-03-01 11:59:00,"C",1,"20","1","1",9,"20 1 1 9",11.0027777777778,"1 1"
"1151","C1","X20",70.2126,2024-02-21 11:02:00,"C",1,"20","1","1",9,"20 1 1 9",1.96319444444444,"1 1"
"1152","C1","X20",148.2908,2024-02-25 11:35:00,"C",1,"20","1","1",9,"20 1 1 9",5.98611111111111,"1 1"
"1153","C1","X22",30.7438,2024-02-19 11:55:00,"C",1,"22","1","1",9,"22 1 1 9",0,"1 1"
"1154","C1","X22",30.0564,2024-02-20 11:03:00,"C",1,"22","1","1",9,"22 1 1 9",0.963888888888889,"1 1"
"1155","C1","X22",109.0504,2024-02-28 10:59:00,"C",1,"22","1","1",9,"22 1 1 9",8.96111111111111,"1 1"
"1156","C1","X22",94.4682,2024-02-29 11:03:00,"C",1,"22","1","1",9,"22 1 1 9",9.96388888888889,"1 1"
"1157","C1","X22",147.5676,2024-02-22 11:30:00,"C",1,"22","1","1",9,"22 1 1 9",2.98263888888889,"1 1"
"1158","C1","X22",156.4364,2024-02-27 11:38:00,"C",1,"22","1","1",9,"22 1 1 9",7.98819444444444,"1 1"
"1159","C1","X22",124.8784,2024-02-24 11:06:00,"C",1,"22","1","1",9,"22 1 1 9",4.96597222222222,"1 1"
"1160","C1","X22",163.1348,2024-02-26 11:31:00,"C",1,"22","1","1",9,"22 1 1 9",6.98333333333333,"1 1"
"1161","C1","X22",165.703,2024-02-23 11:31:00,"C",1,"22","1","1",9,"22 1 1 9",3.98333333333333,"1 1"
"1162","C1","X22",75.036,2024-03-01 11:59:00,"C",1,"22","1","1",9,"22 1 1 9",11.0027777777778,"1 1"
"1163","C1","X22",93.9116,2024-02-21 11:02:00,"C",1,"22","1","1",9,"22 1 1 9",1.96319444444444,"1 1"
"1164","C1","X22",202.1124,2024-02-25 11:35:00,"C",1,"22","1","1",9,"22 1 1 9",5.98611111111111,"1 1"
"1165","C1","X25",30.8752,2024-02-19 11:55:00,"C",1,"25","1","1",9,"25 1 1 9",0,"1 1"
"1166","C1","X25",34.7538,2024-02-20 11:03:00,"C",1,"25","1","1",9,"25 1 1 9",0.963888888888889,"1 1"
"1167","C1","X25",84.1242,2024-02-28 10:59:00,"C",1,"25","1","1",9,"25 1 1 9",8.96111111111111,"1 1"
"1168","C1","X25",76.396,2024-02-29 11:03:00,"C",1,"25","1","1",9,"25 1 1 9",9.96388888888889,"1 1"
"1169","C1","X25",156.643,2024-02-22 11:30:00,"C",1,"25","1","1",9,"25 1 1 9",2.98263888888889,"1 1"
"1170","C1","X25",101.899,2024-02-27 11:38:00,"C",1,"25","1","1",9,"25 1 1 9",7.98819444444444,"1 1"
"1171","C1","X25",200.421,2024-02-24 11:06:00,"C",1,"25","1","1",9,"25 1 1 9",4.96597222222222,"1 1"
"1172","C1","X25",131.0754,2024-02-26 11:31:00,"C",1,"25","1","1",9,"25 1 1 9",6.98333333333333,"1 1"
"1173","C1","X25",182.9814,2024-02-23 11:31:00,"C",1,"25","1","1",9,"25 1 1 9",3.98333333333333,"1 1"
"1174","C1","X25",65.093,2024-03-01 11:59:00,"C",1,"25","1","1",9,"25 1 1 9",11.0027777777778,"1 1"
"1175","C1","X25",97.5318,2024-02-21 11:02:00,"C",1,"25","1","1",9,"25 1 1 9",1.96319444444444,"1 1"
"1176","C1","X25",193.9112,2024-02-25 11:35:00,"C",1,"25","1","1",9,"25 1 1 9",5.98611111111111,"1 1"
"1177","C1","X27",26.1644,2024-02-19 11:55:00,"C",1,"27","1","1",9,"27 1 1 9",0,"1 1"
"1178","C1","X27",21.6914,2024-02-20 11:03:00,"C",1,"27","1","1",9,"27 1 1 9",0.963888888888889,"1 1"
"1179","C1","X27",161.825,2024-02-28 10:59:00,"C",1,"27","1","1",9,"27 1 1 9",8.96111111111111,"1 1"
"1180","C1","X27",124.1954,2024-02-29 11:03:00,"C",1,"27","1","1",9,"27 1 1 9",9.96388888888889,"1 1"
"1181","C1","X27",85.37,2024-02-22 11:30:00,"C",1,"27","1","1",9,"27 1 1 9",2.98263888888889,"1 1"
"1182","C1","X27",223.5378,2024-02-27 11:38:00,"C",1,"27","1","1",9,"27 1 1 9",7.98819444444444,"1 1"
"1183","C1","X27",178.1708,2024-02-24 11:06:00,"C",1,"27","1","1",9,"27 1 1 9",4.96597222222222,"1 1"
"1184","C1","X27",204.2762,2024-02-26 11:31:00,"C",1,"27","1","1",9,"27 1 1 9",6.98333333333333,"1 1"
"1185","C1","X27",122.3886,2024-02-23 11:31:00,"C",1,"27","1","1",9,"27 1 1 9",3.98333333333333,"1 1"
"1186","C1","X27",94.8856,2024-03-01 11:59:00,"C",1,"27","1","1",9,"27 1 1 9",11.0027777777778,"1 1"
"1187","C1","X27",45.2088,2024-02-21 11:02:00,"C",1,"27","1","1",9,"27 1 1 9",1.96319444444444,"1 1"
"1188","C1","X27",204.2306,2024-02-25 11:35:00,"C",1,"27","1","1",9,"27 1 1 9",5.98611111111111,"1 1"
"1189","C2","A12",21.785,2024-02-19 11:55:00,"C",2,"12","1","0",10,"12 0 1 10",0,"1 0"
"1190","C2","A12",21.0646,2024-02-23 11:31:00,"C",2,"12","1","0",10,"12 0 1 10",3.98333333333333,"1 0"
"1191","C2","A12",15.1844,2024-02-22 11:30:00,"C",2,"12","1","0",10,"12 0 1 10",2.98263888888889,"1 0"
"1192","C2","A12",21.9982,2024-03-01 11:59:00,"C",2,"12","1","0",10,"12 0 1 10",11.0027777777778,"1 0"
"1193","C2","A12",25.8462,2024-02-24 11:06:00,"C",2,"12","1","0",10,"12 0 1 10",4.96597222222222,"1 0"
"1194","C2","A12",10.743,2024-02-20 11:03:00,"C",2,"12","1","0",10,"12 0 1 10",0.963888888888889,"1 0"
"1195","C2","A12",31.933,2024-02-25 11:35:00,"C",2,"12","1","0",10,"12 0 1 10",5.98611111111111,"1 0"
"1196","C2","A12",28.5516,2024-02-27 11:38:00,"C",2,"12","1","0",10,"12 0 1 10",7.98819444444444,"1 0"
"1197","C2","A12",11.3238,2024-02-21 11:02:00,"C",2,"12","1","0",10,"12 0 1 10",1.96319444444444,"1 0"
"1198","C2","A12",25.284,2024-02-28 10:59:00,"C",2,"12","1","0",10,"12 0 1 10",8.96111111111111,"1 0"
"1199","C2","A12",26.0624,2024-02-29 11:03:00,"C",2,"12","1","0",10,"12 0 1 10",9.96388888888889,"1 0"
"1200","C2","A12",32.319,2024-02-26 11:31:00,"C",2,"12","1","0",10,"12 0 1 10",6.98333333333333,"1 0"
"1201","C2","A16",27.0474,2024-02-19 11:55:00,"C",2,"16","1","0",10,"16 0 1 10",0,"1 0"
"1202","C2","A16",55.751,2024-02-23 11:31:00,"C",2,"16","1","0",10,"16 0 1 10",3.98333333333333,"1 0"
"1203","C2","A16",36.9686,2024-02-22 11:30:00,"C",2,"16","1","0",10,"16 0 1 10",2.98263888888889,"1 0"
"1204","C2","A16",24.5794,2024-03-01 11:59:00,"C",2,"16","1","0",10,"16 0 1 10",11.0027777777778,"1 0"
"1205","C2","A16",60.6538,2024-02-24 11:06:00,"C",2,"16","1","0",10,"16 0 1 10",4.96597222222222,"1 0"
"1206","C2","A16",15.4096,2024-02-20 11:03:00,"C",2,"16","1","0",10,"16 0 1 10",0.963888888888889,"1 0"
"1207","C2","A16",51.7268,2024-02-25 11:35:00,"C",2,"16","1","0",10,"16 0 1 10",5.98611111111111,"1 0"
"1208","C2","A16",37.2064,2024-02-27 11:38:00,"C",2,"16","1","0",10,"16 0 1 10",7.98819444444444,"1 0"
"1209","C2","A16",25.3688,2024-02-21 11:02:00,"C",2,"16","1","0",10,"16 0 1 10",1.96319444444444,"1 0"
"1210","C2","A16",31.284,2024-02-28 10:59:00,"C",2,"16","1","0",10,"16 0 1 10",8.96111111111111,"1 0"
"1211","C2","A16",27.6116,2024-02-29 11:03:00,"C",2,"16","1","0",10,"16 0 1 10",9.96388888888889,"1 0"
"1212","C2","A16",49.9438,2024-02-26 11:31:00,"C",2,"16","1","0",10,"16 0 1 10",6.98333333333333,"1 0"
"1213","C2","A19",23.1816,2024-02-19 11:55:00,"C",2,"19","1","0",10,"19 0 1 10",0,"1 0"
"1214","C2","A19",71.994,2024-02-23 11:31:00,"C",2,"19","1","0",10,"19 0 1 10",3.98333333333333,"1 0"
"1215","C2","A19",58.8288,2024-02-22 11:30:00,"C",2,"19","1","0",10,"19 0 1 10",2.98263888888889,"1 0"
"1216","C2","A19",20.3182,2024-03-01 11:59:00,"C",2,"19","1","0",10,"19 0 1 10",11.0027777777778,"1 0"
"1217","C2","A19",54.7786,2024-02-24 11:06:00,"C",2,"19","1","0",10,"19 0 1 10",4.96597222222222,"1 0"
"1218","C2","A19",18.4878,2024-02-20 11:03:00,"C",2,"19","1","0",10,"19 0 1 10",0.963888888888889,"1 0"
"1219","C2","A19",53.3312,2024-02-25 11:35:00,"C",2,"19","1","0",10,"19 0 1 10",5.98611111111111,"1 0"
"1220","C2","A19",30.381,2024-02-27 11:38:00,"C",2,"19","1","0",10,"19 0 1 10",7.98819444444444,"1 0"
"1221","C2","A19",37.0472,2024-02-21 11:02:00,"C",2,"19","1","0",10,"19 0 1 10",1.96319444444444,"1 0"
"1222","C2","A19",23.6748,2024-02-28 10:59:00,"C",2,"19","1","0",10,"19 0 1 10",8.96111111111111,"1 0"
"1223","C2","A19",19.2032,2024-02-29 11:03:00,"C",2,"19","1","0",10,"19 0 1 10",9.96388888888889,"1 0"
"1224","C2","A19",38.1356,2024-02-26 11:31:00,"C",2,"19","1","0",10,"19 0 1 10",6.98333333333333,"1 0"
"1225","C2","A22",27.0208,2024-02-19 11:55:00,"C",2,"22","1","0",10,"22 0 1 10",0,"1 0"
"1226","C2","A22",98.0266,2024-02-23 11:31:00,"C",2,"22","1","0",10,"22 0 1 10",3.98333333333333,"1 0"
"1227","C2","A22",88.636,2024-02-22 11:30:00,"C",2,"22","1","0",10,"22 0 1 10",2.98263888888889,"1 0"
"1228","C2","A22",22.227,2024-03-01 11:59:00,"C",2,"22","1","0",10,"22 0 1 10",11.0027777777778,"1 0"
"1229","C2","A22",81.0758,2024-02-24 11:06:00,"C",2,"22","1","0",10,"22 0 1 10",4.96597222222222,"1 0"
"1230","C2","A22",23.9038,2024-02-20 11:03:00,"C",2,"22","1","0",10,"22 0 1 10",0.963888888888889,"1 0"
"1231","C2","A22",57.022,2024-02-25 11:35:00,"C",2,"22","1","0",10,"22 0 1 10",5.98611111111111,"1 0"
"1232","C2","A22",33.439,2024-02-27 11:38:00,"C",2,"22","1","0",10,"22 0 1 10",7.98819444444444,"1 0"
"1233","C2","A22",51.6028,2024-02-21 11:02:00,"C",2,"22","1","0",10,"22 0 1 10",1.96319444444444,"1 0"
"1234","C2","A22",28.355,2024-02-28 10:59:00,"C",2,"22","1","0",10,"22 0 1 10",8.96111111111111,"1 0"
"1235","C2","A22",25.2304,2024-02-29 11:03:00,"C",2,"22","1","0",10,"22 0 1 10",9.96388888888889,"1 0"
"1236","C2","A22",43.3506,2024-02-26 11:31:00,"C",2,"22","1","0",10,"22 0 1 10",6.98333333333333,"1 0"
"1237","C2","A25",23.774,2024-02-19 11:55:00,"C",2,"25","1","0",10,"25 0 1 10",0,"1 0"
"1238","C2","A25",87.595,2024-02-23 11:31:00,"C",2,"25","1","0",10,"25 0 1 10",3.98333333333333,"1 0"
"1239","C2","A25",83.941,2024-02-22 11:30:00,"C",2,"25","1","0",10,"25 0 1 10",2.98263888888889,"1 0"
"1240","C2","A25",15.3766,2024-03-01 11:59:00,"C",2,"25","1","0",10,"25 0 1 10",11.0027777777778,"1 0"
"1241","C2","A25",53.7178,2024-02-24 11:06:00,"C",2,"25","1","0",10,"25 0 1 10",4.96597222222222,"1 0"
"1242","C2","A25",24.3292,2024-02-20 11:03:00,"C",2,"25","1","0",10,"25 0 1 10",0.963888888888889,"1 0"
"1243","C2","A25",40.3532,2024-02-25 11:35:00,"C",2,"25","1","0",10,"25 0 1 10",5.98611111111111,"1 0"
"1244","C2","A25",22.8394,2024-02-27 11:38:00,"C",2,"25","1","0",10,"25 0 1 10",7.98819444444444,"1 0"
"1245","C2","A25",47.0998,2024-02-21 11:02:00,"C",2,"25","1","0",10,"25 0 1 10",1.96319444444444,"1 0"
"1246","C2","A25",19.8162,2024-02-28 10:59:00,"C",2,"25","1","0",10,"25 0 1 10",8.96111111111111,"1 0"
"1247","C2","A25",17.2658,2024-02-29 11:03:00,"C",2,"25","1","0",10,"25 0 1 10",9.96388888888889,"1 0"
"1248","C2","A25",28.518,2024-02-26 11:31:00,"C",2,"25","1","0",10,"25 0 1 10",6.98333333333333,"1 0"
"1249","C2","A27",17.876,2024-02-19 11:55:00,"C",2,"27","1","0",10,"27 0 1 10",0,"1 0"
"1250","C2","A27",72.832,2024-02-23 11:31:00,"C",2,"27","1","0",10,"27 0 1 10",3.98333333333333,"1 0"
"1251","C2","A27",55.4862,2024-02-22 11:30:00,"C",2,"27","1","0",10,"27 0 1 10",2.98263888888889,"1 0"
"1252","C2","A27",14.7068,2024-03-01 11:59:00,"C",2,"27","1","0",10,"27 0 1 10",11.0027777777778,"1 0"
"1253","C2","A27",60.5222,2024-02-24 11:06:00,"C",2,"27","1","0",10,"27 0 1 10",4.96597222222222,"1 0"
"1254","C2","A27",17.064,2024-02-20 11:03:00,"C",2,"27","1","0",10,"27 0 1 10",0.963888888888889,"1 0"
"1255","C2","A27",40.1334,2024-02-25 11:35:00,"C",2,"27","1","0",10,"27 0 1 10",5.98611111111111,"1 0"
"1256","C2","A27",22.3586,2024-02-27 11:38:00,"C",2,"27","1","0",10,"27 0 1 10",7.98819444444444,"1 0"
"1257","C2","A27",33.9954,2024-02-21 11:02:00,"C",2,"27","1","0",10,"27 0 1 10",1.96319444444444,"1 0"
"1258","C2","A27",18.5212,2024-02-28 10:59:00,"C",2,"27","1","0",10,"27 0 1 10",8.96111111111111,"1 0"
"1259","C2","A27",16.864,2024-02-29 11:03:00,"C",2,"27","1","0",10,"27 0 1 10",9.96388888888889,"1 0"
"1260","C2","A27",27.8736,2024-02-26 11:31:00,"C",2,"27","1","0",10,"27 0 1 10",6.98333333333333,"1 0"
"1261","C2","X13",25.9248,2024-02-19 11:55:00,"C",2,"13","1","1",10,"13 1 1 10",0,"1 1"
"1262","C2","X13",47.5604,2024-02-23 11:31:00,"C",2,"13","1","1",10,"13 1 1 10",3.98333333333333,"1 1"
"1263","C2","X13",29.3292,2024-02-22 11:30:00,"C",2,"13","1","1",10,"13 1 1 10",2.98263888888889,"1 1"
"1264","C2","X13",81.7004,2024-03-01 11:59:00,"C",2,"13","1","1",10,"13 1 1 10",11.0027777777778,"1 1"
"1265","C2","X13",61.612,2024-02-24 11:06:00,"C",2,"13","1","1",10,"13 1 1 10",4.96597222222222,"1 1"
"1266","C2","X13",13.6538,2024-02-20 11:03:00,"C",2,"13","1","1",10,"13 1 1 10",0.963888888888889,"1 1"
"1267","C2","X13",110.0634,2024-02-25 11:35:00,"C",2,"13","1","1",10,"13 1 1 10",5.98611111111111,"1 1"
"1268","C2","X13",113.049,2024-02-27 11:38:00,"C",2,"13","1","1",10,"13 1 1 10",7.98819444444444,"1 1"
"1269","C2","X13",22.2336,2024-02-21 11:02:00,"C",2,"13","1","1",10,"13 1 1 10",1.96319444444444,"1 1"
"1270","C2","X13",94.992,2024-02-28 10:59:00,"C",2,"13","1","1",10,"13 1 1 10",8.96111111111111,"1 1"
"1271","C2","X13",82.069,2024-02-29 11:03:00,"C",2,"13","1","1",10,"13 1 1 10",9.96388888888889,"1 1"
"1272","C2","X13",114.3784,2024-02-26 11:31:00,"C",2,"13","1","1",10,"13 1 1 10",6.98333333333333,"1 1"
"1273","C2","X20",26.978,2024-02-19 11:55:00,"C",2,"20","1","1",10,"20 1 1 10",0,"1 1"
"1274","C2","X20",148.4134,2024-02-23 11:31:00,"C",2,"20","1","1",10,"20 1 1 10",3.98333333333333,"1 1"
"1275","C2","X20",106.5472,2024-02-22 11:30:00,"C",2,"20","1","1",10,"20 1 1 10",2.98263888888889,"1 1"
"1276","C2","X20",65.1554,2024-03-01 11:59:00,"C",2,"20","1","1",10,"20 1 1 10",11.0027777777778,"1 1"
"1277","C2","X20",134.741,2024-02-24 11:06:00,"C",2,"20","1","1",10,"20 1 1 10",4.96597222222222,"1 1"
"1278","C2","X20",21.4608,2024-02-20 11:03:00,"C",2,"20","1","1",10,"20 1 1 10",0.963888888888889,"1 1"
"1279","C2","X20",147.344,2024-02-25 11:35:00,"C",2,"20","1","1",10,"20 1 1 10",5.98611111111111,"1 1"
"1280","C2","X20",144.3868,2024-02-27 11:38:00,"C",2,"20","1","1",10,"20 1 1 10",7.98819444444444,"1 1"
"1281","C2","X20",63.9346,2024-02-21 11:02:00,"C",2,"20","1","1",10,"20 1 1 10",1.96319444444444,"1 1"
"1282","C2","X20",105.1042,2024-02-28 10:59:00,"C",2,"20","1","1",10,"20 1 1 10",8.96111111111111,"1 1"
"1283","C2","X20",86.244,2024-02-29 11:03:00,"C",2,"20","1","1",10,"20 1 1 10",9.96388888888889,"1 1"
"1284","C2","X20",133.8324,2024-02-26 11:31:00,"C",2,"20","1","1",10,"20 1 1 10",6.98333333333333,"1 1"
"1285","C2","X22",31.2982,2024-02-19 11:55:00,"C",2,"22","1","1",10,"22 1 1 10",0,"1 1"
"1286","C2","X22",171.3822,2024-02-23 11:31:00,"C",2,"22","1","1",10,"22 1 1 10",3.98333333333333,"1 1"
"1287","C2","X22",154.6616,2024-02-22 11:30:00,"C",2,"22","1","1",10,"22 1 1 10",2.98263888888889,"1 1"
"1288","C2","X22",72.4078,2024-03-01 11:59:00,"C",2,"22","1","1",10,"22 1 1 10",11.0027777777778,"1 1"
"1289","C2","X22",144.2264,2024-02-24 11:06:00,"C",2,"22","1","1",10,"22 1 1 10",4.96597222222222,"1 1"
"1290","C2","X22",29.5992,2024-02-20 11:03:00,"C",2,"22","1","1",10,"22 1 1 10",0.963888888888889,"1 1"
"1291","C2","X22",237.1192,2024-02-25 11:35:00,"C",2,"22","1","1",10,"22 1 1 10",5.98611111111111,"1 1"
"1292","C2","X22",172.8358,2024-02-27 11:38:00,"C",2,"22","1","1",10,"22 1 1 10",7.98819444444444,"1 1"
"1293","C2","X22",92.5588,2024-02-21 11:02:00,"C",2,"22","1","1",10,"22 1 1 10",1.96319444444444,"1 1"
"1294","C2","X22",110.8814,2024-02-28 10:59:00,"C",2,"22","1","1",10,"22 1 1 10",8.96111111111111,"1 1"
"1295","C2","X22",95.5804,2024-02-29 11:03:00,"C",2,"22","1","1",10,"22 1 1 10",9.96388888888889,"1 1"
"1296","C2","X22",210.0274,2024-02-26 11:31:00,"C",2,"22","1","1",10,"22 1 1 10",6.98333333333333,"1 1"
"1297","C2","X25",29.904,2024-02-19 11:55:00,"C",2,"25","1","1",10,"25 1 1 10",0,"1 1"
"1298","C2","X25",149.2348,2024-02-23 11:31:00,"C",2,"25","1","1",10,"25 1 1 10",3.98333333333333,"1 1"
"1299","C2","X25",165.4732,2024-02-22 11:30:00,"C",2,"25","1","1",10,"25 1 1 10",2.98263888888889,"1 1"
"1300","C2","X25",63.0674,2024-03-01 11:59:00,"C",2,"25","1","1",10,"25 1 1 10",11.0027777777778,"1 1"
"1301","C2","X25",205.994,2024-02-24 11:06:00,"C",2,"25","1","1",10,"25 1 1 10",4.96597222222222,"1 1"
"1302","C2","X25",35.1502,2024-02-20 11:03:00,"C",2,"25","1","1",10,"25 1 1 10",0.963888888888889,"1 1"
"1303","C2","X25",215.2386,2024-02-25 11:35:00,"C",2,"25","1","1",10,"25 1 1 10",5.98611111111111,"1 1"
"1304","C2","X25",109.9664,2024-02-27 11:38:00,"C",2,"25","1","1",10,"25 1 1 10",7.98819444444444,"1 1"
"1305","C2","X25",101.143,2024-02-21 11:02:00,"C",2,"25","1","1",10,"25 1 1 10",1.96319444444444,"1 1"
"1306","C2","X25",85.5972,2024-02-28 10:59:00,"C",2,"25","1","1",10,"25 1 1 10",8.96111111111111,"1 1"
"1307","C2","X25",74.582,2024-02-29 11:03:00,"C",2,"25","1","1",10,"25 1 1 10",9.96388888888889,"1 1"
"1308","C2","X25",142.1986,2024-02-26 11:31:00,"C",2,"25","1","1",10,"25 1 1 10",6.98333333333333,"1 1"
"1309","C2","X27",26.6594,2024-02-19 11:55:00,"C",2,"27","1","1",10,"27 1 1 10",0,"1 1"
"1310","C2","X27",116.6842,2024-02-23 11:31:00,"C",2,"27","1","1",10,"27 1 1 10",3.98333333333333,"1 1"
"1311","C2","X27",86.8436,2024-02-22 11:30:00,"C",2,"27","1","1",10,"27 1 1 10",2.98263888888889,"1 1"
"1312","C2","X27",82.0316,2024-03-01 11:59:00,"C",2,"27","1","1",10,"27 1 1 10",11.0027777777778,"1 1"
"1313","C2","X27",156.6378,2024-02-24 11:06:00,"C",2,"27","1","1",10,"27 1 1 10",4.96597222222222,"1 1"
"1314","C2","X27",21.2876,2024-02-20 11:03:00,"C",2,"27","1","1",10,"27 1 1 10",0.963888888888889,"1 1"
"1315","C2","X27",164.686,2024-02-25 11:35:00,"C",2,"27","1","1",10,"27 1 1 10",5.98611111111111,"1 1"
"1316","C2","X27",145.3294,2024-02-27 11:38:00,"C",2,"27","1","1",10,"27 1 1 10",7.98819444444444,"1 1"
"1317","C2","X27",47.3272,2024-02-21 11:02:00,"C",2,"27","1","1",10,"27 1 1 10",1.96319444444444,"1 1"
"1318","C2","X27",109.3194,2024-02-28 10:59:00,"C",2,"27","1","1",10,"27 1 1 10",8.96111111111111,"1 1"
"1319","C2","X27",98.0258,2024-02-29 11:03:00,"C",2,"27","1","1",10,"27 1 1 10",9.96388888888889,"1 1"
"1320","C2","X27",152.5784,2024-02-26 11:31:00,"C",2,"27","1","1",10,"27 1 1 10",6.98333333333333,"1 1"
"1321","C3","A12",11.236,2024-02-20 11:03:00,"C",3,"12","1","0",11,"12 0 1 11",0.963888888888889,"1 0"
"1322","C3","A12",26.9236,2024-02-23 11:31:00,"C",3,"12","1","0",11,"12 0 1 11",3.98333333333333,"1 0"
"1323","C3","A12",30.8974,2024-02-27 11:38:00,"C",3,"12","1","0",11,"12 0 1 11",7.98819444444444,"1 0"
"1324","C3","A12",27.5888,2024-02-28 10:59:00,"C",3,"12","1","0",11,"12 0 1 11",8.96111111111111,"1 0"
"1325","C3","A12",18.2472,2024-02-22 11:30:00,"C",3,"12","1","0",11,"12 0 1 11",2.98263888888889,"1 0"
"1326","C3","A12",21.6632,2024-02-19 11:55:00,"C",3,"12","1","0",11,"12 0 1 11",0,"1 0"
"1327","C3","A12",31.9414,2024-02-24 11:06:00,"C",3,"12","1","0",11,"12 0 1 11",4.96597222222222,"1 0"
"1328","C3","A12",23.164,2024-03-01 11:59:00,"C",3,"12","1","0",11,"12 0 1 11",11.0027777777778,"1 0"
"1329","C3","A12",40.8202,2024-02-25 11:35:00,"C",3,"12","1","0",11,"12 0 1 11",5.98611111111111,"1 0"
"1330","C3","A12",13.9308,2024-02-21 11:02:00,"C",3,"12","1","0",11,"12 0 1 11",1.96319444444444,"1 0"
"1331","C3","A12",26.8168,2024-02-29 11:03:00,"C",3,"12","1","0",11,"12 0 1 11",9.96388888888889,"1 0"
"1332","C3","A12",34.1198,2024-02-26 11:31:00,"C",3,"12","1","0",11,"12 0 1 11",6.98333333333333,"1 0"
"1333","C3","A16",17.1446,2024-02-20 11:03:00,"C",3,"16","1","0",11,"16 0 1 11",0.963888888888889,"1 0"
"1334","C3","A16",66.8046,2024-02-23 11:31:00,"C",3,"16","1","0",11,"16 0 1 11",3.98333333333333,"1 0"
"1335","C3","A16",39.233,2024-02-27 11:38:00,"C",3,"16","1","0",11,"16 0 1 11",7.98819444444444,"1 0"
"1336","C3","A16",32.6556,2024-02-28 10:59:00,"C",3,"16","1","0",11,"16 0 1 11",8.96111111111111,"1 0"
"1337","C3","A16",44.1636,2024-02-22 11:30:00,"C",3,"16","1","0",11,"16 0 1 11",2.98263888888889,"1 0"
"1338","C3","A16",25.1238,2024-02-19 11:55:00,"C",3,"16","1","0",11,"16 0 1 11",0,"1 0"
"1339","C3","A16",70.4148,2024-02-24 11:06:00,"C",3,"16","1","0",11,"16 0 1 11",4.96597222222222,"1 0"
"1340","C3","A16",24.6966,2024-03-01 11:59:00,"C",3,"16","1","0",11,"16 0 1 11",11.0027777777778,"1 0"
"1341","C3","A16",56.7962,2024-02-25 11:35:00,"C",3,"16","1","0",11,"16 0 1 11",5.98611111111111,"1 0"
"1342","C3","A16",29.3988,2024-02-21 11:02:00,"C",3,"16","1","0",11,"16 0 1 11",1.96319444444444,"1 0"
"1343","C3","A16",28.4976,2024-02-29 11:03:00,"C",3,"16","1","0",11,"16 0 1 11",9.96388888888889,"1 0"
"1344","C3","A16",53.3156,2024-02-26 11:31:00,"C",3,"16","1","0",11,"16 0 1 11",6.98333333333333,"1 0"
"1345","C3","A19",20.6484,2024-02-20 11:03:00,"C",3,"19","1","0",11,"19 0 1 11",0.963888888888889,"1 0"
"1346","C3","A19",80.5514,2024-02-23 11:31:00,"C",3,"19","1","0",11,"19 0 1 11",3.98333333333333,"1 0"
"1347","C3","A19",31.1146,2024-02-27 11:38:00,"C",3,"19","1","0",11,"19 0 1 11",7.98819444444444,"1 0"
"1348","C3","A19",24.8652,2024-02-28 10:59:00,"C",3,"19","1","0",11,"19 0 1 11",8.96111111111111,"1 0"
"1349","C3","A19",68.1338,2024-02-22 11:30:00,"C",3,"19","1","0",11,"19 0 1 11",2.98263888888889,"1 0"
"1350","C3","A19",24.0378,2024-02-19 11:55:00,"C",3,"19","1","0",11,"19 0 1 11",0,"1 0"
"1351","C3","A19",60.716,2024-02-24 11:06:00,"C",3,"19","1","0",11,"19 0 1 11",4.96597222222222,"1 0"
"1352","C3","A19",23.2382,2024-03-01 11:59:00,"C",3,"19","1","0",11,"19 0 1 11",11.0027777777778,"1 0"
"1353","C3","A19",56.9166,2024-02-25 11:35:00,"C",3,"19","1","0",11,"19 0 1 11",5.98611111111111,"1 0"
"1354","C3","A19",42.853,2024-02-21 11:02:00,"C",3,"19","1","0",11,"19 0 1 11",1.96319444444444,"1 0"
"1355","C3","A19",21.5188,2024-02-29 11:03:00,"C",3,"19","1","0",11,"19 0 1 11",9.96388888888889,"1 0"
"1356","C3","A19",39.802,2024-02-26 11:31:00,"C",3,"19","1","0",11,"19 0 1 11",6.98333333333333,"1 0"
"1357","C3","A22",24.017,2024-02-20 11:03:00,"C",3,"22","1","0",11,"22 0 1 11",0.963888888888889,"1 0"
"1358","C3","A22",85.7698,2024-02-23 11:31:00,"C",3,"22","1","0",11,"22 0 1 11",3.98333333333333,"1 0"
"1359","C3","A22",26.411,2024-02-27 11:38:00,"C",3,"22","1","0",11,"22 0 1 11",7.98819444444444,"1 0"
"1360","C3","A22",22.2754,2024-02-28 10:59:00,"C",3,"22","1","0",11,"22 0 1 11",8.96111111111111,"1 0"
"1361","C3","A22",99.8888,2024-02-22 11:30:00,"C",3,"22","1","0",11,"22 0 1 11",2.98263888888889,"1 0"
"1362","C3","A22",26.8218,2024-02-19 11:55:00,"C",3,"22","1","0",11,"22 0 1 11",0,"1 0"
"1363","C3","A22",64.6592,2024-02-24 11:06:00,"C",3,"22","1","0",11,"22 0 1 11",4.96597222222222,"1 0"
"1364","C3","A22",17.2076,2024-03-01 11:59:00,"C",3,"22","1","0",11,"22 0 1 11",11.0027777777778,"1 0"
"1365","C3","A22",44.8718,2024-02-25 11:35:00,"C",3,"22","1","0",11,"22 0 1 11",5.98611111111111,"1 0"
"1366","C3","A22",48.1386,2024-02-21 11:02:00,"C",3,"22","1","0",11,"22 0 1 11",1.96319444444444,"1 0"
"1367","C3","A22",19.433,2024-02-29 11:03:00,"C",3,"22","1","0",11,"22 0 1 11",9.96388888888889,"1 0"
"1368","C3","A22",33.4914,2024-02-26 11:31:00,"C",3,"22","1","0",11,"22 0 1 11",6.98333333333333,"1 0"
"1369","C3","A25",26.3466,2024-02-20 11:03:00,"C",3,"25","1","0",11,"25 0 1 11",0.963888888888889,"1 0"
"1370","C3","A25",92.3104,2024-02-23 11:31:00,"C",3,"25","1","0",11,"25 0 1 11",3.98333333333333,"1 0"
"1371","C3","A25",23.9768,2024-02-27 11:38:00,"C",3,"25","1","0",11,"25 0 1 11",7.98819444444444,"1 0"
"1372","C3","A25",20.494,2024-02-28 10:59:00,"C",3,"25","1","0",11,"25 0 1 11",8.96111111111111,"1 0"
"1373","C3","A25",82.5878,2024-02-22 11:30:00,"C",3,"25","1","0",11,"25 0 1 11",2.98263888888889,"1 0"
"1374","C3","A25",23.417,2024-02-19 11:55:00,"C",3,"25","1","0",11,"25 0 1 11",0,"1 0"
"1375","C3","A25",54.5364,2024-02-24 11:06:00,"C",3,"25","1","0",11,"25 0 1 11",4.96597222222222,"1 0"
"1376","C3","A25",15.8578,2024-03-01 11:59:00,"C",3,"25","1","0",11,"25 0 1 11",11.0027777777778,"1 0"
"1377","C3","A25",42.31,2024-02-25 11:35:00,"C",3,"25","1","0",11,"25 0 1 11",5.98611111111111,"1 0"
"1378","C3","A25",51.9446,2024-02-21 11:02:00,"C",3,"25","1","0",11,"25 0 1 11",1.96319444444444,"1 0"
"1379","C3","A25",17.943,2024-02-29 11:03:00,"C",3,"25","1","0",11,"25 0 1 11",9.96388888888889,"1 0"
"1380","C3","A25",30.1878,2024-02-26 11:31:00,"C",3,"25","1","0",11,"25 0 1 11",6.98333333333333,"1 0"
"1381","C3","A27",17.9022,2024-02-20 11:03:00,"C",3,"27","1","0",11,"27 0 1 11",0.963888888888889,"1 0"
"1382","C3","A27",66.2994,2024-02-23 11:31:00,"C",3,"27","1","0",11,"27 0 1 11",3.98333333333333,"1 0"
"1383","C3","A27",22.397,2024-02-27 11:38:00,"C",3,"27","1","0",11,"27 0 1 11",7.98819444444444,"1 0"
"1384","C3","A27",18.1238,2024-02-28 10:59:00,"C",3,"27","1","0",11,"27 0 1 11",8.96111111111111,"1 0"
"1385","C3","A27",51.745,2024-02-22 11:30:00,"C",3,"27","1","0",11,"27 0 1 11",2.98263888888889,"1 0"
"1386","C3","A27",18.1944,2024-02-19 11:55:00,"C",3,"27","1","0",11,"27 0 1 11",0,"1 0"
"1387","C3","A27",60.181,2024-02-24 11:06:00,"C",3,"27","1","0",11,"27 0 1 11",4.96597222222222,"1 0"
"1388","C3","A27",13.9068,2024-03-01 11:59:00,"C",3,"27","1","0",11,"27 0 1 11",11.0027777777778,"1 0"
"1389","C3","A27",42.8222,2024-02-25 11:35:00,"C",3,"27","1","0",11,"27 0 1 11",5.98611111111111,"1 0"
"1390","C3","A27",33.4392,2024-02-21 11:02:00,"C",3,"27","1","0",11,"27 0 1 11",1.96319444444444,"1 0"
"1391","C3","A27",16.3304,2024-02-29 11:03:00,"C",3,"27","1","0",11,"27 0 1 11",9.96388888888889,"1 0"
"1392","C3","A27",28.736,2024-02-26 11:31:00,"C",3,"27","1","0",11,"27 0 1 11",6.98333333333333,"1 0"
"1393","C3","X13",16.3854,2024-02-20 11:03:00,"C",3,"13","1","1",11,"13 1 1 11",0.963888888888889,"1 1"
"1394","C3","X13",59.7466,2024-02-23 11:31:00,"C",3,"13","1","1",11,"13 1 1 11",3.98333333333333,"1 1"
"1395","C3","X13",108.8536,2024-02-27 11:38:00,"C",3,"13","1","1",11,"13 1 1 11",7.98819444444444,"1 1"
"1396","C3","X13",94.6066,2024-02-28 10:59:00,"C",3,"13","1","1",11,"13 1 1 11",8.96111111111111,"1 1"
"1397","C3","X13",34.4524,2024-02-22 11:30:00,"C",3,"13","1","1",11,"13 1 1 11",2.98263888888889,"1 1"
"1398","C3","X13",23.8898,2024-02-19 11:55:00,"C",3,"13","1","1",11,"13 1 1 11",0,"1 1"
"1399","C3","X13",78.8384,2024-02-24 11:06:00,"C",3,"13","1","1",11,"13 1 1 11",4.96597222222222,"1 1"
"1400","C3","X13",77.4566,2024-03-01 11:59:00,"C",3,"13","1","1",11,"13 1 1 11",11.0027777777778,"1 1"
"1401","C3","X13",118.611,2024-02-25 11:35:00,"C",3,"13","1","1",11,"13 1 1 11",5.98611111111111,"1 1"
"1402","C3","X13",20.93,2024-02-21 11:02:00,"C",3,"13","1","1",11,"13 1 1 11",1.96319444444444,"1 1"
"1403","C3","X13",79.1032,2024-02-29 11:03:00,"C",3,"13","1","1",11,"13 1 1 11",9.96388888888889,"1 1"
"1404","C3","X13",111.047,2024-02-26 11:31:00,"C",3,"13","1","1",11,"13 1 1 11",6.98333333333333,"1 1"
"1405","C3","X20",22.3468,2024-02-20 11:03:00,"C",3,"20","1","1",11,"20 1 1 11",0.963888888888889,"1 1"
"1406","C3","X20",151.2436,2024-02-23 11:31:00,"C",3,"20","1","1",11,"20 1 1 11",3.98333333333333,"1 1"
"1407","C3","X20",168.5308,2024-02-27 11:38:00,"C",3,"20","1","1",11,"20 1 1 11",7.98819444444444,"1 1"
"1408","C3","X20",121.636,2024-02-28 10:59:00,"C",3,"20","1","1",11,"20 1 1 11",8.96111111111111,"1 1"
"1409","C3","X20",116.158,2024-02-22 11:30:00,"C",3,"20","1","1",11,"20 1 1 11",2.98263888888889,"1 1"
"1410","C3","X20",27.054,2024-02-19 11:55:00,"C",3,"20","1","1",11,"20 1 1 11",0,"1 1"
"1411","C3","X20",146.6046,2024-02-24 11:06:00,"C",3,"20","1","1",11,"20 1 1 11",4.96597222222222,"1 1"
"1412","C3","X20",72.9774,2024-03-01 11:59:00,"C",3,"20","1","1",11,"20 1 1 11",11.0027777777778,"1 1"
"1413","C3","X20",166.8154,2024-02-25 11:35:00,"C",3,"20","1","1",11,"20 1 1 11",5.98611111111111,"1 1"
"1414","C3","X20",74.2078,2024-02-21 11:02:00,"C",3,"20","1","1",11,"20 1 1 11",1.96319444444444,"1 1"
"1415","C3","X20",99.3296,2024-02-29 11:03:00,"C",3,"20","1","1",11,"20 1 1 11",9.96388888888889,"1 1"
"1416","C3","X20",156.7798,2024-02-26 11:31:00,"C",3,"20","1","1",11,"20 1 1 11",6.98333333333333,"1 1"
"1417","C3","X22",30.042,2024-02-20 11:03:00,"C",3,"22","1","1",11,"22 1 1 11",0.963888888888889,"1 1"
"1418","C3","X22",172.4198,2024-02-23 11:31:00,"C",3,"22","1","1",11,"22 1 1 11",3.98333333333333,"1 1"
"1419","C3","X22",178.7686,2024-02-27 11:38:00,"C",3,"22","1","1",11,"22 1 1 11",7.98819444444444,"1 1"
"1420","C3","X22",114.5794,2024-02-28 10:59:00,"C",3,"22","1","1",11,"22 1 1 11",8.96111111111111,"1 1"
"1421","C3","X22",154.303,2024-02-22 11:30:00,"C",3,"22","1","1",11,"22 1 1 11",2.98263888888889,"1 1"
"1422","C3","X22",32.4776,2024-02-19 11:55:00,"C",3,"22","1","1",11,"22 1 1 11",0,"1 1"
"1423","C3","X22",166.549,2024-02-24 11:06:00,"C",3,"22","1","1",11,"22 1 1 11",4.96597222222222,"1 1"
"1424","C3","X22",73.0202,2024-03-01 11:59:00,"C",3,"22","1","1",11,"22 1 1 11",11.0027777777778,"1 1"
"1425","C3","X22",246.386,2024-02-25 11:35:00,"C",3,"22","1","1",11,"22 1 1 11",5.98611111111111,"1 1"
"1426","C3","X22",97.8382,2024-02-21 11:02:00,"C",3,"22","1","1",11,"22 1 1 11",1.96319444444444,"1 1"
"1427","C3","X22",98.2628,2024-02-29 11:03:00,"C",3,"22","1","1",11,"22 1 1 11",9.96388888888889,"1 1"
"1428","C3","X22",221.5888,2024-02-26 11:31:00,"C",3,"22","1","1",11,"22 1 1 11",6.98333333333333,"1 1"
"1429","C3","X25",33.0524,2024-02-20 11:03:00,"C",3,"25","1","1",11,"25 1 1 11",0.963888888888889,"1 1"
"1430","C3","X25",140.3118,2024-02-23 11:31:00,"C",3,"25","1","1",11,"25 1 1 11",3.98333333333333,"1 1"
"1431","C3","X25",95.9172,2024-02-27 11:38:00,"C",3,"25","1","1",11,"25 1 1 11",7.98819444444444,"1 1"
"1432","C3","X25",73.2792,2024-02-28 10:59:00,"C",3,"25","1","1",11,"25 1 1 11",8.96111111111111,"1 1"
"1433","C3","X25",160.457,2024-02-22 11:30:00,"C",3,"25","1","1",11,"25 1 1 11",2.98263888888889,"1 1"
"1434","C3","X25",30.0488,2024-02-19 11:55:00,"C",3,"25","1","1",11,"25 1 1 11",0,"1 1"
"1435","C3","X25",194.7734,2024-02-24 11:06:00,"C",3,"25","1","1",11,"25 1 1 11",4.96597222222222,"1 1"
"1436","C3","X25",56.7392,2024-03-01 11:59:00,"C",3,"25","1","1",11,"25 1 1 11",11.0027777777778,"1 1"
"1437","C3","X25",201.3428,2024-02-25 11:35:00,"C",3,"25","1","1",11,"25 1 1 11",5.98611111111111,"1 1"
"1438","C3","X25",99.0798,2024-02-21 11:02:00,"C",3,"25","1","1",11,"25 1 1 11",1.96319444444444,"1 1"
"1439","C3","X25",65.7264,2024-02-29 11:03:00,"C",3,"25","1","1",11,"25 1 1 11",9.96388888888889,"1 1"
"1440","C3","X25",120.3256,2024-02-26 11:31:00,"C",3,"25","1","1",11,"25 1 1 11",6.98333333333333,"1 1"
"1441","C3","X27",18.5712,2024-02-20 11:03:00,"C",3,"27","1","1",11,"27 1 1 11",0.963888888888889,"1 1"
"1442","C3","X27",106.7812,2024-02-23 11:31:00,"C",3,"27","1","1",11,"27 1 1 11",3.98333333333333,"1 1"
"1443","C3","X27",144.2206,2024-02-27 11:38:00,"C",3,"27","1","1",11,"27 1 1 11",7.98819444444444,"1 1"
"1444","C3","X27",105.9196,2024-02-28 10:59:00,"C",3,"27","1","1",11,"27 1 1 11",8.96111111111111,"1 1"
"1445","C3","X27",76.587,2024-02-22 11:30:00,"C",3,"27","1","1",11,"27 1 1 11",2.98263888888889,"1 1"
"1446","C3","X27",26.1008,2024-02-19 11:55:00,"C",3,"27","1","1",11,"27 1 1 11",0,"1 1"
"1447","C3","X27",144.5424,2024-02-24 11:06:00,"C",3,"27","1","1",11,"27 1 1 11",4.96597222222222,"1 1"
"1448","C3","X27",83.224,2024-03-01 11:59:00,"C",3,"27","1","1",11,"27 1 1 11",11.0027777777778,"1 1"
"1449","C3","X27",164.8012,2024-02-25 11:35:00,"C",3,"27","1","1",11,"27 1 1 11",5.98611111111111,"1 1"
"1450","C3","X27",40.2468,2024-02-21 11:02:00,"C",3,"27","1","1",11,"27 1 1 11",1.96319444444444,"1 1"
"1451","C3","X27",92.7978,2024-02-29 11:03:00,"C",3,"27","1","1",11,"27 1 1 11",9.96388888888889,"1 1"
"1452","C3","X27",145.6334,2024-02-26 11:31:00,"C",3,"27","1","1",11,"27 1 1 11",6.98333333333333,"1 1"
"1453","C4","A12",34.7702,2024-02-23 11:31:00,"C",4,"12","1","0",12,"12 0 1 12",3.98333333333333,"1 0"
"1454","C4","A12",32.1814,2024-02-28 10:59:00,"C",4,"12","1","0",12,"12 0 1 12",8.96111111111111,"1 0"
"1455","C4","A12",23.3078,2024-02-22 11:30:00,"C",4,"12","1","0",12,"12 0 1 12",2.98263888888889,"1 0"
"1456","C4","A12",36.7426,2024-02-27 11:38:00,"C",4,"12","1","0",12,"12 0 1 12",7.98819444444444,"1 0"
"1457","C4","A12",12.9582,2024-02-20 11:03:00,"C",4,"12","1","0",12,"12 0 1 12",0.963888888888889,"1 0"
"1458","C4","A12",26.844,2024-03-01 11:59:00,"C",4,"12","1","0",12,"12 0 1 12",11.0027777777778,"1 0"
"1459","C4","A12",44.9008,2024-02-25 11:35:00,"C",4,"12","1","0",12,"12 0 1 12",5.98611111111111,"1 0"
"1460","C4","A12",22.9384,2024-02-19 11:55:00,"C",4,"12","1","0",12,"12 0 1 12",0,"1 0"
"1461","C4","A12",43.1042,2024-02-24 11:06:00,"C",4,"12","1","0",12,"12 0 1 12",4.96597222222222,"1 0"
"1462","C4","A12",39.7466,2024-02-26 11:31:00,"C",4,"12","1","0",12,"12 0 1 12",6.98333333333333,"1 0"
"1463","C4","A12",16.4218,2024-02-21 11:02:00,"C",4,"12","1","0",12,"12 0 1 12",1.96319444444444,"1 0"
"1464","C4","A12",30.2108,2024-02-29 11:03:00,"C",4,"12","1","0",12,"12 0 1 12",9.96388888888889,"1 0"
"1465","C4","A16",83.6072,2024-02-23 11:31:00,"C",4,"16","1","0",12,"16 0 1 12",3.98333333333333,"1 0"
"1466","C4","A16",39.8948,2024-02-28 10:59:00,"C",4,"16","1","0",12,"16 0 1 12",8.96111111111111,"1 0"
"1467","C4","A16",52.75,2024-02-22 11:30:00,"C",4,"16","1","0",12,"16 0 1 12",2.98263888888889,"1 0"
"1468","C4","A16",48.5406,2024-02-27 11:38:00,"C",4,"16","1","0",12,"16 0 1 12",7.98819444444444,"1 0"
"1469","C4","A16",16.983,2024-02-20 11:03:00,"C",4,"16","1","0",12,"16 0 1 12",0.963888888888889,"1 0"
"1470","C4","A16",30.79,2024-03-01 11:59:00,"C",4,"16","1","0",12,"16 0 1 12",11.0027777777778,"1 0"
"1471","C4","A16",70.3352,2024-02-25 11:35:00,"C",4,"16","1","0",12,"16 0 1 12",5.98611111111111,"1 0"
"1472","C4","A16",24.999,2024-02-19 11:55:00,"C",4,"16","1","0",12,"16 0 1 12",0,"1 0"
"1473","C4","A16",84.0396,2024-02-24 11:06:00,"C",4,"16","1","0",12,"16 0 1 12",4.96597222222222,"1 0"
"1474","C4","A16",64.92,2024-02-26 11:31:00,"C",4,"16","1","0",12,"16 0 1 12",6.98333333333333,"1 0"
"1475","C4","A16",31.3614,2024-02-21 11:02:00,"C",4,"16","1","0",12,"16 0 1 12",1.96319444444444,"1 0"
"1476","C4","A16",35.8512,2024-02-29 11:03:00,"C",4,"16","1","0",12,"16 0 1 12",9.96388888888889,"1 0"
"1477","C4","A19",88.7118,2024-02-23 11:31:00,"C",4,"19","1","0",12,"19 0 1 12",3.98333333333333,"1 0"
"1478","C4","A19",29.0086,2024-02-28 10:59:00,"C",4,"19","1","0",12,"19 0 1 12",8.96111111111111,"1 0"
"1479","C4","A19",73.7088,2024-02-22 11:30:00,"C",4,"19","1","0",12,"19 0 1 12",2.98263888888889,"1 0"
"1480","C4","A19",35.1802,2024-02-27 11:38:00,"C",4,"19","1","0",12,"19 0 1 12",7.98819444444444,"1 0"
"1481","C4","A19",20.4848,2024-02-20 11:03:00,"C",4,"19","1","0",12,"19 0 1 12",0.963888888888889,"1 0"
"1482","C4","A19",27.9224,2024-03-01 11:59:00,"C",4,"19","1","0",12,"19 0 1 12",11.0027777777778,"1 0"
"1483","C4","A19",62.826,2024-02-25 11:35:00,"C",4,"19","1","0",12,"19 0 1 12",5.98611111111111,"1 0"
"1484","C4","A19",23.774,2024-02-19 11:55:00,"C",4,"19","1","0",12,"19 0 1 12",0,"1 0"
"1485","C4","A19",70.0354,2024-02-24 11:06:00,"C",4,"19","1","0",12,"19 0 1 12",4.96597222222222,"1 0"
"1486","C4","A19",43.6542,2024-02-26 11:31:00,"C",4,"19","1","0",12,"19 0 1 12",6.98333333333333,"1 0"
"1487","C4","A19",45.5626,2024-02-21 11:02:00,"C",4,"19","1","0",12,"19 0 1 12",1.96319444444444,"1 0"
"1488","C4","A19",26.3358,2024-02-29 11:03:00,"C",4,"19","1","0",12,"19 0 1 12",9.96388888888889,"1 0"
"1489","C4","A22",100.1436,2024-02-23 11:31:00,"C",4,"22","1","0",12,"22 0 1 12",3.98333333333333,"1 0"
"1490","C4","A22",26.2174,2024-02-28 10:59:00,"C",4,"22","1","0",12,"22 0 1 12",8.96111111111111,"1 0"
"1491","C4","A22",113.205,2024-02-22 11:30:00,"C",4,"22","1","0",12,"22 0 1 12",2.98263888888889,"1 0"
"1492","C4","A22",30.6208,2024-02-27 11:38:00,"C",4,"22","1","0",12,"22 0 1 12",7.98819444444444,"1 0"
"1493","C4","A22",24.8486,2024-02-20 11:03:00,"C",4,"22","1","0",12,"22 0 1 12",0.963888888888889,"1 0"
"1494","C4","A22",20.3004,2024-03-01 11:59:00,"C",4,"22","1","0",12,"22 0 1 12",11.0027777777778,"1 0"
"1495","C4","A22",50.8144,2024-02-25 11:35:00,"C",4,"22","1","0",12,"22 0 1 12",5.98611111111111,"1 0"
"1496","C4","A22",25.8278,2024-02-19 11:55:00,"C",4,"22","1","0",12,"22 0 1 12",0,"1 0"
"1497","C4","A22",73.0806,2024-02-24 11:06:00,"C",4,"22","1","0",12,"22 0 1 12",4.96597222222222,"1 0"
"1498","C4","A22",38.7056,2024-02-26 11:31:00,"C",4,"22","1","0",12,"22 0 1 12",6.98333333333333,"1 0"
"1499","C4","A22",52.148,2024-02-21 11:02:00,"C",4,"22","1","0",12,"22 0 1 12",1.96319444444444,"1 0"
"1500","C4","A22",23.1028,2024-02-29 11:03:00,"C",4,"22","1","0",12,"22 0 1 12",9.96388888888889,"1 0"
"1501","C4","A25",104.7902,2024-02-23 11:31:00,"C",4,"25","1","0",12,"25 0 1 12",3.98333333333333,"1 0"
"1502","C4","A25",23.0822,2024-02-28 10:59:00,"C",4,"25","1","0",12,"25 0 1 12",8.96111111111111,"1 0"
"1503","C4","A25",91.0406,2024-02-22 11:30:00,"C",4,"25","1","0",12,"25 0 1 12",2.98263888888889,"1 0"
"1504","C4","A25",26.5026,2024-02-27 11:38:00,"C",4,"25","1","0",12,"25 0 1 12",7.98819444444444,"1 0"
"1505","C4","A25",27.11,2024-02-20 11:03:00,"C",4,"25","1","0",12,"25 0 1 12",0.963888888888889,"1 0"
"1506","C4","A25",17.9158,2024-03-01 11:59:00,"C",4,"25","1","0",12,"25 0 1 12",11.0027777777778,"1 0"
"1507","C4","A25",46.0262,2024-02-25 11:35:00,"C",4,"25","1","0",12,"25 0 1 12",5.98611111111111,"1 0"
"1508","C4","A25",23.5386,2024-02-19 11:55:00,"C",4,"25","1","0",12,"25 0 1 12",0,"1 0"
"1509","C4","A25",61.139,2024-02-24 11:06:00,"C",4,"25","1","0",12,"25 0 1 12",4.96597222222222,"1 0"
"1510","C4","A25",32.9758,2024-02-26 11:31:00,"C",4,"25","1","0",12,"25 0 1 12",6.98333333333333,"1 0"
"1511","C4","A25",55.5346,2024-02-21 11:02:00,"C",4,"25","1","0",12,"25 0 1 12",1.96319444444444,"1 0"
"1512","C4","A25",20.2954,2024-02-29 11:03:00,"C",4,"25","1","0",12,"25 0 1 12",9.96388888888889,"1 0"
"1513","C4","A27",66.9942,2024-02-23 11:31:00,"C",4,"27","1","0",12,"27 0 1 12",3.98333333333333,"1 0"
"1514","C4","A27",19.0512,2024-02-28 10:59:00,"C",4,"27","1","0",12,"27 0 1 12",8.96111111111111,"1 0"
"1515","C4","A27",50.3028,2024-02-22 11:30:00,"C",4,"27","1","0",12,"27 0 1 12",2.98263888888889,"1 0"
"1516","C4","A27",23.5032,2024-02-27 11:38:00,"C",4,"27","1","0",12,"27 0 1 12",7.98819444444444,"1 0"
"1517","C4","A27",17.3212,2024-02-20 11:03:00,"C",4,"27","1","0",12,"27 0 1 12",0.963888888888889,"1 0"
"1518","C4","A27",14.3078,2024-03-01 11:59:00,"C",4,"27","1","0",12,"27 0 1 12",11.0027777777778,"1 0"
"1519","C4","A27",45.787,2024-02-25 11:35:00,"C",4,"27","1","0",12,"27 0 1 12",5.98611111111111,"1 0"
"1520","C4","A27",18.7402,2024-02-19 11:55:00,"C",4,"27","1","0",12,"27 0 1 12",0,"1 0"
"1521","C4","A27",59.8998,2024-02-24 11:06:00,"C",4,"27","1","0",12,"27 0 1 12",4.96597222222222,"1 0"
"1522","C4","A27",30.3336,2024-02-26 11:31:00,"C",4,"27","1","0",12,"27 0 1 12",6.98333333333333,"1 0"
"1523","C4","A27",32.7948,2024-02-21 11:02:00,"C",4,"27","1","0",12,"27 0 1 12",1.96319444444444,"1 0"
"1524","C4","A27",16.7566,2024-02-29 11:03:00,"C",4,"27","1","0",12,"27 0 1 12",9.96388888888889,"1 0"
"1525","C4","X13",75.5904,2024-02-23 11:31:00,"C",4,"13","1","1",12,"13 1 1 12",3.98333333333333,"1 1"
"1526","C4","X13",98.7942,2024-02-28 10:59:00,"C",4,"13","1","1",12,"13 1 1 12",8.96111111111111,"1 1"
"1527","C4","X13",48.0432,2024-02-22 11:30:00,"C",4,"13","1","1",12,"13 1 1 12",2.98263888888889,"1 1"
"1528","C4","X13",116.2716,2024-02-27 11:38:00,"C",4,"13","1","1",12,"13 1 1 12",7.98819444444444,"1 1"
"1529","C4","X13",17.6926,2024-02-20 11:03:00,"C",4,"13","1","1",12,"13 1 1 12",0.963888888888889,"1 1"
"1530","C4","X13",82.2064,2024-03-01 11:59:00,"C",4,"13","1","1",12,"13 1 1 12",11.0027777777778,"1 1"
"1531","C4","X13",130.7116,2024-02-25 11:35:00,"C",4,"13","1","1",12,"13 1 1 12",5.98611111111111,"1 1"
"1532","C4","X13",24.5076,2024-02-19 11:55:00,"C",4,"13","1","1",12,"13 1 1 12",0,"1 1"
"1533","C4","X13",101.8046,2024-02-24 11:06:00,"C",4,"13","1","1",12,"13 1 1 12",4.96597222222222,"1 1"
"1534","C4","X13",117.8356,2024-02-26 11:31:00,"C",4,"13","1","1",12,"13 1 1 12",6.98333333333333,"1 1"
"1535","C4","X13",25.1878,2024-02-21 11:02:00,"C",4,"13","1","1",12,"13 1 1 12",1.96319444444444,"1 1"
"1536","C4","X13",84.694,2024-02-29 11:03:00,"C",4,"13","1","1",12,"13 1 1 12",9.96388888888889,"1 1"
"1537","C4","X20",168.3802,2024-02-23 11:31:00,"C",4,"20","1","1",12,"20 1 1 12",3.98333333333333,"1 1"
"1538","C4","X20",136.882,2024-02-28 10:59:00,"C",4,"20","1","1",12,"20 1 1 12",8.96111111111111,"1 1"
"1539","C4","X20",119.1506,2024-02-22 11:30:00,"C",4,"20","1","1",12,"20 1 1 12",2.98263888888889,"1 1"
"1540","C4","X20",188.6432,2024-02-27 11:38:00,"C",4,"20","1","1",12,"20 1 1 12",7.98819444444444,"1 1"
"1541","C4","X20",24.7484,2024-02-20 11:03:00,"C",4,"20","1","1",12,"20 1 1 12",0.963888888888889,"1 1"
"1542","C4","X20",82.7684,2024-03-01 11:59:00,"C",4,"20","1","1",12,"20 1 1 12",11.0027777777778,"1 1"
"1543","C4","X20",177.8104,2024-02-25 11:35:00,"C",4,"20","1","1",12,"20 1 1 12",5.98611111111111,"1 1"
"1544","C4","X20",29.8058,2024-02-19 11:55:00,"C",4,"20","1","1",12,"20 1 1 12",0,"1 1"
"1545","C4","X20",154.4496,2024-02-24 11:06:00,"C",4,"20","1","1",12,"20 1 1 12",4.96597222222222,"1 1"
"1546","C4","X20",174.0948,2024-02-26 11:31:00,"C",4,"20","1","1",12,"20 1 1 12",6.98333333333333,"1 1"
"1547","C4","X20",83.5806,2024-02-21 11:02:00,"C",4,"20","1","1",12,"20 1 1 12",1.96319444444444,"1 1"
"1548","C4","X20",115.6954,2024-02-29 11:03:00,"C",4,"20","1","1",12,"20 1 1 12",9.96388888888889,"1 1"
"1549","C4","X22",170.267,2024-02-23 11:31:00,"C",4,"22","1","1",12,"22 1 1 12",3.98333333333333,"1 1"
"1550","C4","X22",111.1192,2024-02-28 10:59:00,"C",4,"22","1","1",12,"22 1 1 12",8.96111111111111,"1 1"
"1551","C4","X22",162.5436,2024-02-22 11:30:00,"C",4,"22","1","1",12,"22 1 1 12",2.98263888888889,"1 1"
"1552","C4","X22",171.4268,2024-02-27 11:38:00,"C",4,"22","1","1",12,"22 1 1 12",7.98819444444444,"1 1"
"1553","C4","X22",30.7716,2024-02-20 11:03:00,"C",4,"22","1","1",12,"22 1 1 12",0.963888888888889,"1 1"
"1554","C4","X22",77.2212,2024-03-01 11:59:00,"C",4,"22","1","1",12,"22 1 1 12",11.0027777777778,"1 1"
"1555","C4","X22",224.6528,2024-02-25 11:35:00,"C",4,"22","1","1",12,"22 1 1 12",5.98611111111111,"1 1"
"1556","C4","X22",31.9176,2024-02-19 11:55:00,"C",4,"22","1","1",12,"22 1 1 12",0,"1 1"
"1557","C4","X22",152.4692,2024-02-24 11:06:00,"C",4,"22","1","1",12,"22 1 1 12",4.96597222222222,"1 1"
"1558","C4","X22",199.646,2024-02-26 11:31:00,"C",4,"22","1","1",12,"22 1 1 12",6.98333333333333,"1 1"
"1559","C4","X22",99.761,2024-02-21 11:02:00,"C",4,"22","1","1",12,"22 1 1 12",1.96319444444444,"1 1"
"1560","C4","X22",97.4986,2024-02-29 11:03:00,"C",4,"22","1","1",12,"22 1 1 12",9.96388888888889,"1 1"
"1561","C4","X25",134.1384,2024-02-23 11:31:00,"C",4,"25","1","1",12,"25 1 1 12",3.98333333333333,"1 1"
"1562","C4","X25",75.8122,2024-02-28 10:59:00,"C",4,"25","1","1",12,"25 1 1 12",8.96111111111111,"1 1"
"1563","C4","X25",148.6656,2024-02-22 11:30:00,"C",4,"25","1","1",12,"25 1 1 12",2.98263888888889,"1 1"
"1564","C4","X25",103.6392,2024-02-27 11:38:00,"C",4,"25","1","1",12,"25 1 1 12",7.98819444444444,"1 1"
"1565","C4","X25",32.9032,2024-02-20 11:03:00,"C",4,"25","1","1",12,"25 1 1 12",0.963888888888889,"1 1"
"1566","C4","X25",54.3172,2024-03-01 11:59:00,"C",4,"25","1","1",12,"25 1 1 12",11.0027777777778,"1 1"
"1567","C4","X25",190.83,2024-02-25 11:35:00,"C",4,"25","1","1",12,"25 1 1 12",5.98611111111111,"1 1"
"1568","C4","X25",30.882,2024-02-19 11:55:00,"C",4,"25","1","1",12,"25 1 1 12",0,"1 1"
"1569","C4","X25",190.2102,2024-02-24 11:06:00,"C",4,"25","1","1",12,"25 1 1 12",4.96597222222222,"1 1"
"1570","C4","X25",125.391,2024-02-26 11:31:00,"C",4,"25","1","1",12,"25 1 1 12",6.98333333333333,"1 1"
"1571","C4","X25",89.897,2024-02-21 11:02:00,"C",4,"25","1","1",12,"25 1 1 12",1.96319444444444,"1 1"
"1572","C4","X25",64.791,2024-02-29 11:03:00,"C",4,"25","1","1",12,"25 1 1 12",9.96388888888889,"1 1"
"1573","C4","X27",94.873,2024-02-23 11:31:00,"C",4,"27","1","1",12,"27 1 1 12",3.98333333333333,"1 1"
"1574","C4","X27",110.0706,2024-02-28 10:59:00,"C",4,"27","1","1",12,"27 1 1 12",8.96111111111111,"1 1"
"1575","C4","X27",66.474,2024-02-22 11:30:00,"C",4,"27","1","1",12,"27 1 1 12",2.98263888888889,"1 1"
"1576","C4","X27",146.6074,2024-02-27 11:38:00,"C",4,"27","1","1",12,"27 1 1 12",7.98819444444444,"1 1"
"1577","C4","X27",11.394,2024-02-20 11:03:00,"C",4,"27","1","1",12,"27 1 1 12",0.963888888888889,"1 1"
"1578","C4","X27",86.8054,2024-03-01 11:59:00,"C",4,"27","1","1",12,"27 1 1 12",11.0027777777778,"1 1"
"1579","C4","X27",163.0514,2024-02-25 11:35:00,"C",4,"27","1","1",12,"27 1 1 12",5.98611111111111,"1 1"
"1580","C4","X27",26.329,2024-02-19 11:55:00,"C",4,"27","1","1",12,"27 1 1 12",0,"1 1"
"1581","C4","X27",131.3464,2024-02-24 11:06:00,"C",4,"27","1","1",12,"27 1 1 12",4.96597222222222,"1 1"
"1582","C4","X27",142.9466,2024-02-26 11:31:00,"C",4,"27","1","1",12,"27 1 1 12",6.98333333333333,"1 1"
"1583","C4","X27",36.4938,2024-02-21 11:02:00,"C",4,"27","1","1",12,"27 1 1 12",1.96319444444444,"1 1"
"1584","C4","X27",100.7274,2024-02-29 11:03:00,"C",4,"27","1","1",12,"27 1 1 12",9.96388888888889,"1 1"
"1585","C5","A12",38.7574,2024-02-23 11:31:00,"C",5,"12","1","0",13,"12 0 1 13",3.98333333333333,"1 0"
"1586","C5","A12",12.7328,2024-02-20 11:03:00,"C",5,"12","1","0",13,"12 0 1 13",0.963888888888889,"1 0"
"1587","C5","A12",34.2094,2024-02-28 10:59:00,"C",5,"12","1","0",13,"12 0 1 13",8.96111111111111,"1 0"
"1588","C5","A12",47.2202,2024-02-25 11:35:00,"C",5,"12","1","0",13,"12 0 1 13",5.98611111111111,"1 0"
"1589","C5","A12",23.0382,2024-02-19 11:55:00,"C",5,"12","1","0",13,"12 0 1 13",0,"1 0"
"1590","C5","A12",39.9808,2024-02-27 11:38:00,"C",5,"12","1","0",13,"12 0 1 13",7.98819444444444,"1 0"
"1591","C5","A12",32.4984,2024-02-29 11:03:00,"C",5,"12","1","0",13,"12 0 1 13",9.96388888888889,"1 0"
"1592","C5","A12",29.1356,2024-03-01 11:59:00,"C",5,"12","1","0",13,"12 0 1 13",11.0027777777778,"1 0"
"1593","C5","A12",25.9928,2024-02-22 11:30:00,"C",5,"12","1","0",13,"12 0 1 13",2.98263888888889,"1 0"
"1594","C5","A12",49.0406,2024-02-24 11:06:00,"C",5,"12","1","0",13,"12 0 1 13",4.96597222222222,"1 0"
"1595","C5","A12",43.6936,2024-02-26 11:31:00,"C",5,"12","1","0",13,"12 0 1 13",6.98333333333333,"1 0"
"1596","C5","A12",17.4934,2024-02-21 11:02:00,"C",5,"12","1","0",13,"12 0 1 13",1.96319444444444,"1 0"
"1597","C5","A16",89.8322,2024-02-23 11:31:00,"C",5,"16","1","0",13,"16 0 1 13",3.98333333333333,"1 0"
"1598","C5","A16",16.1548,2024-02-20 11:03:00,"C",5,"16","1","0",13,"16 0 1 13",0.963888888888889,"1 0"
"1599","C5","A16",41.2022,2024-02-28 10:59:00,"C",5,"16","1","0",13,"16 0 1 13",8.96111111111111,"1 0"
"1600","C5","A16",70.8146,2024-02-25 11:35:00,"C",5,"16","1","0",13,"16 0 1 13",5.98611111111111,"1 0"
"1601","C5","A16",25.5288,2024-02-19 11:55:00,"C",5,"16","1","0",13,"16 0 1 13",0,"1 0"
"1602","C5","A16",50.4246,2024-02-27 11:38:00,"C",5,"16","1","0",13,"16 0 1 13",7.98819444444444,"1 0"
"1603","C5","A16",38.149,2024-02-29 11:03:00,"C",5,"16","1","0",13,"16 0 1 13",9.96388888888889,"1 0"
"1604","C5","A16",32.6918,2024-03-01 11:59:00,"C",5,"16","1","0",13,"16 0 1 13",11.0027777777778,"1 0"
"1605","C5","A16",55.6074,2024-02-22 11:30:00,"C",5,"16","1","0",13,"16 0 1 13",2.98263888888889,"1 0"
"1606","C5","A16",85.3758,2024-02-24 11:06:00,"C",5,"16","1","0",13,"16 0 1 13",4.96597222222222,"1 0"
"1607","C5","A16",64.4882,2024-02-26 11:31:00,"C",5,"16","1","0",13,"16 0 1 13",6.98333333333333,"1 0"
"1608","C5","A16",32.5308,2024-02-21 11:02:00,"C",5,"16","1","0",13,"16 0 1 13",1.96319444444444,"1 0"
"1609","C5","A19",83.1446,2024-02-23 11:31:00,"C",5,"19","1","0",13,"19 0 1 13",3.98333333333333,"1 0"
"1610","C5","A19",18.3006,2024-02-20 11:03:00,"C",5,"19","1","0",13,"19 0 1 13",0.963888888888889,"1 0"
"1611","C5","A19",27.3546,2024-02-28 10:59:00,"C",5,"19","1","0",13,"19 0 1 13",8.96111111111111,"1 0"
"1612","C5","A19",58.3182,2024-02-25 11:35:00,"C",5,"19","1","0",13,"19 0 1 13",5.98611111111111,"1 0"
"1613","C5","A19",24.8354,2024-02-19 11:55:00,"C",5,"19","1","0",13,"19 0 1 13",0,"1 0"
"1614","C5","A19",32.9286,2024-02-27 11:38:00,"C",5,"19","1","0",13,"19 0 1 13",7.98819444444444,"1 0"
"1615","C5","A19",25.0142,2024-02-29 11:03:00,"C",5,"19","1","0",13,"19 0 1 13",9.96388888888889,"1 0"
"1616","C5","A19",26.2114,2024-03-01 11:59:00,"C",5,"19","1","0",13,"19 0 1 13",11.0027777777778,"1 0"
"1617","C5","A19",68.3854,2024-02-22 11:30:00,"C",5,"19","1","0",13,"19 0 1 13",2.98263888888889,"1 0"
"1618","C5","A19",64.956,2024-02-24 11:06:00,"C",5,"19","1","0",13,"19 0 1 13",4.96597222222222,"1 0"
"1619","C5","A19",40.0092,2024-02-26 11:31:00,"C",5,"19","1","0",13,"19 0 1 13",6.98333333333333,"1 0"
"1620","C5","A19",41.3038,2024-02-21 11:02:00,"C",5,"19","1","0",13,"19 0 1 13",1.96319444444444,"1 0"
"1621","C5","A22",113.9434,2024-02-23 11:31:00,"C",5,"22","1","0",13,"22 0 1 13",3.98333333333333,"1 0"
"1622","C5","A22",25.1688,2024-02-20 11:03:00,"C",5,"22","1","0",13,"22 0 1 13",0.963888888888889,"1 0"
"1623","C5","A22",31.045,2024-02-28 10:59:00,"C",5,"22","1","0",13,"22 0 1 13",8.96111111111111,"1 0"
"1624","C5","A22",58.9814,2024-02-25 11:35:00,"C",5,"22","1","0",13,"22 0 1 13",5.98611111111111,"1 0"
"1625","C5","A22",25.6584,2024-02-19 11:55:00,"C",5,"22","1","0",13,"22 0 1 13",0,"1 0"
"1626","C5","A22",36.4638,2024-02-27 11:38:00,"C",5,"22","1","0",13,"22 0 1 13",7.98819444444444,"1 0"
"1627","C5","A22",27.0324,2024-02-29 11:03:00,"C",5,"22","1","0",13,"22 0 1 13",9.96388888888889,"1 0"
"1628","C5","A22",23.9006,2024-03-01 11:59:00,"C",5,"22","1","0",13,"22 0 1 13",11.0027777777778,"1 0"
"1629","C5","A22",125.8532,2024-02-22 11:30:00,"C",5,"22","1","0",13,"22 0 1 13",2.98263888888889,"1 0"
"1630","C5","A22",81.942,2024-02-24 11:06:00,"C",5,"22","1","0",13,"22 0 1 13",4.96597222222222,"1 0"
"1631","C5","A22",45.15,2024-02-26 11:31:00,"C",5,"22","1","0",13,"22 0 1 13",6.98333333333333,"1 0"
"1632","C5","A22",57.2526,2024-02-21 11:02:00,"C",5,"22","1","0",13,"22 0 1 13",1.96319444444444,"1 0"
"1633","C5","A25",109.6338,2024-02-23 11:31:00,"C",5,"25","1","0",13,"25 0 1 13",3.98333333333333,"1 0"
"1634","C5","A25",26.0694,2024-02-20 11:03:00,"C",5,"25","1","0",13,"25 0 1 13",0.963888888888889,"1 0"
"1635","C5","A25",24.5108,2024-02-28 10:59:00,"C",5,"25","1","0",13,"25 0 1 13",8.96111111111111,"1 0"
"1636","C5","A25",48.3956,2024-02-25 11:35:00,"C",5,"25","1","0",13,"25 0 1 13",5.98611111111111,"1 0"
"1637","C5","A25",23.7634,2024-02-19 11:55:00,"C",5,"25","1","0",13,"25 0 1 13",0,"1 0"
"1638","C5","A25",28.2844,2024-02-27 11:38:00,"C",5,"25","1","0",13,"25 0 1 13",7.98819444444444,"1 0"
"1639","C5","A25",22.1998,2024-02-29 11:03:00,"C",5,"25","1","0",13,"25 0 1 13",9.96388888888889,"1 0"
"1640","C5","A25",19.1502,2024-03-01 11:59:00,"C",5,"25","1","0",13,"25 0 1 13",11.0027777777778,"1 0"
"1641","C5","A25",93.1482,2024-02-22 11:30:00,"C",5,"25","1","0",13,"25 0 1 13",2.98263888888889,"1 0"
"1642","C5","A25",65.3038,2024-02-24 11:06:00,"C",5,"25","1","0",13,"25 0 1 13",4.96597222222222,"1 0"
"1643","C5","A25",34.8126,2024-02-26 11:31:00,"C",5,"25","1","0",13,"25 0 1 13",6.98333333333333,"1 0"
"1644","C5","A25",56.5748,2024-02-21 11:02:00,"C",5,"25","1","0",13,"25 0 1 13",1.96319444444444,"1 0"
"1645","C5","A27",67.2584,2024-02-23 11:31:00,"C",5,"27","1","0",13,"27 0 1 13",3.98333333333333,"1 0"
"1646","C5","A27",16.6004,2024-02-20 11:03:00,"C",5,"27","1","0",13,"27 0 1 13",0.963888888888889,"1 0"
"1647","C5","A27",20.8586,2024-02-28 10:59:00,"C",5,"27","1","0",13,"27 0 1 13",8.96111111111111,"1 0"
"1648","C5","A27",50.0118,2024-02-25 11:35:00,"C",5,"27","1","0",13,"27 0 1 13",5.98611111111111,"1 0"
"1649","C5","A27",16.4336,2024-02-19 11:55:00,"C",5,"27","1","0",13,"27 0 1 13",0,"1 0"
"1650","C5","A27",25.942,2024-02-27 11:38:00,"C",5,"27","1","0",13,"27 0 1 13",7.98819444444444,"1 0"
"1651","C5","A27",17.8814,2024-02-29 11:03:00,"C",5,"27","1","0",13,"27 0 1 13",9.96388888888889,"1 0"
"1652","C5","A27",15.0542,2024-03-01 11:59:00,"C",5,"27","1","0",13,"27 0 1 13",11.0027777777778,"1 0"
"1653","C5","A27",49.331,2024-02-22 11:30:00,"C",5,"27","1","0",13,"27 0 1 13",2.98263888888889,"1 0"
"1654","C5","A27",63.5286,2024-02-24 11:06:00,"C",5,"27","1","0",13,"27 0 1 13",4.96597222222222,"1 0"
"1655","C5","A27",32.803,2024-02-26 11:31:00,"C",5,"27","1","0",13,"27 0 1 13",6.98333333333333,"1 0"
"1656","C5","A27",31.9236,2024-02-21 11:02:00,"C",5,"27","1","0",13,"27 0 1 13",1.96319444444444,"1 0"
"1657","C5","X13",73.6998,2024-02-23 11:31:00,"C",5,"13","1","1",13,"13 1 1 13",3.98333333333333,"1 1"
"1658","C5","X13",15.4822,2024-02-20 11:03:00,"C",5,"13","1","1",13,"13 1 1 13",0.963888888888889,"1 1"
"1659","C5","X13",92.7736,2024-02-28 10:59:00,"C",5,"13","1","1",13,"13 1 1 13",8.96111111111111,"1 1"
"1660","C5","X13",130.788,2024-02-25 11:35:00,"C",5,"13","1","1",13,"13 1 1 13",5.98611111111111,"1 1"
"1661","C5","X13",26.9008,2024-02-19 11:55:00,"C",5,"13","1","1",13,"13 1 1 13",0,"1 1"
"1662","C5","X13",108.8078,2024-02-27 11:38:00,"C",5,"13","1","1",13,"13 1 1 13",7.98819444444444,"1 1"
"1663","C5","X13",78.6008,2024-02-29 11:03:00,"C",5,"13","1","1",13,"13 1 1 13",9.96388888888889,"1 1"
"1664","C5","X13",75.449,2024-03-01 11:59:00,"C",5,"13","1","1",13,"13 1 1 13",11.0027777777778,"1 1"
"1665","C5","X13",61.6976,2024-02-22 11:30:00,"C",5,"13","1","1",13,"13 1 1 13",2.98263888888889,"1 1"
"1666","C5","X13",123.6314,2024-02-24 11:06:00,"C",5,"13","1","1",13,"13 1 1 13",4.96597222222222,"1 1"
"1667","C5","X13",114.9818,2024-02-26 11:31:00,"C",5,"13","1","1",13,"13 1 1 13",6.98333333333333,"1 1"
"1668","C5","X13",29.7598,2024-02-21 11:02:00,"C",5,"13","1","1",13,"13 1 1 13",1.96319444444444,"1 1"
"1669","C5","X20",172.4712,2024-02-23 11:31:00,"C",5,"20","1","1",13,"20 1 1 13",3.98333333333333,"1 1"
"1670","C5","X20",25.2476,2024-02-20 11:03:00,"C",5,"20","1","1",13,"20 1 1 13",0.963888888888889,"1 1"
"1671","C5","X20",152.0306,2024-02-28 10:59:00,"C",5,"20","1","1",13,"20 1 1 13",8.96111111111111,"1 1"
"1672","C5","X20",173.9346,2024-02-25 11:35:00,"C",5,"20","1","1",13,"20 1 1 13",5.98611111111111,"1 1"
"1673","C5","X20",29.3218,2024-02-19 11:55:00,"C",5,"20","1","1",13,"20 1 1 13",0,"1 1"
"1674","C5","X20",201.8246,2024-02-27 11:38:00,"C",5,"20","1","1",13,"20 1 1 13",7.98819444444444,"1 1"
"1675","C5","X20",131.4274,2024-02-29 11:03:00,"C",5,"20","1","1",13,"20 1 1 13",9.96388888888889,"1 1"
"1676","C5","X20",93.5594,2024-03-01 11:59:00,"C",5,"20","1","1",13,"20 1 1 13",11.0027777777778,"1 1"
"1677","C5","X20",108.2958,2024-02-22 11:30:00,"C",5,"20","1","1",13,"20 1 1 13",2.98263888888889,"1 1"
"1678","C5","X20",159.116,2024-02-24 11:06:00,"C",5,"20","1","1",13,"20 1 1 13",4.96597222222222,"1 1"
"1679","C5","X20",174.313,2024-02-26 11:31:00,"C",5,"20","1","1",13,"20 1 1 13",6.98333333333333,"1 1"
"1680","C5","X20",81.1138,2024-02-21 11:02:00,"C",5,"20","1","1",13,"20 1 1 13",1.96319444444444,"1 1"
"1681","C5","X22",125.052,2024-02-23 11:31:00,"C",5,"22","1","1",13,"22 1 1 13",3.98333333333333,"1 1"
"1682","C5","X22",38.704,2024-02-20 11:03:00,"C",5,"22","1","1",13,"22 1 1 13",0.963888888888889,"1 1"
"1683","C5","X22",71.9122,2024-02-28 10:59:00,"C",5,"22","1","1",13,"22 1 1 13",8.96111111111111,"1 1"
"1684","C5","X22",125.399,2024-02-25 11:35:00,"C",5,"22","1","1",13,"22 1 1 13",5.98611111111111,"1 1"
"1685","C5","X22",31.8604,2024-02-19 11:55:00,"C",5,"22","1","1",13,"22 1 1 13",0,"1 1"
"1686","C5","X22",97.431,2024-02-27 11:38:00,"C",5,"22","1","1",13,"22 1 1 13",7.98819444444444,"1 1"
"1687","C5","X22",64.8704,2024-02-29 11:03:00,"C",5,"22","1","1",13,"22 1 1 13",9.96388888888889,"1 1"
"1688","C5","X22",54.304,2024-03-01 11:59:00,"C",5,"22","1","1",13,"22 1 1 13",11.0027777777778,"1 1"
"1689","C5","X22",137.8846,2024-02-22 11:30:00,"C",5,"22","1","1",13,"22 1 1 13",2.98263888888889,"1 1"
"1690","C5","X22",98.681,2024-02-24 11:06:00,"C",5,"22","1","1",13,"22 1 1 13",4.96597222222222,"1 1"
"1691","C5","X22",108.1684,2024-02-26 11:31:00,"C",5,"22","1","1",13,"22 1 1 13",6.98333333333333,"1 1"
"1692","C5","X22",108.14,2024-02-21 11:02:00,"C",5,"22","1","1",13,"22 1 1 13",1.96319444444444,"1 1"
"1693","C5","X25",128.1904,2024-02-23 11:31:00,"C",5,"25","1","1",13,"25 1 1 13",3.98333333333333,"1 1"
"1694","C5","X25",31.9404,2024-02-20 11:03:00,"C",5,"25","1","1",13,"25 1 1 13",0.963888888888889,"1 1"
"1695","C5","X25",72.688,2024-02-28 10:59:00,"C",5,"25","1","1",13,"25 1 1 13",8.96111111111111,"1 1"
"1696","C5","X25",189.1538,2024-02-25 11:35:00,"C",5,"25","1","1",13,"25 1 1 13",5.98611111111111,"1 1"
"1697","C5","X25",29.935,2024-02-19 11:55:00,"C",5,"25","1","1",13,"25 1 1 13",0,"1 1"
"1698","C5","X25",102.5106,2024-02-27 11:38:00,"C",5,"25","1","1",13,"25 1 1 13",7.98819444444444,"1 1"
"1699","C5","X25",62.5796,2024-02-29 11:03:00,"C",5,"25","1","1",13,"25 1 1 13",9.96388888888889,"1 1"
"1700","C5","X25",52.3616,2024-03-01 11:59:00,"C",5,"25","1","1",13,"25 1 1 13",11.0027777777778,"1 1"
"1701","C5","X25",139.7302,2024-02-22 11:30:00,"C",5,"25","1","1",13,"25 1 1 13",2.98263888888889,"1 1"
"1702","C5","X25",191.253,2024-02-24 11:06:00,"C",5,"25","1","1",13,"25 1 1 13",4.96597222222222,"1 1"
"1703","C5","X25",124.242,2024-02-26 11:31:00,"C",5,"25","1","1",13,"25 1 1 13",6.98333333333333,"1 1"
"1704","C5","X25",83.533,2024-02-21 11:02:00,"C",5,"25","1","1",13,"25 1 1 13",1.96319444444444,"1 1"
"1705","C5","X27",88.3256,2024-02-23 11:31:00,"C",5,"27","1","1",13,"27 1 1 13",3.98333333333333,"1 1"
"1706","C5","X27",11.9048,2024-02-20 11:03:00,"C",5,"27","1","1",13,"27 1 1 13",0.963888888888889,"1 1"
"1707","C5","X27",97.0838,2024-02-28 10:59:00,"C",5,"27","1","1",13,"27 1 1 13",8.96111111111111,"1 1"
"1708","C5","X27",150.7418,2024-02-25 11:35:00,"C",5,"27","1","1",13,"27 1 1 13",5.98611111111111,"1 1"
"1709","C5","X27",25.852,2024-02-19 11:55:00,"C",5,"27","1","1",13,"27 1 1 13",0,"1 1"
"1710","C5","X27",118.765,2024-02-27 11:38:00,"C",5,"27","1","1",13,"27 1 1 13",7.98819444444444,"1 1"
"1711","C5","X27",88.7366,2024-02-29 11:03:00,"C",5,"27","1","1",13,"27 1 1 13",9.96388888888889,"1 1"
"1712","C5","X27",80.593,2024-03-01 11:59:00,"C",5,"27","1","1",13,"27 1 1 13",11.0027777777778,"1 1"
"1713","C5","X27",62.915,2024-02-22 11:30:00,"C",5,"27","1","1",13,"27 1 1 13",2.98263888888889,"1 1"
"1714","C5","X27",121.891,2024-02-24 11:06:00,"C",5,"27","1","1",13,"27 1 1 13",4.96597222222222,"1 1"
"1715","C5","X27",130.6726,2024-02-26 11:31:00,"C",5,"27","1","1",13,"27 1 1 13",6.98333333333333,"1 1"
"1716","C5","X27",34.9378,2024-02-21 11:02:00,"C",5,"27","1","1",13,"27 1 1 13",1.96319444444444,"1 1"
"1717","C6","A12",20.9076,2024-02-19 11:55:00,"C",6,"12","1","0",14,"12 0 1 14",0,"1 0"
"1718","C6","A12",36.4616,2024-02-28 10:59:00,"C",6,"12","1","0",14,"12 0 1 14",8.96111111111111,"1 0"
"1719","C6","A12",16.398,2024-02-21 11:02:00,"C",6,"12","1","0",14,"12 0 1 14",1.96319444444444,"1 0"
"1720","C6","A12",11.4496,2024-02-20 11:03:00,"C",6,"12","1","0",14,"12 0 1 14",0.963888888888889,"1 0"
"1721","C6","A12",31.1136,2024-03-01 11:59:00,"C",6,"12","1","0",14,"12 0 1 14",11.0027777777778,"1 0"
"1722","C6","A12",40.9406,2024-02-23 11:31:00,"C",6,"12","1","0",14,"12 0 1 14",3.98333333333333,"1 0"
"1723","C6","A12",26.3988,2024-02-22 11:30:00,"C",6,"12","1","0",14,"12 0 1 14",2.98263888888889,"1 0"
"1724","C6","A12",42.0154,2024-02-27 11:38:00,"C",6,"12","1","0",14,"12 0 1 14",7.98819444444444,"1 0"
"1725","C6","A12",46.3378,2024-02-26 11:31:00,"C",6,"12","1","0",14,"12 0 1 14",6.98333333333333,"1 0"
"1726","C6","A12",49.121,2024-02-25 11:35:00,"C",6,"12","1","0",14,"12 0 1 14",5.98611111111111,"1 0"
"1727","C6","A12",52.2818,2024-02-24 11:06:00,"C",6,"12","1","0",14,"12 0 1 14",4.96597222222222,"1 0"
"1728","C6","A12",35.0204,2024-02-29 11:03:00,"C",6,"12","1","0",14,"12 0 1 14",9.96388888888889,"1 0"
"1729","C6","A16",23.9138,2024-02-19 11:55:00,"C",6,"16","1","0",14,"16 0 1 14",0,"1 0"
"1730","C6","A16",38.9042,2024-02-28 10:59:00,"C",6,"16","1","0",14,"16 0 1 14",8.96111111111111,"1 0"
"1731","C6","A16",32.1448,2024-02-21 11:02:00,"C",6,"16","1","0",14,"16 0 1 14",1.96319444444444,"1 0"
"1732","C6","A16",15.3882,2024-02-20 11:03:00,"C",6,"16","1","0",14,"16 0 1 14",0.963888888888889,"1 0"
"1733","C6","A16",31.7032,2024-03-01 11:59:00,"C",6,"16","1","0",14,"16 0 1 14",11.0027777777778,"1 0"
"1734","C6","A16",87.7756,2024-02-23 11:31:00,"C",6,"16","1","0",14,"16 0 1 14",3.98333333333333,"1 0"
"1735","C6","A16",56.8284,2024-02-22 11:30:00,"C",6,"16","1","0",14,"16 0 1 14",2.98263888888889,"1 0"
"1736","C6","A16",47.8556,2024-02-27 11:38:00,"C",6,"16","1","0",14,"16 0 1 14",7.98819444444444,"1 0"
"1737","C6","A16",59.5824,2024-02-26 11:31:00,"C",6,"16","1","0",14,"16 0 1 14",6.98333333333333,"1 0"
"1738","C6","A16",67.1442,2024-02-25 11:35:00,"C",6,"16","1","0",14,"16 0 1 14",5.98611111111111,"1 0"
"1739","C6","A16",80.7196,2024-02-24 11:06:00,"C",6,"16","1","0",14,"16 0 1 14",4.96597222222222,"1 0"
"1740","C6","A16",36.8658,2024-02-29 11:03:00,"C",6,"16","1","0",14,"16 0 1 14",9.96388888888889,"1 0"
"1741","C6","A19",22.7366,2024-02-19 11:55:00,"C",6,"19","1","0",14,"19 0 1 14",0,"1 0"
"1742","C6","A19",32.4378,2024-02-28 10:59:00,"C",6,"19","1","0",14,"19 0 1 14",8.96111111111111,"1 0"
"1743","C6","A19",45.2104,2024-02-21 11:02:00,"C",6,"19","1","0",14,"19 0 1 14",1.96319444444444,"1 0"
"1744","C6","A19",20.127,2024-02-20 11:03:00,"C",6,"19","1","0",14,"19 0 1 14",0.963888888888889,"1 0"
"1745","C6","A19",32.5246,2024-03-01 11:59:00,"C",6,"19","1","0",14,"19 0 1 14",11.0027777777778,"1 0"
"1746","C6","A19",91.6598,2024-02-23 11:31:00,"C",6,"19","1","0",14,"19 0 1 14",3.98333333333333,"1 0"
"1747","C6","A19",75.1128,2024-02-22 11:30:00,"C",6,"19","1","0",14,"19 0 1 14",2.98263888888889,"1 0"
"1748","C6","A19",37.9944,2024-02-27 11:38:00,"C",6,"19","1","0",14,"19 0 1 14",7.98819444444444,"1 0"
"1749","C6","A19",45.4214,2024-02-26 11:31:00,"C",6,"19","1","0",14,"19 0 1 14",6.98333333333333,"1 0"
"1750","C6","A19",64.833,2024-02-25 11:35:00,"C",6,"19","1","0",14,"19 0 1 14",5.98611111111111,"1 0"
"1751","C6","A19",72.2002,2024-02-24 11:06:00,"C",6,"19","1","0",14,"19 0 1 14",4.96597222222222,"1 0"
"1752","C6","A19",30.69,2024-02-29 11:03:00,"C",6,"19","1","0",14,"19 0 1 14",9.96388888888889,"1 0"
"1753","C6","A22",25.3308,2024-02-19 11:55:00,"C",6,"22","1","0",14,"22 0 1 14",0,"1 0"
"1754","C6","A22",34.4928,2024-02-28 10:59:00,"C",6,"22","1","0",14,"22 0 1 14",8.96111111111111,"1 0"
"1755","C6","A22",58.869,2024-02-21 11:02:00,"C",6,"22","1","0",14,"22 0 1 14",1.96319444444444,"1 0"
"1756","C6","A22",25.1988,2024-02-20 11:03:00,"C",6,"22","1","0",14,"22 0 1 14",0.963888888888889,"1 0"
"1757","C6","A22",26.404,2024-03-01 11:59:00,"C",6,"22","1","0",14,"22 0 1 14",11.0027777777778,"1 0"
"1758","C6","A22",112.529,2024-02-23 11:31:00,"C",6,"22","1","0",14,"22 0 1 14",3.98333333333333,"1 0"
"1759","C6","A22",125.2498,2024-02-22 11:30:00,"C",6,"22","1","0",14,"22 0 1 14",2.98263888888889,"1 0"
"1760","C6","A22",40.8008,2024-02-27 11:38:00,"C",6,"22","1","0",14,"22 0 1 14",7.98819444444444,"1 0"
"1761","C6","A22",49.0132,2024-02-26 11:31:00,"C",6,"22","1","0",14,"22 0 1 14",6.98333333333333,"1 0"
"1762","C6","A22",62.627,2024-02-25 11:35:00,"C",6,"22","1","0",14,"22 0 1 14",5.98611111111111,"1 0"
"1763","C6","A22",82.21,2024-02-24 11:06:00,"C",6,"22","1","0",14,"22 0 1 14",4.96597222222222,"1 0"
"1764","C6","A22",30.2546,2024-02-29 11:03:00,"C",6,"22","1","0",14,"22 0 1 14",9.96388888888889,"1 0"
"1765","C6","A25",22.0372,2024-02-19 11:55:00,"C",6,"25","1","0",14,"25 0 1 14",0,"1 0"
"1766","C6","A25",24.3666,2024-02-28 10:59:00,"C",6,"25","1","0",14,"25 0 1 14",8.96111111111111,"1 0"
"1767","C6","A25",53.4206,2024-02-21 11:02:00,"C",6,"25","1","0",14,"25 0 1 14",1.96319444444444,"1 0"
"1768","C6","A25",23.9566,2024-02-20 11:03:00,"C",6,"25","1","0",14,"25 0 1 14",0.963888888888889,"1 0"
"1769","C6","A25",19.2984,2024-03-01 11:59:00,"C",6,"25","1","0",14,"25 0 1 14",11.0027777777778,"1 0"
"1770","C6","A25",105.9886,2024-02-23 11:31:00,"C",6,"25","1","0",14,"25 0 1 14",3.98333333333333,"1 0"
"1771","C6","A25",88.4748,2024-02-22 11:30:00,"C",6,"25","1","0",14,"25 0 1 14",2.98263888888889,"1 0"
"1772","C6","A25",27.3152,2024-02-27 11:38:00,"C",6,"25","1","0",14,"25 0 1 14",7.98819444444444,"1 0"
"1773","C6","A25",34.2202,2024-02-26 11:31:00,"C",6,"25","1","0",14,"25 0 1 14",6.98333333333333,"1 0"
"1774","C6","A25",47.855,2024-02-25 11:35:00,"C",6,"25","1","0",14,"25 0 1 14",5.98611111111111,"1 0"
"1775","C6","A25",69.1118,2024-02-24 11:06:00,"C",6,"25","1","0",14,"25 0 1 14",4.96597222222222,"1 0"
"1776","C6","A25",21.7606,2024-02-29 11:03:00,"C",6,"25","1","0",14,"25 0 1 14",9.96388888888889,"1 0"
"1777","C6","A27",17.9602,2024-02-19 11:55:00,"C",6,"27","1","0",14,"27 0 1 14",0,"1 0"
"1778","C6","A27",21.1672,2024-02-28 10:59:00,"C",6,"27","1","0",14,"27 0 1 14",8.96111111111111,"1 0"
"1779","C6","A27",32.6994,2024-02-21 11:02:00,"C",6,"27","1","0",14,"27 0 1 14",1.96319444444444,"1 0"
"1780","C6","A27",17.3888,2024-02-20 11:03:00,"C",6,"27","1","0",14,"27 0 1 14",0.963888888888889,"1 0"
"1781","C6","A27",15.553,2024-03-01 11:59:00,"C",6,"27","1","0",14,"27 0 1 14",11.0027777777778,"1 0"
"1782","C6","A27",66.042,2024-02-23 11:31:00,"C",6,"27","1","0",14,"27 0 1 14",3.98333333333333,"1 0"
"1783","C6","A27",48.9428,2024-02-22 11:30:00,"C",6,"27","1","0",14,"27 0 1 14",2.98263888888889,"1 0"
"1784","C6","A27",26.3342,2024-02-27 11:38:00,"C",6,"27","1","0",14,"27 0 1 14",7.98819444444444,"1 0"
"1785","C6","A27",33.1972,2024-02-26 11:31:00,"C",6,"27","1","0",14,"27 0 1 14",6.98333333333333,"1 0"
"1786","C6","A27",49.9062,2024-02-25 11:35:00,"C",6,"27","1","0",14,"27 0 1 14",5.98611111111111,"1 0"
"1787","C6","A27",62.8682,2024-02-24 11:06:00,"C",6,"27","1","0",14,"27 0 1 14",4.96597222222222,"1 0"
"1788","C6","A27",18.6542,2024-02-29 11:03:00,"C",6,"27","1","0",14,"27 0 1 14",9.96388888888889,"1 0"
"1789","C6","X13",48.167,2024-02-19 11:55:00,"C",6,"13","1","1",14,"13 1 1 14",0,"1 1"
"1790","C6","X13",87.5888,2024-02-28 10:59:00,"C",6,"13","1","1",14,"13 1 1 14",8.96111111111111,"1 1"
"1791","C6","X13",55.0174,2024-02-21 11:02:00,"C",6,"13","1","1",14,"13 1 1 14",1.96319444444444,"1 1"
"1792","C6","X13",24.5842,2024-02-20 11:03:00,"C",6,"13","1","1",14,"13 1 1 14",0.963888888888889,"1 1"
"1793","C6","X13",78.8764,2024-03-01 11:59:00,"C",6,"13","1","1",14,"13 1 1 14",11.0027777777778,"1 1"
"1794","C6","X13",122.2012,2024-02-23 11:31:00,"C",6,"13","1","1",14,"13 1 1 14",3.98333333333333,"1 1"
"1795","C6","X13",78.6802,2024-02-22 11:30:00,"C",6,"13","1","1",14,"13 1 1 14",2.98263888888889,"1 1"
"1796","C6","X13",95.6738,2024-02-27 11:38:00,"C",6,"13","1","1",14,"13 1 1 14",7.98819444444444,"1 1"
"1797","C6","X13",105.0994,2024-02-26 11:31:00,"C",6,"13","1","1",14,"13 1 1 14",6.98333333333333,"1 1"
"1798","C6","X13",118.6912,2024-02-25 11:35:00,"C",6,"13","1","1",14,"13 1 1 14",5.98611111111111,"1 1"
"1799","C6","X13",131.6678,2024-02-24 11:06:00,"C",6,"13","1","1",14,"13 1 1 14",4.96597222222222,"1 1"
"1800","C6","X13",78.086,2024-02-29 11:03:00,"C",6,"13","1","1",14,"13 1 1 14",9.96388888888889,"1 1"
"1801","C6","X20",27.0386,2024-02-19 11:55:00,"C",6,"20","1","1",14,"20 1 1 14",0,"1 1"
"1802","C6","X20",123.9508,2024-02-28 10:59:00,"C",6,"20","1","1",14,"20 1 1 14",8.96111111111111,"1 1"
"1803","C6","X20",87.1684,2024-02-21 11:02:00,"C",6,"20","1","1",14,"20 1 1 14",1.96319444444444,"1 1"
"1804","C6","X20",31.033,2024-02-20 11:03:00,"C",6,"20","1","1",14,"20 1 1 14",0.963888888888889,"1 1"
"1805","C6","X20",79.9274,2024-03-01 11:59:00,"C",6,"20","1","1",14,"20 1 1 14",11.0027777777778,"1 1"
"1806","C6","X20",159.6648,2024-02-23 11:31:00,"C",6,"20","1","1",14,"20 1 1 14",3.98333333333333,"1 1"
"1807","C6","X20",119.6154,2024-02-22 11:30:00,"C",6,"20","1","1",14,"20 1 1 14",2.98263888888889,"1 1"
"1808","C6","X20",168.984,2024-02-27 11:38:00,"C",6,"20","1","1",14,"20 1 1 14",7.98819444444444,"1 1"
"1809","C6","X20",132.1298,2024-02-26 11:31:00,"C",6,"20","1","1",14,"20 1 1 14",6.98333333333333,"1 1"
"1810","C6","X20",146.2842,2024-02-25 11:35:00,"C",6,"20","1","1",14,"20 1 1 14",5.98611111111111,"1 1"
"1811","C6","X20",136.7896,2024-02-24 11:06:00,"C",6,"20","1","1",14,"20 1 1 14",4.96597222222222,"1 1"
"1812","C6","X20",114.152,2024-02-29 11:03:00,"C",6,"20","1","1",14,"20 1 1 14",9.96388888888889,"1 1"
"1813","C6","X22",32.0518,2024-02-19 11:55:00,"C",6,"22","1","1",14,"22 1 1 14",0,"1 1"
"1814","C6","X22",106.6194,2024-02-28 10:59:00,"C",6,"22","1","1",14,"22 1 1 14",8.96111111111111,"1 1"
"1815","C6","X22",91.5746,2024-02-21 11:02:00,"C",6,"22","1","1",14,"22 1 1 14",1.96319444444444,"1 1"
"1816","C6","X22",33.5284,2024-02-20 11:03:00,"C",6,"22","1","1",14,"22 1 1 14",0.963888888888889,"1 1"
"1817","C6","X22",71.214,2024-03-01 11:59:00,"C",6,"22","1","1",14,"22 1 1 14",11.0027777777778,"1 1"
"1818","C6","X22",153.3748,2024-02-23 11:31:00,"C",6,"22","1","1",14,"22 1 1 14",3.98333333333333,"1 1"
"1819","C6","X22",142.399,2024-02-22 11:30:00,"C",6,"22","1","1",14,"22 1 1 14",2.98263888888889,"1 1"
"1820","C6","X22",167.663,2024-02-27 11:38:00,"C",6,"22","1","1",14,"22 1 1 14",7.98819444444444,"1 1"
"1821","C6","X22",191.7722,2024-02-26 11:31:00,"C",6,"22","1","1",14,"22 1 1 14",6.98333333333333,"1 1"
"1822","C6","X22",203.8972,2024-02-25 11:35:00,"C",6,"22","1","1",14,"22 1 1 14",5.98611111111111,"1 1"
"1823","C6","X22",135.0484,2024-02-24 11:06:00,"C",6,"22","1","1",14,"22 1 1 14",4.96597222222222,"1 1"
"1824","C6","X22",101.3752,2024-02-29 11:03:00,"C",6,"22","1","1",14,"22 1 1 14",9.96388888888889,"1 1"
"1825","C6","X25",29.4818,2024-02-19 11:55:00,"C",6,"25","1","1",14,"25 1 1 14",0,"1 1"
"1826","C6","X25",68.4278,2024-02-28 10:59:00,"C",6,"25","1","1",14,"25 1 1 14",8.96111111111111,"1 1"
"1827","C6","X25",82.2672,2024-02-21 11:02:00,"C",6,"25","1","1",14,"25 1 1 14",1.96319444444444,"1 1"
"1828","C6","X25",31.7604,2024-02-20 11:03:00,"C",6,"25","1","1",14,"25 1 1 14",0.963888888888889,"1 1"
"1829","C6","X25",52.305,2024-03-01 11:59:00,"C",6,"25","1","1",14,"25 1 1 14",11.0027777777778,"1 1"
"1830","C6","X25",135.1348,2024-02-23 11:31:00,"C",6,"25","1","1",14,"25 1 1 14",3.98333333333333,"1 1"
"1831","C6","X25",134.7896,2024-02-22 11:30:00,"C",6,"25","1","1",14,"25 1 1 14",2.98263888888889,"1 1"
"1832","C6","X25",95.8652,2024-02-27 11:38:00,"C",6,"25","1","1",14,"25 1 1 14",7.98819444444444,"1 1"
"1833","C6","X25",117.0106,2024-02-26 11:31:00,"C",6,"25","1","1",14,"25 1 1 14",6.98333333333333,"1 1"
"1834","C6","X25",183.8444,2024-02-25 11:35:00,"C",6,"25","1","1",14,"25 1 1 14",5.98611111111111,"1 1"
"1835","C6","X25",189.3172,2024-02-24 11:06:00,"C",6,"25","1","1",14,"25 1 1 14",4.96597222222222,"1 1"
"1836","C6","X25",60.3334,2024-02-29 11:03:00,"C",6,"25","1","1",14,"25 1 1 14",9.96388888888889,"1 1"
"1837","C6","X27",24.6728,2024-02-19 11:55:00,"C",6,"27","1","1",14,"27 1 1 14",0,"1 1"
"1838","C6","X27",96.2574,2024-02-28 10:59:00,"C",6,"27","1","1",14,"27 1 1 14",8.96111111111111,"1 1"
"1839","C6","X27",34.7636,2024-02-21 11:02:00,"C",6,"27","1","1",14,"27 1 1 14",1.96319444444444,"1 1"
"1840","C6","X27",11.8012,2024-02-20 11:03:00,"C",6,"27","1","1",14,"27 1 1 14",0.963888888888889,"1 1"
"1841","C6","X27",74.7956,2024-03-01 11:59:00,"C",6,"27","1","1",14,"27 1 1 14",11.0027777777778,"1 1"
"1842","C6","X27",84.037,2024-02-23 11:31:00,"C",6,"27","1","1",14,"27 1 1 14",3.98333333333333,"1 1"
"1843","C6","X27",60.0078,2024-02-22 11:30:00,"C",6,"27","1","1",14,"27 1 1 14",2.98263888888889,"1 1"
"1844","C6","X27",134.2016,2024-02-27 11:38:00,"C",6,"27","1","1",14,"27 1 1 14",7.98819444444444,"1 1"
"1845","C6","X27",117.643,2024-02-26 11:31:00,"C",6,"27","1","1",14,"27 1 1 14",6.98333333333333,"1 1"
"1846","C6","X27",138.97,2024-02-25 11:35:00,"C",6,"27","1","1",14,"27 1 1 14",5.98611111111111,"1 1"
"1847","C6","X27",114.4336,2024-02-24 11:06:00,"C",6,"27","1","1",14,"27 1 1 14",4.96597222222222,"1 1"
"1848","C6","X27",83.7008,2024-02-29 11:03:00,"C",6,"27","1","1",14,"27 1 1 14",9.96388888888889,"1 1"
"1849","C7","A12",47.5898,2024-02-23 11:31:00,"C",7,"12","1","0",15,"12 0 1 15",3.98333333333333,"1 0"
"1850","C7","A12",57.1742,2024-02-24 11:06:00,"C",7,"12","1","0",15,"12 0 1 15",4.96597222222222,"1 0"
"1851","C7","A12",44.5448,2024-02-27 11:38:00,"C",7,"12","1","0",15,"12 0 1 15",7.98819444444444,"1 0"
"1852","C7","A12",39.9094,2024-02-28 10:59:00,"C",7,"12","1","0",15,"12 0 1 15",8.96111111111111,"1 0"
"1853","C7","A12",41.0446,2024-02-29 11:03:00,"C",7,"12","1","0",15,"12 0 1 15",9.96388888888889,"1 0"
"1854","C7","A12",48.1068,2024-02-26 11:31:00,"C",7,"12","1","0",15,"12 0 1 15",6.98333333333333,"1 0"
"1855","C7","A12",36.3468,2024-03-01 11:59:00,"C",7,"12","1","0",15,"12 0 1 15",11.0027777777778,"1 0"
"1856","C7","A12",29.5284,2024-02-22 11:30:00,"C",7,"12","1","0",15,"12 0 1 15",2.98263888888889,"1 0"
"1857","C7","A12",21.2364,2024-02-19 11:55:00,"C",7,"12","1","0",15,"12 0 1 15",0,"1 0"
"1858","C7","A12",10.73,2024-02-20 11:03:00,"C",7,"12","1","0",15,"12 0 1 15",0.963888888888889,"1 0"
"1859","C7","A12",17.8934,2024-02-21 11:02:00,"C",7,"12","1","0",15,"12 0 1 15",1.96319444444444,"1 0"
"1860","C7","A12",51.1244,2024-02-25 11:35:00,"C",7,"12","1","0",15,"12 0 1 15",5.98611111111111,"1 0"
"1861","C7","A16",85.8726,2024-02-23 11:31:00,"C",7,"16","1","0",15,"16 0 1 15",3.98333333333333,"1 0"
"1862","C7","A16",77.9962,2024-02-24 11:06:00,"C",7,"16","1","0",15,"16 0 1 15",4.96597222222222,"1 0"
"1863","C7","A16",50.0276,2024-02-27 11:38:00,"C",7,"16","1","0",15,"16 0 1 15",7.98819444444444,"1 0"
"1864","C7","A16",39.8166,2024-02-28 10:59:00,"C",7,"16","1","0",15,"16 0 1 15",8.96111111111111,"1 0"
"1865","C7","A16",39.8236,2024-02-29 11:03:00,"C",7,"16","1","0",15,"16 0 1 15",9.96388888888889,"1 0"
"1866","C7","A16",54.651,2024-02-26 11:31:00,"C",7,"16","1","0",15,"16 0 1 15",6.98333333333333,"1 0"
"1867","C7","A16",34.6766,2024-03-01 11:59:00,"C",7,"16","1","0",15,"16 0 1 15",11.0027777777778,"1 0"
"1868","C7","A16",59.4792,2024-02-22 11:30:00,"C",7,"16","1","0",15,"16 0 1 15",2.98263888888889,"1 0"
"1869","C7","A16",23.7182,2024-02-19 11:55:00,"C",7,"16","1","0",15,"16 0 1 15",0,"1 0"
"1870","C7","A16",15.43,2024-02-20 11:03:00,"C",7,"16","1","0",15,"16 0 1 15",0.963888888888889,"1 0"
"1871","C7","A16",33.6242,2024-02-21 11:02:00,"C",7,"16","1","0",15,"16 0 1 15",1.96319444444444,"1 0"
"1872","C7","A16",66.5216,2024-02-25 11:35:00,"C",7,"16","1","0",15,"16 0 1 15",5.98611111111111,"1 0"
"1873","C7","A19",87.0144,2024-02-23 11:31:00,"C",7,"19","1","0",15,"19 0 1 15",3.98333333333333,"1 0"
"1874","C7","A19",67.788,2024-02-24 11:06:00,"C",7,"19","1","0",15,"19 0 1 15",4.96597222222222,"1 0"
"1875","C7","A19",36.5756,2024-02-27 11:38:00,"C",7,"19","1","0",15,"19 0 1 15",7.98819444444444,"1 0"
"1876","C7","A19",31.5828,2024-02-28 10:59:00,"C",7,"19","1","0",15,"19 0 1 15",8.96111111111111,"1 0"
"1877","C7","A19",31.369,2024-02-29 11:03:00,"C",7,"19","1","0",15,"19 0 1 15",9.96388888888889,"1 0"
"1878","C7","A19",42.8676,2024-02-26 11:31:00,"C",7,"19","1","0",15,"19 0 1 15",6.98333333333333,"1 0"
"1879","C7","A19",36.8686,2024-03-01 11:59:00,"C",7,"19","1","0",15,"19 0 1 15",11.0027777777778,"1 0"
"1880","C7","A19",73.6104,2024-02-22 11:30:00,"C",7,"19","1","0",15,"19 0 1 15",2.98263888888889,"1 0"
"1881","C7","A19",21.5928,2024-02-19 11:55:00,"C",7,"19","1","0",15,"19 0 1 15",0,"1 0"
"1882","C7","A19",17.8274,2024-02-20 11:03:00,"C",7,"19","1","0",15,"19 0 1 15",0.963888888888889,"1 0"
"1883","C7","A19",42.9758,2024-02-21 11:02:00,"C",7,"19","1","0",15,"19 0 1 15",1.96319444444444,"1 0"
"1884","C7","A19",61.5482,2024-02-25 11:35:00,"C",7,"19","1","0",15,"19 0 1 15",5.98611111111111,"1 0"
"1885","C7","A22",120.5346,2024-02-23 11:31:00,"C",7,"22","1","0",15,"22 0 1 15",3.98333333333333,"1 0"
"1886","C7","A22",89.8296,2024-02-24 11:06:00,"C",7,"22","1","0",15,"22 0 1 15",4.96597222222222,"1 0"
"1887","C7","A22",34.9968,2024-02-27 11:38:00,"C",7,"22","1","0",15,"22 0 1 15",7.98819444444444,"1 0"
"1888","C7","A22",30.465,2024-02-28 10:59:00,"C",7,"22","1","0",15,"22 0 1 15",8.96111111111111,"1 0"
"1889","C7","A22",27.313,2024-02-29 11:03:00,"C",7,"22","1","0",15,"22 0 1 15",9.96388888888889,"1 0"
"1890","C7","A22",47.7396,2024-02-26 11:31:00,"C",7,"22","1","0",15,"22 0 1 15",6.98333333333333,"1 0"
"1891","C7","A22",24.4102,2024-03-01 11:59:00,"C",7,"22","1","0",15,"22 0 1 15",11.0027777777778,"1 0"
"1892","C7","A22",126.3168,2024-02-22 11:30:00,"C",7,"22","1","0",15,"22 0 1 15",2.98263888888889,"1 0"
"1893","C7","A22",25.5236,2024-02-19 11:55:00,"C",7,"22","1","0",15,"22 0 1 15",0,"1 0"
"1894","C7","A22",23.6028,2024-02-20 11:03:00,"C",7,"22","1","0",15,"22 0 1 15",0.963888888888889,"1 0"
"1895","C7","A22",56.5474,2024-02-21 11:02:00,"C",7,"22","1","0",15,"22 0 1 15",1.96319444444444,"1 0"
"1896","C7","A22",63.9604,2024-02-25 11:35:00,"C",7,"22","1","0",15,"22 0 1 15",5.98611111111111,"1 0"
"1897","C7","A25",98.044,2024-02-23 11:31:00,"C",7,"25","1","0",15,"25 0 1 15",3.98333333333333,"1 0"
"1898","C7","A25",56.1792,2024-02-24 11:06:00,"C",7,"25","1","0",15,"25 0 1 15",4.96597222222222,"1 0"
"1899","C7","A25",26.0968,2024-02-27 11:38:00,"C",7,"25","1","0",15,"25 0 1 15",7.98819444444444,"1 0"
"1900","C7","A25",22.9772,2024-02-28 10:59:00,"C",7,"25","1","0",15,"25 0 1 15",8.96111111111111,"1 0"
"1901","C7","A25",20.3126,2024-02-29 11:03:00,"C",7,"25","1","0",15,"25 0 1 15",9.96388888888889,"1 0"
"1902","C7","A25",31.7146,2024-02-26 11:31:00,"C",7,"25","1","0",15,"25 0 1 15",6.98333333333333,"1 0"
"1903","C7","A25",18.1326,2024-03-01 11:59:00,"C",7,"25","1","0",15,"25 0 1 15",11.0027777777778,"1 0"
"1904","C7","A25",83.595,2024-02-22 11:30:00,"C",7,"25","1","0",15,"25 0 1 15",2.98263888888889,"1 0"
"1905","C7","A25",22.1608,2024-02-19 11:55:00,"C",7,"25","1","0",15,"25 0 1 15",0,"1 0"
"1906","C7","A25",22.2998,2024-02-20 11:03:00,"C",7,"25","1","0",15,"25 0 1 15",0.963888888888889,"1 0"
"1907","C7","A25",48.4296,2024-02-21 11:02:00,"C",7,"25","1","0",15,"25 0 1 15",1.96319444444444,"1 0"
"1908","C7","A25",42.5266,2024-02-25 11:35:00,"C",7,"25","1","0",15,"25 0 1 15",5.98611111111111,"1 0"
"1909","C7","A27",67.3482,2024-02-23 11:31:00,"C",7,"27","1","0",15,"27 0 1 15",3.98333333333333,"1 0"
"1910","C7","A27",62.7622,2024-02-24 11:06:00,"C",7,"27","1","0",15,"27 0 1 15",4.96597222222222,"1 0"
"1911","C7","A27",24.7974,2024-02-27 11:38:00,"C",7,"27","1","0",15,"27 0 1 15",7.98819444444444,"1 0"
"1912","C7","A27",19.9902,2024-02-28 10:59:00,"C",7,"27","1","0",15,"27 0 1 15",8.96111111111111,"1 0"
"1913","C7","A27",17.3138,2024-02-29 11:03:00,"C",7,"27","1","0",15,"27 0 1 15",9.96388888888889,"1 0"
"1914","C7","A27",31.9198,2024-02-26 11:31:00,"C",7,"27","1","0",15,"27 0 1 15",6.98333333333333,"1 0"
"1915","C7","A27",15.0682,2024-03-01 11:59:00,"C",7,"27","1","0",15,"27 0 1 15",11.0027777777778,"1 0"
"1916","C7","A27",48.8674,2024-02-22 11:30:00,"C",7,"27","1","0",15,"27 0 1 15",2.98263888888889,"1 0"
"1917","C7","A27",17.683,2024-02-19 11:55:00,"C",7,"27","1","0",15,"27 0 1 15",0,"1 0"
"1918","C7","A27",16.7032,2024-02-20 11:03:00,"C",7,"27","1","0",15,"27 0 1 15",0.963888888888889,"1 0"
"1919","C7","A27",32,2024-02-21 11:02:00,"C",7,"27","1","0",15,"27 0 1 15",1.96319444444444,"1 0"
"1920","C7","A27",48.3076,2024-02-25 11:35:00,"C",7,"27","1","0",15,"27 0 1 15",5.98611111111111,"1 0"
"1921","C7","X13",69.7728,2024-02-23 11:31:00,"C",7,"13","1","1",15,"13 1 1 15",3.98333333333333,"1 1"
"1922","C7","X13",117.2692,2024-02-24 11:06:00,"C",7,"13","1","1",15,"13 1 1 15",4.96597222222222,"1 1"
"1923","C7","X13",86.9428,2024-02-27 11:38:00,"C",7,"13","1","1",15,"13 1 1 15",7.98819444444444,"1 1"
"1924","C7","X13",81.0094,2024-02-28 10:59:00,"C",7,"13","1","1",15,"13 1 1 15",8.96111111111111,"1 1"
"1925","C7","X13",66.767,2024-02-29 11:03:00,"C",7,"13","1","1",15,"13 1 1 15",9.96388888888889,"1 1"
"1926","C7","X13",94.5318,2024-02-26 11:31:00,"C",7,"13","1","1",15,"13 1 1 15",6.98333333333333,"1 1"
"1927","C7","X13",64.7566,2024-03-01 11:59:00,"C",7,"13","1","1",15,"13 1 1 15",11.0027777777778,"1 1"
"1928","C7","X13",65.298,2024-02-22 11:30:00,"C",7,"13","1","1",15,"13 1 1 15",2.98263888888889,"1 1"
"1929","C7","X13",25.649,2024-02-19 11:55:00,"C",7,"13","1","1",15,"13 1 1 15",0,"1 1"
"1930","C7","X13",14.3504,2024-02-20 11:03:00,"C",7,"13","1","1",15,"13 1 1 15",0.963888888888889,"1 1"
"1931","C7","X13",30.553,2024-02-21 11:02:00,"C",7,"13","1","1",15,"13 1 1 15",1.96319444444444,"1 1"
"1932","C7","X13",96.3208,2024-02-25 11:35:00,"C",7,"13","1","1",15,"13 1 1 15",5.98611111111111,"1 1"
"1933","C7","X20",145.1924,2024-02-23 11:31:00,"C",7,"20","1","1",15,"20 1 1 15",3.98333333333333,"1 1"
"1934","C7","X20",124.4444,2024-02-24 11:06:00,"C",7,"20","1","1",15,"20 1 1 15",4.96597222222222,"1 1"
"1935","C7","X20",144.3858,2024-02-27 11:38:00,"C",7,"20","1","1",15,"20 1 1 15",7.98819444444444,"1 1"
"1936","C7","X20",104.225,2024-02-28 10:59:00,"C",7,"20","1","1",15,"20 1 1 15",8.96111111111111,"1 1"
"1937","C7","X20",109.2322,2024-02-29 11:03:00,"C",7,"20","1","1",15,"20 1 1 15",9.96388888888889,"1 1"
"1938","C7","X20",101.2306,2024-02-26 11:31:00,"C",7,"20","1","1",15,"20 1 1 15",6.98333333333333,"1 1"
"1939","C7","X20",77.5398,2024-03-01 11:59:00,"C",7,"20","1","1",15,"20 1 1 15",11.0027777777778,"1 1"
"1940","C7","X20",112.3696,2024-02-22 11:30:00,"C",7,"20","1","1",15,"20 1 1 15",2.98263888888889,"1 1"
"1941","C7","X20",27.6522,2024-02-19 11:55:00,"C",7,"20","1","1",15,"20 1 1 15",0,"1 1"
"1942","C7","X20",29.729,2024-02-20 11:03:00,"C",7,"20","1","1",15,"20 1 1 15",0.963888888888889,"1 1"
"1943","C7","X20",83.6724,2024-02-21 11:02:00,"C",7,"20","1","1",15,"20 1 1 15",1.96319444444444,"1 1"
"1944","C7","X20",121.0312,2024-02-25 11:35:00,"C",7,"20","1","1",15,"20 1 1 15",5.98611111111111,"1 1"
"1945","C7","X22",157.8444,2024-02-23 11:31:00,"C",7,"22","1","1",15,"22 1 1 15",3.98333333333333,"1 1"
"1946","C7","X22",127.5618,2024-02-24 11:06:00,"C",7,"22","1","1",15,"22 1 1 15",4.96597222222222,"1 1"
"1947","C7","X22",157.3038,2024-02-27 11:38:00,"C",7,"22","1","1",15,"22 1 1 15",7.98819444444444,"1 1"
"1948","C7","X22",100.1638,2024-02-28 10:59:00,"C",7,"22","1","1",15,"22 1 1 15",8.96111111111111,"1 1"
"1949","C7","X22",92.653,2024-02-29 11:03:00,"C",7,"22","1","1",15,"22 1 1 15",9.96388888888889,"1 1"
"1950","C7","X22",171.2522,2024-02-26 11:31:00,"C",7,"22","1","1",15,"22 1 1 15",6.98333333333333,"1 1"
"1951","C7","X22",71.2466,2024-03-01 11:59:00,"C",7,"22","1","1",15,"22 1 1 15",11.0027777777778,"1 1"
"1952","C7","X22",146.0514,2024-02-22 11:30:00,"C",7,"22","1","1",15,"22 1 1 15",2.98263888888889,"1 1"
"1953","C7","X22",30.9418,2024-02-19 11:55:00,"C",7,"22","1","1",15,"22 1 1 15",0,"1 1"
"1954","C7","X22",31.9082,2024-02-20 11:03:00,"C",7,"22","1","1",15,"22 1 1 15",0.963888888888889,"1 1"
"1955","C7","X22",94.8584,2024-02-21 11:02:00,"C",7,"22","1","1",15,"22 1 1 15",1.96319444444444,"1 1"
"1956","C7","X22",187.9434,2024-02-25 11:35:00,"C",7,"22","1","1",15,"22 1 1 15",5.98611111111111,"1 1"
"1957","C7","X25",133.0934,2024-02-23 11:31:00,"C",7,"25","1","1",15,"25 1 1 15",3.98333333333333,"1 1"
"1958","C7","X25",192.6114,2024-02-24 11:06:00,"C",7,"25","1","1",15,"25 1 1 15",4.96597222222222,"1 1"
"1959","C7","X25",98.4112,2024-02-27 11:38:00,"C",7,"25","1","1",15,"25 1 1 15",7.98819444444444,"1 1"
"1960","C7","X25",70.6282,2024-02-28 10:59:00,"C",7,"25","1","1",15,"25 1 1 15",8.96111111111111,"1 1"
"1961","C7","X25",60.162,2024-02-29 11:03:00,"C",7,"25","1","1",15,"25 1 1 15",9.96388888888889,"1 1"
"1962","C7","X25",119.7682,2024-02-26 11:31:00,"C",7,"25","1","1",15,"25 1 1 15",6.98333333333333,"1 1"
"1963","C7","X25",49.623,2024-03-01 11:59:00,"C",7,"25","1","1",15,"25 1 1 15",11.0027777777778,"1 1"
"1964","C7","X25",130.5222,2024-02-22 11:30:00,"C",7,"25","1","1",15,"25 1 1 15",2.98263888888889,"1 1"
"1965","C7","X25",28.6958,2024-02-19 11:55:00,"C",7,"25","1","1",15,"25 1 1 15",0,"1 1"
"1966","C7","X25",30.6062,2024-02-20 11:03:00,"C",7,"25","1","1",15,"25 1 1 15",0.963888888888889,"1 1"
"1967","C7","X25",78.901,2024-02-21 11:02:00,"C",7,"25","1","1",15,"25 1 1 15",1.96319444444444,"1 1"
"1968","C7","X25",185.7356,2024-02-25 11:35:00,"C",7,"25","1","1",15,"25 1 1 15",5.98611111111111,"1 1"
"1969","C7","X27",90.4196,2024-02-23 11:31:00,"C",7,"27","1","1",15,"27 1 1 15",3.98333333333333,"1 1"
"1970","C7","X27",116.826,2024-02-24 11:06:00,"C",7,"27","1","1",15,"27 1 1 15",4.96597222222222,"1 1"
"1971","C7","X27",145.5676,2024-02-27 11:38:00,"C",7,"27","1","1",15,"27 1 1 15",7.98819444444444,"1 1"
"1972","C7","X27",109.9648,2024-02-28 10:59:00,"C",7,"27","1","1",15,"27 1 1 15",8.96111111111111,"1 1"
"1973","C7","X27",88.7422,2024-02-29 11:03:00,"C",7,"27","1","1",15,"27 1 1 15",9.96388888888889,"1 1"
"1974","C7","X27",125.396,2024-02-26 11:31:00,"C",7,"27","1","1",15,"27 1 1 15",6.98333333333333,"1 1"
"1975","C7","X27",78.346,2024-03-01 11:59:00,"C",7,"27","1","1",15,"27 1 1 15",11.0027777777778,"1 1"
"1976","C7","X27",66.261,2024-02-22 11:30:00,"C",7,"27","1","1",15,"27 1 1 15",2.98263888888889,"1 1"
"1977","C7","X27",25.6084,2024-02-19 11:55:00,"C",7,"27","1","1",15,"27 1 1 15",0,"1 1"
"1978","C7","X27",20.0592,2024-02-20 11:03:00,"C",7,"27","1","1",15,"27 1 1 15",0.963888888888889,"1 1"
"1979","C7","X27",39.931,2024-02-21 11:02:00,"C",7,"27","1","1",15,"27 1 1 15",1.96319444444444,"1 1"
"1980","C7","X27",146.0842,2024-02-25 11:35:00,"C",7,"27","1","1",15,"27 1 1 15",5.98611111111111,"1 1"
"1981","C8","A12",32.901,2024-02-29 11:03:00,"C",8,"12","1","0",16,"12 0 1 16",9.96388888888889,"1 0"
"1982","C8","A12",44.6276,2024-02-23 11:31:00,"C",8,"12","1","0",16,"12 0 1 16",3.98333333333333,"1 0"
"1983","C8","A12",20.5214,2024-02-19 11:55:00,"C",8,"12","1","0",16,"12 0 1 16",0,"1 0"
"1984","C8","A12",50.456,2024-02-24 11:06:00,"C",8,"12","1","0",16,"12 0 1 16",4.96597222222222,"1 0"
"1985","C8","A12",38.5374,2024-02-28 10:59:00,"C",8,"12","1","0",16,"12 0 1 16",8.96111111111111,"1 0"
"1986","C8","A12",28.0548,2024-02-22 11:30:00,"C",8,"12","1","0",16,"12 0 1 16",2.98263888888889,"1 0"
"1987","C8","A12",44.6768,2024-02-26 11:31:00,"C",8,"12","1","0",16,"12 0 1 16",6.98333333333333,"1 0"
"1988","C8","A12",43.524,2024-02-27 11:38:00,"C",8,"12","1","0",16,"12 0 1 16",7.98819444444444,"1 0"
"1989","C8","A12",16.7196,2024-02-21 11:02:00,"C",8,"12","1","0",16,"12 0 1 16",1.96319444444444,"1 0"
"1990","C8","A12",33.8328,2024-03-01 11:59:00,"C",8,"12","1","0",16,"12 0 1 16",11.0027777777778,"1 0"
"1991","C8","A12",42.5452,2024-02-25 11:35:00,"C",8,"12","1","0",16,"12 0 1 16",5.98611111111111,"1 0"
"1992","C8","A12",9.6894,2024-02-20 11:03:00,"C",8,"12","1","0",16,"12 0 1 16",0.963888888888889,"1 0"
"1993","C8","A16",43.858,2024-02-29 11:03:00,"C",8,"16","1","0",16,"16 0 1 16",9.96388888888889,"1 0"
"1994","C8","A16",95.5396,2024-02-23 11:31:00,"C",8,"16","1","0",16,"16 0 1 16",3.98333333333333,"1 0"
"1995","C8","A16",23.71,2024-02-19 11:55:00,"C",8,"16","1","0",16,"16 0 1 16",0,"1 0"
"1996","C8","A16",79.3808,2024-02-24 11:06:00,"C",8,"16","1","0",16,"16 0 1 16",4.96597222222222,"1 0"
"1997","C8","A16",48.3864,2024-02-28 10:59:00,"C",8,"16","1","0",16,"16 0 1 16",8.96111111111111,"1 0"
"1998","C8","A16",66.1802,2024-02-22 11:30:00,"C",8,"16","1","0",16,"16 0 1 16",2.98263888888889,"1 0"
"1999","C8","A16",78.456,2024-02-26 11:31:00,"C",8,"16","1","0",16,"16 0 1 16",6.98333333333333,"1 0"
"2000","C8","A16",61.8808,2024-02-27 11:38:00,"C",8,"16","1","0",16,"16 0 1 16",7.98819444444444,"1 0"
"2001","C8","A16",37.2982,2024-02-21 11:02:00,"C",8,"16","1","0",16,"16 0 1 16",1.96319444444444,"1 0"
"2002","C8","A16",38.9956,2024-03-01 11:59:00,"C",8,"16","1","0",16,"16 0 1 16",11.0027777777778,"1 0"
"2003","C8","A16",67.978,2024-02-25 11:35:00,"C",8,"16","1","0",16,"16 0 1 16",5.98611111111111,"1 0"
"2004","C8","A16",16.6332,2024-02-20 11:03:00,"C",8,"16","1","0",16,"16 0 1 16",0.963888888888889,"1 0"
"2005","C8","A19",29.685,2024-02-29 11:03:00,"C",8,"19","1","0",16,"19 0 1 16",9.96388888888889,"1 0"
"2006","C8","A19",98.3346,2024-02-23 11:31:00,"C",8,"19","1","0",16,"19 0 1 16",3.98333333333333,"1 0"
"2007","C8","A19",22.63,2024-02-19 11:55:00,"C",8,"19","1","0",16,"19 0 1 16",0,"1 0"
"2008","C8","A19",81.7208,2024-02-24 11:06:00,"C",8,"19","1","0",16,"19 0 1 16",4.96597222222222,"1 0"
"2009","C8","A19",30.9606,2024-02-28 10:59:00,"C",8,"19","1","0",16,"19 0 1 16",8.96111111111111,"1 0"
"2010","C8","A19",74.1384,2024-02-22 11:30:00,"C",8,"19","1","0",16,"19 0 1 16",2.98263888888889,"1 0"
"2011","C8","A19",45.5474,2024-02-26 11:31:00,"C",8,"19","1","0",16,"19 0 1 16",6.98333333333333,"1 0"
"2012","C8","A19",39.583,2024-02-27 11:38:00,"C",8,"19","1","0",16,"19 0 1 16",7.98819444444444,"1 0"
"2013","C8","A19",42.4236,2024-02-21 11:02:00,"C",8,"19","1","0",16,"19 0 1 16",1.96319444444444,"1 0"
"2014","C8","A19",32.7696,2024-03-01 11:59:00,"C",8,"19","1","0",16,"19 0 1 16",11.0027777777778,"1 0"
"2015","C8","A19",65.817,2024-02-25 11:35:00,"C",8,"19","1","0",16,"19 0 1 16",5.98611111111111,"1 0"
"2016","C8","A19",15.3238,2024-02-20 11:03:00,"C",8,"19","1","0",16,"19 0 1 16",0.963888888888889,"1 0"
"2017","C8","A22",22.5966,2024-02-29 11:03:00,"C",8,"22","1","0",16,"22 0 1 16",9.96388888888889,"1 0"
"2018","C8","A22",111.4058,2024-02-23 11:31:00,"C",8,"22","1","0",16,"22 0 1 16",3.98333333333333,"1 0"
"2019","C8","A22",24.4346,2024-02-19 11:55:00,"C",8,"22","1","0",16,"22 0 1 16",0,"1 0"
"2020","C8","A22",80.744,2024-02-24 11:06:00,"C",8,"22","1","0",16,"22 0 1 16",4.96597222222222,"1 0"
"2021","C8","A22",25.2178,2024-02-28 10:59:00,"C",8,"22","1","0",16,"22 0 1 16",8.96111111111111,"1 0"
"2022","C8","A22",119.2112,2024-02-22 11:30:00,"C",8,"22","1","0",16,"22 0 1 16",2.98263888888889,"1 0"
"2023","C8","A22",37.0138,2024-02-26 11:31:00,"C",8,"22","1","0",16,"22 0 1 16",6.98333333333333,"1 0"
"2024","C8","A22",29.1438,2024-02-27 11:38:00,"C",8,"22","1","0",16,"22 0 1 16",7.98819444444444,"1 0"
"2025","C8","A22",54.025,2024-02-21 11:02:00,"C",8,"22","1","0",16,"22 0 1 16",1.96319444444444,"1 0"
"2026","C8","A22",19.922,2024-03-01 11:59:00,"C",8,"22","1","0",16,"22 0 1 16",11.0027777777778,"1 0"
"2027","C8","A22",52.6464,2024-02-25 11:35:00,"C",8,"22","1","0",16,"22 0 1 16",5.98611111111111,"1 0"
"2028","C8","A22",20.5912,2024-02-20 11:03:00,"C",8,"22","1","0",16,"22 0 1 16",0.963888888888889,"1 0"
"2029","C8","A25",17.969,2024-02-29 11:03:00,"C",8,"25","1","0",16,"25 0 1 16",9.96388888888889,"1 0"
"2030","C8","A25",94.0834,2024-02-23 11:31:00,"C",8,"25","1","0",16,"25 0 1 16",3.98333333333333,"1 0"
"2031","C8","A25",21.706,2024-02-19 11:55:00,"C",8,"25","1","0",16,"25 0 1 16",0,"1 0"
"2032","C8","A25",52.499,2024-02-24 11:06:00,"C",8,"25","1","0",16,"25 0 1 16",4.96597222222222,"1 0"
"2033","C8","A25",20.8228,2024-02-28 10:59:00,"C",8,"25","1","0",16,"25 0 1 16",8.96111111111111,"1 0"
"2034","C8","A25",80.4126,2024-02-22 11:30:00,"C",8,"25","1","0",16,"25 0 1 16",2.98263888888889,"1 0"
"2035","C8","A25",28.8668,2024-02-26 11:31:00,"C",8,"25","1","0",16,"25 0 1 16",6.98333333333333,"1 0"
"2036","C8","A25",23.761,2024-02-27 11:38:00,"C",8,"25","1","0",16,"25 0 1 16",7.98819444444444,"1 0"
"2037","C8","A25",47.1916,2024-02-21 11:02:00,"C",8,"25","1","0",16,"25 0 1 16",1.96319444444444,"1 0"
"2038","C8","A25",16.3348,2024-03-01 11:59:00,"C",8,"25","1","0",16,"25 0 1 16",11.0027777777778,"1 0"
"2039","C8","A25",39.0166,2024-02-25 11:35:00,"C",8,"25","1","0",16,"25 0 1 16",5.98611111111111,"1 0"
"2040","C8","A25",20.8748,2024-02-20 11:03:00,"C",8,"25","1","0",16,"25 0 1 16",0.963888888888889,"1 0"
"2041","C8","A27",14.8202,2024-02-29 11:03:00,"C",8,"27","1","0",16,"27 0 1 16",9.96388888888889,"1 0"
"2042","C8","A27",70.2692,2024-02-23 11:31:00,"C",8,"27","1","0",16,"27 0 1 16",3.98333333333333,"1 0"
"2043","C8","A27",18.2072,2024-02-19 11:55:00,"C",8,"27","1","0",16,"27 0 1 16",0,"1 0"
"2044","C8","A27",59.1304,2024-02-24 11:06:00,"C",8,"27","1","0",16,"27 0 1 16",4.96597222222222,"1 0"
"2045","C8","A27",16.6124,2024-02-28 10:59:00,"C",8,"27","1","0",16,"27 0 1 16",8.96111111111111,"1 0"
"2046","C8","A27",49.9896,2024-02-22 11:30:00,"C",8,"27","1","0",16,"27 0 1 16",2.98263888888889,"1 0"
"2047","C8","A27",23.4808,2024-02-26 11:31:00,"C",8,"27","1","0",16,"27 0 1 16",6.98333333333333,"1 0"
"2048","C8","A27",18.9812,2024-02-27 11:38:00,"C",8,"27","1","0",16,"27 0 1 16",7.98819444444444,"1 0"
"2049","C8","A27",30.1978,2024-02-21 11:02:00,"C",8,"27","1","0",16,"27 0 1 16",1.96319444444444,"1 0"
"2050","C8","A27",13.8636,2024-03-01 11:59:00,"C",8,"27","1","0",16,"27 0 1 16",11.0027777777778,"1 0"
"2051","C8","A27",37.2364,2024-02-25 11:35:00,"C",8,"27","1","0",16,"27 0 1 16",5.98611111111111,"1 0"
"2052","C8","A27",15.7896,2024-02-20 11:03:00,"C",8,"27","1","0",16,"27 0 1 16",0.963888888888889,"1 0"
"2053","C8","X13",59.6744,2024-02-29 11:03:00,"C",8,"13","1","1",16,"13 1 1 16",9.96388888888889,"1 1"
"2054","C8","X13",62.8192,2024-02-23 11:31:00,"C",8,"13","1","1",16,"13 1 1 16",3.98333333333333,"1 1"
"2055","C8","X13",24.3494,2024-02-19 11:55:00,"C",8,"13","1","1",16,"13 1 1 16",0,"1 1"
"2056","C8","X13",112.5978,2024-02-24 11:06:00,"C",8,"13","1","1",16,"13 1 1 16",4.96597222222222,"1 1"
"2057","C8","X13",72.6278,2024-02-28 10:59:00,"C",8,"13","1","1",16,"13 1 1 16",8.96111111111111,"1 1"
"2058","C8","X13",55.5858,2024-02-22 11:30:00,"C",8,"13","1","1",16,"13 1 1 16",2.98263888888889,"1 1"
"2059","C8","X13",88.1198,2024-02-26 11:31:00,"C",8,"13","1","1",16,"13 1 1 16",6.98333333333333,"1 1"
"2060","C8","X13",85.4066,2024-02-27 11:38:00,"C",8,"13","1","1",16,"13 1 1 16",7.98819444444444,"1 1"
"2061","C8","X13",26.6372,2024-02-21 11:02:00,"C",8,"13","1","1",16,"13 1 1 16",1.96319444444444,"1 1"
"2062","C8","X13",62.0908,2024-03-01 11:59:00,"C",8,"13","1","1",16,"13 1 1 16",11.0027777777778,"1 1"
"2063","C8","X13",102.5318,2024-02-25 11:35:00,"C",8,"13","1","1",16,"13 1 1 16",5.98611111111111,"1 1"
"2064","C8","X13",19.3636,2024-02-20 11:03:00,"C",8,"13","1","1",16,"13 1 1 16",0.963888888888889,"1 1"
"2065","C8","X20",75.3002,2024-02-29 11:03:00,"C",8,"20","1","1",16,"20 1 1 16",9.96388888888889,"1 1"
"2066","C8","X20",149.5108,2024-02-23 11:31:00,"C",8,"20","1","1",16,"20 1 1 16",3.98333333333333,"1 1"
"2067","C8","X20",27.3324,2024-02-19 11:55:00,"C",8,"20","1","1",16,"20 1 1 16",0,"1 1"
"2068","C8","X20",133.5938,2024-02-24 11:06:00,"C",8,"20","1","1",16,"20 1 1 16",4.96597222222222,"1 1"
"2069","C8","X20",78.4406,2024-02-28 10:59:00,"C",8,"20","1","1",16,"20 1 1 16",8.96111111111111,"1 1"
"2070","C8","X20",106.3988,2024-02-22 11:30:00,"C",8,"20","1","1",16,"20 1 1 16",2.98263888888889,"1 1"
"2071","C8","X20",101.4244,2024-02-26 11:31:00,"C",8,"20","1","1",16,"20 1 1 16",6.98333333333333,"1 1"
"2072","C8","X20",106.8406,2024-02-27 11:38:00,"C",8,"20","1","1",16,"20 1 1 16",7.98819444444444,"1 1"
"2073","C8","X20",75.9598,2024-02-21 11:02:00,"C",8,"20","1","1",16,"20 1 1 16",1.96319444444444,"1 1"
"2074","C8","X20",54.3806,2024-03-01 11:59:00,"C",8,"20","1","1",16,"20 1 1 16",11.0027777777778,"1 1"
"2075","C8","X20",132.4394,2024-02-25 11:35:00,"C",8,"20","1","1",16,"20 1 1 16",5.98611111111111,"1 1"
"2076","C8","X20",21.7106,2024-02-20 11:03:00,"C",8,"20","1","1",16,"20 1 1 16",0.963888888888889,"1 1"
"2077","C8","X22",70.3608,2024-02-29 11:03:00,"C",8,"22","1","1",16,"22 1 1 16",9.96388888888889,"1 1"
"2078","C8","X22",164.1532,2024-02-23 11:31:00,"C",8,"22","1","1",16,"22 1 1 16",3.98333333333333,"1 1"
"2079","C8","X22",32.182,2024-02-19 11:55:00,"C",8,"22","1","1",16,"22 1 1 16",0,"1 1"
"2080","C8","X22",129.4656,2024-02-24 11:06:00,"C",8,"22","1","1",16,"22 1 1 16",4.96597222222222,"1 1"
"2081","C8","X22",78.6892,2024-02-28 10:59:00,"C",8,"22","1","1",16,"22 1 1 16",8.96111111111111,"1 1"
"2082","C8","X22",139.0832,2024-02-22 11:30:00,"C",8,"22","1","1",16,"22 1 1 16",2.98263888888889,"1 1"
"2083","C8","X22",152.8396,2024-02-26 11:31:00,"C",8,"22","1","1",16,"22 1 1 16",6.98333333333333,"1 1"
"2084","C8","X22",112.0664,2024-02-27 11:38:00,"C",8,"22","1","1",16,"22 1 1 16",7.98819444444444,"1 1"
"2085","C8","X22",93.509,2024-02-21 11:02:00,"C",8,"22","1","1",16,"22 1 1 16",1.96319444444444,"1 1"
"2086","C8","X22",55.3342,2024-03-01 11:59:00,"C",8,"22","1","1",16,"22 1 1 16",11.0027777777778,"1 1"
"2087","C8","X22",172.389,2024-02-25 11:35:00,"C",8,"22","1","1",16,"22 1 1 16",5.98611111111111,"1 1"
"2088","C8","X22",31.4908,2024-02-20 11:03:00,"C",8,"22","1","1",16,"22 1 1 16",0.963888888888889,"1 1"
"2089","C8","X25",58.3546,2024-02-29 11:03:00,"C",8,"25","1","1",16,"25 1 1 16",9.96388888888889,"1 1"
"2090","C8","X25",130.0674,2024-02-23 11:31:00,"C",8,"25","1","1",16,"25 1 1 16",3.98333333333333,"1 1"
"2091","C8","X25",29.072,2024-02-19 11:55:00,"C",8,"25","1","1",16,"25 1 1 16",0,"1 1"
"2092","C8","X25",183.5864,2024-02-24 11:06:00,"C",8,"25","1","1",16,"25 1 1 16",4.96597222222222,"1 1"
"2093","C8","X25",65.179,2024-02-28 10:59:00,"C",8,"25","1","1",16,"25 1 1 16",8.96111111111111,"1 1"
"2094","C8","X25",134.283,2024-02-22 11:30:00,"C",8,"25","1","1",16,"25 1 1 16",2.98263888888889,"1 1"
"2095","C8","X25",106.3816,2024-02-26 11:31:00,"C",8,"25","1","1",16,"25 1 1 16",6.98333333333333,"1 1"
"2096","C8","X25",84.9566,2024-02-27 11:38:00,"C",8,"25","1","1",16,"25 1 1 16",7.98819444444444,"1 1"
"2097","C8","X25",82.8096,2024-02-21 11:02:00,"C",8,"25","1","1",16,"25 1 1 16",1.96319444444444,"1 1"
"2098","C8","X25",48.3864,2024-03-01 11:59:00,"C",8,"25","1","1",16,"25 1 1 16",11.0027777777778,"1 1"
"2099","C8","X25",172.1322,2024-02-25 11:35:00,"C",8,"25","1","1",16,"25 1 1 16",5.98611111111111,"1 1"
"2100","C8","X25",32.8672,2024-02-20 11:03:00,"C",8,"25","1","1",16,"25 1 1 16",0.963888888888889,"1 1"
"2101","C8","X27",91.0466,2024-02-29 11:03:00,"C",8,"27","1","1",16,"27 1 1 16",9.96388888888889,"1 1"
"2102","C8","X27",93.3532,2024-02-23 11:31:00,"C",8,"27","1","1",16,"27 1 1 16",3.98333333333333,"1 1"
"2103","C8","X27",25.4188,2024-02-19 11:55:00,"C",8,"27","1","1",16,"27 1 1 16",0,"1 1"
"2104","C8","X27",118.7984,2024-02-24 11:06:00,"C",8,"27","1","1",16,"27 1 1 16",4.96597222222222,"1 1"
"2105","C8","X27",122.821,2024-02-28 10:59:00,"C",8,"27","1","1",16,"27 1 1 16",8.96111111111111,"1 1"
"2106","C8","X27",72.659,2024-02-22 11:30:00,"C",8,"27","1","1",16,"27 1 1 16",2.98263888888889,"1 1"
"2107","C8","X27",124.7604,2024-02-26 11:31:00,"C",8,"27","1","1",16,"27 1 1 16",6.98333333333333,"1 1"
"2108","C8","X27",160.031,2024-02-27 11:38:00,"C",8,"27","1","1",16,"27 1 1 16",7.98819444444444,"1 1"
"2109","C8","X27",45.3552,2024-02-21 11:02:00,"C",8,"27","1","1",16,"27 1 1 16",1.96319444444444,"1 1"
"2110","C8","X27",82.7898,2024-03-01 11:59:00,"C",8,"27","1","1",16,"27 1 1 16",11.0027777777778,"1 1"
"2111","C8","X27",137.7926,2024-02-25 11:35:00,"C",8,"27","1","1",16,"27 1 1 16",5.98611111111111,"1 1"
"2112","C8","X27",22.626,2024-02-20 11:03:00,"C",8,"27","1","1",16,"27 1 1 16",0.963888888888889,"1 1"
"2113","D1","A12",26.1348,2024-02-29 11:03:00,"D",1,"12","0","0",1,"12 0 0 1",9.96388888888889,"0 0"
"2114","D1","A12",17.7062,2024-02-24 11:06:00,"D",1,"12","0","0",1,"12 0 0 1",4.96597222222222,"0 0"
"2115","D1","A12",22.7136,2024-02-19 11:55:00,"D",1,"12","0","0",1,"12 0 0 1",0,"0 0"
"2116","D1","A12",25.9266,2024-02-28 10:59:00,"D",1,"12","0","0",1,"12 0 0 1",8.96111111111111,"0 0"
"2117","D1","A12",8.9006,2024-02-22 11:30:00,"D",1,"12","0","0",1,"12 0 0 1",2.98263888888889,"0 0"
"2118","D1","A12",13.418,2024-02-23 11:31:00,"D",1,"12","0","0",1,"12 0 0 1",3.98333333333333,"0 0"
"2119","D1","A12",30.265,2024-02-27 11:38:00,"D",1,"12","0","0",1,"12 0 0 1",7.98819444444444,"0 0"
"2120","D1","A12",7.602,2024-02-21 11:02:00,"D",1,"12","0","0",1,"12 0 0 1",1.96319444444444,"0 0"
"2121","D1","A12",24.1338,2024-02-25 11:35:00,"D",1,"12","0","0",1,"12 0 0 1",5.98611111111111,"0 0"
"2122","D1","A12",22.649,2024-03-01 11:59:00,"D",1,"12","0","0",1,"12 0 0 1",11.0027777777778,"0 0"
"2123","D1","A12",28.743,2024-02-26 11:31:00,"D",1,"12","0","0",1,"12 0 0 1",6.98333333333333,"0 0"
"2124","D1","A12",7.031,2024-02-20 11:03:00,"D",1,"12","0","0",1,"12 0 0 1",0.963888888888889,"0 0"
"2125","D1","A16",31.866,2024-02-29 11:03:00,"D",1,"16","0","0",1,"16 0 0 1",9.96388888888889,"0 0"
"2126","D1","A16",62.7094,2024-02-24 11:06:00,"D",1,"16","0","0",1,"16 0 0 1",4.96597222222222,"0 0"
"2127","D1","A16",27.0496,2024-02-19 11:55:00,"D",1,"16","0","0",1,"16 0 0 1",0,"0 0"
"2128","D1","A16",37.5092,2024-02-28 10:59:00,"D",1,"16","0","0",1,"16 0 0 1",8.96111111111111,"0 0"
"2129","D1","A16",30.3496,2024-02-22 11:30:00,"D",1,"16","0","0",1,"16 0 0 1",2.98263888888889,"0 0"
"2130","D1","A16",46.5472,2024-02-23 11:31:00,"D",1,"16","0","0",1,"16 0 0 1",3.98333333333333,"0 0"
"2131","D1","A16",43.7332,2024-02-27 11:38:00,"D",1,"16","0","0",1,"16 0 0 1",7.98819444444444,"0 0"
"2132","D1","A16",19.7478,2024-02-21 11:02:00,"D",1,"16","0","0",1,"16 0 0 1",1.96319444444444,"0 0"
"2133","D1","A16",56.6102,2024-02-25 11:35:00,"D",1,"16","0","0",1,"16 0 0 1",5.98611111111111,"0 0"
"2134","D1","A16",26.695,2024-03-01 11:59:00,"D",1,"16","0","0",1,"16 0 0 1",11.0027777777778,"0 0"
"2135","D1","A16",58.2434,2024-02-26 11:31:00,"D",1,"16","0","0",1,"16 0 0 1",6.98333333333333,"0 0"
"2136","D1","A16",11.7004,2024-02-20 11:03:00,"D",1,"16","0","0",1,"16 0 0 1",0.963888888888889,"0 0"
"2137","D1","A19",26.443,2024-02-29 11:03:00,"D",1,"19","0","0",1,"19 0 0 1",9.96388888888889,"0 0"
"2138","D1","A19",59.135,2024-02-24 11:06:00,"D",1,"19","0","0",1,"19 0 0 1",4.96597222222222,"0 0"
"2139","D1","A19",21.8674,2024-02-19 11:55:00,"D",1,"19","0","0",1,"19 0 0 1",0,"0 0"
"2140","D1","A19",31.6048,2024-02-28 10:59:00,"D",1,"19","0","0",1,"19 0 0 1",8.96111111111111,"0 0"
"2141","D1","A19",39.5052,2024-02-22 11:30:00,"D",1,"19","0","0",1,"19 0 0 1",2.98263888888889,"0 0"
"2142","D1","A19",52.9156,2024-02-23 11:31:00,"D",1,"19","0","0",1,"19 0 0 1",3.98333333333333,"0 0"
"2143","D1","A19",38.4388,2024-02-27 11:38:00,"D",1,"19","0","0",1,"19 0 0 1",7.98819444444444,"0 0"
"2144","D1","A19",25.7096,2024-02-21 11:02:00,"D",1,"19","0","0",1,"19 0 0 1",1.96319444444444,"0 0"
"2145","D1","A19",57.256,2024-02-25 11:35:00,"D",1,"19","0","0",1,"19 0 0 1",5.98611111111111,"0 0"
"2146","D1","A19",27.1432,2024-03-01 11:59:00,"D",1,"19","0","0",1,"19 0 0 1",11.0027777777778,"0 0"
"2147","D1","A19",44.0908,2024-02-26 11:31:00,"D",1,"19","0","0",1,"19 0 0 1",6.98333333333333,"0 0"
"2148","D1","A19",13.4936,2024-02-20 11:03:00,"D",1,"19","0","0",1,"19 0 0 1",0.963888888888889,"0 0"
"2149","D1","A22",31.6054,2024-02-29 11:03:00,"D",1,"22","0","0",1,"22 0 0 1",9.96388888888889,"0 0"
"2150","D1","A22",78.752,2024-02-24 11:06:00,"D",1,"22","0","0",1,"22 0 0 1",4.96597222222222,"0 0"
"2151","D1","A22",24.8252,2024-02-19 11:55:00,"D",1,"22","0","0",1,"22 0 0 1",0,"0 0"
"2152","D1","A22",35.7228,2024-02-28 10:59:00,"D",1,"22","0","0",1,"22 0 0 1",8.96111111111111,"0 0"
"2153","D1","A22",61.627,2024-02-22 11:30:00,"D",1,"22","0","0",1,"22 0 0 1",2.98263888888889,"0 0"
"2154","D1","A22",65.0422,2024-02-23 11:31:00,"D",1,"22","0","0",1,"22 0 0 1",3.98333333333333,"0 0"
"2155","D1","A22",42.1376,2024-02-27 11:38:00,"D",1,"22","0","0",1,"22 0 0 1",7.98819444444444,"0 0"
"2156","D1","A22",45.3134,2024-02-21 11:02:00,"D",1,"22","0","0",1,"22 0 0 1",1.96319444444444,"0 0"
"2157","D1","A22",73.5988,2024-02-25 11:35:00,"D",1,"22","0","0",1,"22 0 0 1",5.98611111111111,"0 0"
"2158","D1","A22",28.259,2024-03-01 11:59:00,"D",1,"22","0","0",1,"22 0 0 1",11.0027777777778,"0 0"
"2159","D1","A22",60.6832,2024-02-26 11:31:00,"D",1,"22","0","0",1,"22 0 0 1",6.98333333333333,"0 0"
"2160","D1","A22",20.5814,2024-02-20 11:03:00,"D",1,"22","0","0",1,"22 0 0 1",0.963888888888889,"0 0"
"2161","D1","A25",24.4174,2024-02-29 11:03:00,"D",1,"25","0","0",1,"25 0 0 1",9.96388888888889,"0 0"
"2162","D1","A25",72.2112,2024-02-24 11:06:00,"D",1,"25","0","0",1,"25 0 0 1",4.96597222222222,"0 0"
"2163","D1","A25",23.7722,2024-02-19 11:55:00,"D",1,"25","0","0",1,"25 0 0 1",0,"0 0"
"2164","D1","A25",27.3214,2024-02-28 10:59:00,"D",1,"25","0","0",1,"25 0 0 1",8.96111111111111,"0 0"
"2165","D1","A25",60.3076,2024-02-22 11:30:00,"D",1,"25","0","0",1,"25 0 0 1",2.98263888888889,"0 0"
"2166","D1","A25",74.729,2024-02-23 11:31:00,"D",1,"25","0","0",1,"25 0 0 1",3.98333333333333,"0 0"
"2167","D1","A25",30.5874,2024-02-27 11:38:00,"D",1,"25","0","0",1,"25 0 0 1",7.98819444444444,"0 0"
"2168","D1","A25",47.604,2024-02-21 11:02:00,"D",1,"25","0","0",1,"25 0 0 1",1.96319444444444,"0 0"
"2169","D1","A25",61.8416,2024-02-25 11:35:00,"D",1,"25","0","0",1,"25 0 0 1",5.98611111111111,"0 0"
"2170","D1","A25",23.0914,2024-03-01 11:59:00,"D",1,"25","0","0",1,"25 0 0 1",11.0027777777778,"0 0"
"2171","D1","A25",39.884,2024-02-26 11:31:00,"D",1,"25","0","0",1,"25 0 0 1",6.98333333333333,"0 0"
"2172","D1","A25",22.1706,2024-02-20 11:03:00,"D",1,"25","0","0",1,"25 0 0 1",0.963888888888889,"0 0"
"2173","D1","A27",22.4356,2024-02-29 11:03:00,"D",1,"27","0","0",1,"27 0 0 1",9.96388888888889,"0 0"
"2174","D1","A27",64.0046,2024-02-24 11:06:00,"D",1,"27","0","0",1,"27 0 0 1",4.96597222222222,"0 0"
"2175","D1","A27",18.2714,2024-02-19 11:55:00,"D",1,"27","0","0",1,"27 0 0 1",0,"0 0"
"2176","D1","A27",23.4516,2024-02-28 10:59:00,"D",1,"27","0","0",1,"27 0 0 1",8.96111111111111,"0 0"
"2177","D1","A27",55.1168,2024-02-22 11:30:00,"D",1,"27","0","0",1,"27 0 0 1",2.98263888888889,"0 0"
"2178","D1","A27",71.3616,2024-02-23 11:31:00,"D",1,"27","0","0",1,"27 0 0 1",3.98333333333333,"0 0"
"2179","D1","A27",26.5164,2024-02-27 11:38:00,"D",1,"27","0","0",1,"27 0 0 1",7.98819444444444,"0 0"
"2180","D1","A27",33.7964,2024-02-21 11:02:00,"D",1,"27","0","0",1,"27 0 0 1",1.96319444444444,"0 0"
"2181","D1","A27",44.5322,2024-02-25 11:35:00,"D",1,"27","0","0",1,"27 0 0 1",5.98611111111111,"0 0"
"2182","D1","A27",20.7052,2024-03-01 11:59:00,"D",1,"27","0","0",1,"27 0 0 1",11.0027777777778,"0 0"
"2183","D1","A27",32.8992,2024-02-26 11:31:00,"D",1,"27","0","0",1,"27 0 0 1",6.98333333333333,"0 0"
"2184","D1","A27",16.0112,2024-02-20 11:03:00,"D",1,"27","0","0",1,"27 0 0 1",0.963888888888889,"0 0"
"2185","D1","X13",76.8006,2024-02-29 11:03:00,"D",1,"13","0","1",1,"13 1 0 1",9.96388888888889,"0 1"
"2186","D1","X13",44.1406,2024-02-24 11:06:00,"D",1,"13","0","1",1,"13 1 0 1",4.96597222222222,"0 1"
"2187","D1","X13",25.0526,2024-02-19 11:55:00,"D",1,"13","0","1",1,"13 1 0 1",0,"0 1"
"2188","D1","X13",81.9122,2024-02-28 10:59:00,"D",1,"13","0","1",1,"13 1 0 1",8.96111111111111,"0 1"
"2189","D1","X13",17.7924,2024-02-22 11:30:00,"D",1,"13","0","1",1,"13 1 0 1",2.98263888888889,"0 1"
"2190","D1","X13",30.1868,2024-02-23 11:31:00,"D",1,"13","0","1",1,"13 1 0 1",3.98333333333333,"0 1"
"2191","D1","X13",94.3404,2024-02-27 11:38:00,"D",1,"13","0","1",1,"13 1 0 1",7.98819444444444,"0 1"
"2192","D1","X13",12.5328,2024-02-21 11:02:00,"D",1,"13","0","1",1,"13 1 0 1",1.96319444444444,"0 1"
"2193","D1","X13",71.3892,2024-02-25 11:35:00,"D",1,"13","0","1",1,"13 1 0 1",5.98611111111111,"0 1"
"2194","D1","X13",76.6612,2024-03-01 11:59:00,"D",1,"13","0","1",1,"13 1 0 1",11.0027777777778,"0 1"
"2195","D1","X13",90.761,2024-02-26 11:31:00,"D",1,"13","0","1",1,"13 1 0 1",6.98333333333333,"0 1"
"2196","D1","X13",8.4934,2024-02-20 11:03:00,"D",1,"13","0","1",1,"13 1 0 1",0.963888888888889,"0 1"
"2197","D1","X20",83.6406,2024-02-29 11:03:00,"D",1,"20","0","1",1,"20 1 0 1",9.96388888888889,"0 1"
"2198","D1","X20",135.0942,2024-02-24 11:06:00,"D",1,"20","0","1",1,"20 1 0 1",4.96597222222222,"0 1"
"2199","D1","X20",30.1804,2024-02-19 11:55:00,"D",1,"20","0","1",1,"20 1 0 1",0,"0 1"
"2200","D1","X20",97.4612,2024-02-28 10:59:00,"D",1,"20","0","1",1,"20 1 0 1",8.96111111111111,"0 1"
"2201","D1","X20",111.2428,2024-02-22 11:30:00,"D",1,"20","0","1",1,"20 1 0 1",2.98263888888889,"0 1"
"2202","D1","X20",155.3948,2024-02-23 11:31:00,"D",1,"20","0","1",1,"20 1 0 1",3.98333333333333,"0 1"
"2203","D1","X20",124.1214,2024-02-27 11:38:00,"D",1,"20","0","1",1,"20 1 0 1",7.98819444444444,"0 1"
"2204","D1","X20",64.1118,2024-02-21 11:02:00,"D",1,"20","0","1",1,"20 1 0 1",1.96319444444444,"0 1"
"2205","D1","X20",140.917,2024-02-25 11:35:00,"D",1,"20","0","1",1,"20 1 0 1",5.98611111111111,"0 1"
"2206","D1","X20",64.397,2024-03-01 11:59:00,"D",1,"20","0","1",1,"20 1 0 1",11.0027777777778,"0 1"
"2207","D1","X20",134.0358,2024-02-26 11:31:00,"D",1,"20","0","1",1,"20 1 0 1",6.98333333333333,"0 1"
"2208","D1","X20",21.7726,2024-02-20 11:03:00,"D",1,"20","0","1",1,"20 1 0 1",0.963888888888889,"0 1"
"2209","D1","X22",107.2708,2024-02-29 11:03:00,"D",1,"22","0","1",1,"22 1 0 1",9.96388888888889,"0 1"
"2210","D1","X22",131.224,2024-02-24 11:06:00,"D",1,"22","0","1",1,"22 1 0 1",4.96597222222222,"0 1"
"2211","D1","X22",33.0456,2024-02-19 11:55:00,"D",1,"22","0","1",1,"22 1 0 1",0,"0 1"
"2212","D1","X22",127.9304,2024-02-28 10:59:00,"D",1,"22","0","1",1,"22 1 0 1",8.96111111111111,"0 1"
"2213","D1","X22",119.5074,2024-02-22 11:30:00,"D",1,"22","0","1",1,"22 1 0 1",2.98263888888889,"0 1"
"2214","D1","X22",168.689,2024-02-23 11:31:00,"D",1,"22","0","1",1,"22 1 0 1",3.98333333333333,"0 1"
"2215","D1","X22",177.066,2024-02-27 11:38:00,"D",1,"22","0","1",1,"22 1 0 1",7.98819444444444,"0 1"
"2216","D1","X22",84.397,2024-02-21 11:02:00,"D",1,"22","0","1",1,"22 1 0 1",1.96319444444444,"0 1"
"2217","D1","X22",217.4196,2024-02-25 11:35:00,"D",1,"22","0","1",1,"22 1 0 1",5.98611111111111,"0 1"
"2218","D1","X22",83.1194,2024-03-01 11:59:00,"D",1,"22","0","1",1,"22 1 0 1",11.0027777777778,"0 1"
"2219","D1","X22",181.309,2024-02-26 11:31:00,"D",1,"22","0","1",1,"22 1 0 1",6.98333333333333,"0 1"
"2220","D1","X22",30.3044,2024-02-20 11:03:00,"D",1,"22","0","1",1,"22 1 0 1",0.963888888888889,"0 1"
"2221","D1","X25",77.4054,2024-02-29 11:03:00,"D",1,"25","0","1",1,"25 1 0 1",9.96388888888889,"0 1"
"2222","D1","X25",199.1406,2024-02-24 11:06:00,"D",1,"25","0","1",1,"25 1 0 1",4.96597222222222,"0 1"
"2223","D1","X25",30.065,2024-02-19 11:55:00,"D",1,"25","0","1",1,"25 1 0 1",0,"0 1"
"2224","D1","X25",87.7418,2024-02-28 10:59:00,"D",1,"25","0","1",1,"25 1 0 1",8.96111111111111,"0 1"
"2225","D1","X25",126.4002,2024-02-22 11:30:00,"D",1,"25","0","1",1,"25 1 0 1",2.98263888888889,"0 1"
"2226","D1","X25",196.278,2024-02-23 11:31:00,"D",1,"25","0","1",1,"25 1 0 1",3.98333333333333,"0 1"
"2227","D1","X25",108.6738,2024-02-27 11:38:00,"D",1,"25","0","1",1,"25 1 0 1",7.98819444444444,"0 1"
"2228","D1","X25",87.2974,2024-02-21 11:02:00,"D",1,"25","0","1",1,"25 1 0 1",1.96319444444444,"0 1"
"2229","D1","X25",199.2652,2024-02-25 11:35:00,"D",1,"25","0","1",1,"25 1 0 1",5.98611111111111,"0 1"
"2230","D1","X25",66.6614,2024-03-01 11:59:00,"D",1,"25","0","1",1,"25 1 0 1",11.0027777777778,"0 1"
"2231","D1","X25",141.3114,2024-02-26 11:31:00,"D",1,"25","0","1",1,"25 1 0 1",6.98333333333333,"0 1"
"2232","D1","X25",33.233,2024-02-20 11:03:00,"D",1,"25","0","1",1,"25 1 0 1",0.963888888888889,"0 1"
"2233","D1","X27",104.0932,2024-02-29 11:03:00,"D",1,"27","0","1",1,"27 1 0 1",9.96388888888889,"0 1"
"2234","D1","X27",148.7098,2024-02-24 11:06:00,"D",1,"27","0","1",1,"27 1 0 1",4.96597222222222,"0 1"
"2235","D1","X27",25.901,2024-02-19 11:55:00,"D",1,"27","0","1",1,"27 1 0 1",0,"0 1"
"2236","D1","X27",132.4726,2024-02-28 10:59:00,"D",1,"27","0","1",1,"27 1 0 1",8.96111111111111,"0 1"
"2237","D1","X27",85.6442,2024-02-22 11:30:00,"D",1,"27","0","1",1,"27 1 0 1",2.98263888888889,"0 1"
"2238","D1","X27",109.3168,2024-02-23 11:31:00,"D",1,"27","0","1",1,"27 1 0 1",3.98333333333333,"0 1"
"2239","D1","X27",185.302,2024-02-27 11:38:00,"D",1,"27","0","1",1,"27 1 0 1",7.98819444444444,"0 1"
"2240","D1","X27",49.808,2024-02-21 11:02:00,"D",1,"27","0","1",1,"27 1 0 1",1.96319444444444,"0 1"
"2241","D1","X27",174.2402,2024-02-25 11:35:00,"D",1,"27","0","1",1,"27 1 0 1",5.98611111111111,"0 1"
"2242","D1","X27",85.998,2024-03-01 11:59:00,"D",1,"27","0","1",1,"27 1 0 1",11.0027777777778,"0 1"
"2243","D1","X27",175.3138,2024-02-26 11:31:00,"D",1,"27","0","1",1,"27 1 0 1",6.98333333333333,"0 1"
"2244","D1","X27",22.7624,2024-02-20 11:03:00,"D",1,"27","0","1",1,"27 1 0 1",0.963888888888889,"0 1"
"2245","D2","A12",21.9768,2024-02-24 11:06:00,"D",2,"12","0","0",2,"12 0 0 2",4.96597222222222,"0 0"
"2246","D2","A12",21.6386,2024-02-28 10:59:00,"D",2,"12","0","0",2,"12 0 0 2",8.96111111111111,"0 0"
"2247","D2","A12",21.0924,2024-02-29 11:03:00,"D",2,"12","0","0",2,"12 0 0 2",9.96388888888889,"0 0"
"2248","D2","A12",18.828,2024-03-01 11:59:00,"D",2,"12","0","0",2,"12 0 0 2",11.0027777777778,"0 0"
"2249","D2","A12",25.1296,2024-02-27 11:38:00,"D",2,"12","0","0",2,"12 0 0 2",7.98819444444444,"0 0"
"2250","D2","A12",23.0768,2024-02-19 11:55:00,"D",2,"12","0","0",2,"12 0 0 2",0,"0 0"
"2251","D2","A12",18.722,2024-02-23 11:31:00,"D",2,"12","0","0",2,"12 0 0 2",3.98333333333333,"0 0"
"2252","D2","A12",9.8032,2024-02-20 11:03:00,"D",2,"12","0","0",2,"12 0 0 2",0.963888888888889,"0 0"
"2253","D2","A12",10.7826,2024-02-21 11:02:00,"D",2,"12","0","0",2,"12 0 0 2",1.96319444444444,"0 0"
"2254","D2","A12",13.4376,2024-02-22 11:30:00,"D",2,"12","0","0",2,"12 0 0 2",2.98263888888889,"0 0"
"2255","D2","A12",27.986,2024-02-25 11:35:00,"D",2,"12","0","0",2,"12 0 0 2",5.98611111111111,"0 0"
"2256","D2","A12",28.912,2024-02-26 11:31:00,"D",2,"12","0","0",2,"12 0 0 2",6.98333333333333,"0 0"
"2257","D2","A16",44.2428,2024-02-24 11:06:00,"D",2,"16","0","0",2,"16 0 0 2",4.96597222222222,"0 0"
"2258","D2","A16",22.8694,2024-02-28 10:59:00,"D",2,"16","0","0",2,"16 0 0 2",8.96111111111111,"0 0"
"2259","D2","A16",20.165,2024-02-29 11:03:00,"D",2,"16","0","0",2,"16 0 0 2",9.96388888888889,"0 0"
"2260","D2","A16",17.751,2024-03-01 11:59:00,"D",2,"16","0","0",2,"16 0 0 2",11.0027777777778,"0 0"
"2261","D2","A16",27.2804,2024-02-27 11:38:00,"D",2,"16","0","0",2,"16 0 0 2",7.98819444444444,"0 0"
"2262","D2","A16",25.6456,2024-02-19 11:55:00,"D",2,"16","0","0",2,"16 0 0 2",0,"0 0"
"2263","D2","A16",39.153,2024-02-23 11:31:00,"D",2,"16","0","0",2,"16 0 0 2",3.98333333333333,"0 0"
"2264","D2","A16",13.5082,2024-02-20 11:03:00,"D",2,"16","0","0",2,"16 0 0 2",0.963888888888889,"0 0"
"2265","D2","A16",20.9254,2024-02-21 11:02:00,"D",2,"16","0","0",2,"16 0 0 2",1.96319444444444,"0 0"
"2266","D2","A16",27.9664,2024-02-22 11:30:00,"D",2,"16","0","0",2,"16 0 0 2",2.98263888888889,"0 0"
"2267","D2","A16",37.0902,2024-02-25 11:35:00,"D",2,"16","0","0",2,"16 0 0 2",5.98611111111111,"0 0"
"2268","D2","A16",34.7838,2024-02-26 11:31:00,"D",2,"16","0","0",2,"16 0 0 2",6.98333333333333,"0 0"
"2269","D2","A19",40.6162,2024-02-24 11:06:00,"D",2,"19","0","0",2,"19 0 0 2",4.96597222222222,"0 0"
"2270","D2","A19",19.3734,2024-02-28 10:59:00,"D",2,"19","0","0",2,"19 0 0 2",8.96111111111111,"0 0"
"2271","D2","A19",15.8884,2024-02-29 11:03:00,"D",2,"19","0","0",2,"19 0 0 2",9.96388888888889,"0 0"
"2272","D2","A19",16.523,2024-03-01 11:59:00,"D",2,"19","0","0",2,"19 0 0 2",11.0027777777778,"0 0"
"2273","D2","A19",23.5966,2024-02-27 11:38:00,"D",2,"19","0","0",2,"19 0 0 2",7.98819444444444,"0 0"
"2274","D2","A19",23.6624,2024-02-19 11:55:00,"D",2,"19","0","0",2,"19 0 0 2",0,"0 0"
"2275","D2","A19",45.6474,2024-02-23 11:31:00,"D",2,"19","0","0",2,"19 0 0 2",3.98333333333333,"0 0"
"2276","D2","A19",18.3982,2024-02-20 11:03:00,"D",2,"19","0","0",2,"19 0 0 2",0.963888888888889,"0 0"
"2277","D2","A19",32.7708,2024-02-21 11:02:00,"D",2,"19","0","0",2,"19 0 0 2",1.96319444444444,"0 0"
"2278","D2","A19",46.0246,2024-02-22 11:30:00,"D",2,"19","0","0",2,"19 0 0 2",2.98263888888889,"0 0"
"2279","D2","A19",37.1368,2024-02-25 11:35:00,"D",2,"19","0","0",2,"19 0 0 2",5.98611111111111,"0 0"
"2280","D2","A19",28.1872,2024-02-26 11:31:00,"D",2,"19","0","0",2,"19 0 0 2",6.98333333333333,"0 0"
"2281","D2","A22",59.5608,2024-02-24 11:06:00,"D",2,"22","0","0",2,"22 0 0 2",4.96597222222222,"0 0"
"2282","D2","A22",25.1326,2024-02-28 10:59:00,"D",2,"22","0","0",2,"22 0 0 2",8.96111111111111,"0 0"
"2283","D2","A22",21.8336,2024-02-29 11:03:00,"D",2,"22","0","0",2,"22 0 0 2",9.96388888888889,"0 0"
"2284","D2","A22",19.8208,2024-03-01 11:59:00,"D",2,"22","0","0",2,"22 0 0 2",11.0027777777778,"0 0"
"2285","D2","A22",30.9546,2024-02-27 11:38:00,"D",2,"22","0","0",2,"22 0 0 2",7.98819444444444,"0 0"
"2286","D2","A22",26.9328,2024-02-19 11:55:00,"D",2,"22","0","0",2,"22 0 0 2",0,"0 0"
"2287","D2","A22",54.3712,2024-02-23 11:31:00,"D",2,"22","0","0",2,"22 0 0 2",3.98333333333333,"0 0"
"2288","D2","A22",23.3802,2024-02-20 11:03:00,"D",2,"22","0","0",2,"22 0 0 2",0.963888888888889,"0 0"
"2289","D2","A22",46.7752,2024-02-21 11:02:00,"D",2,"22","0","0",2,"22 0 0 2",1.96319444444444,"0 0"
"2290","D2","A22",56.952,2024-02-22 11:30:00,"D",2,"22","0","0",2,"22 0 0 2",2.98263888888889,"0 0"
"2291","D2","A22",51.4182,2024-02-25 11:35:00,"D",2,"22","0","0",2,"22 0 0 2",5.98611111111111,"0 0"
"2292","D2","A22",40.954,2024-02-26 11:31:00,"D",2,"22","0","0",2,"22 0 0 2",6.98333333333333,"0 0"
"2293","D2","A25",51.7846,2024-02-24 11:06:00,"D",2,"25","0","0",2,"25 0 0 2",4.96597222222222,"0 0"
"2294","D2","A25",20.8124,2024-02-28 10:59:00,"D",2,"25","0","0",2,"25 0 0 2",8.96111111111111,"0 0"
"2295","D2","A25",18.8518,2024-02-29 11:03:00,"D",2,"25","0","0",2,"25 0 0 2",9.96388888888889,"0 0"
"2296","D2","A25",17.6388,2024-03-01 11:59:00,"D",2,"25","0","0",2,"25 0 0 2",11.0027777777778,"0 0"
"2297","D2","A25",23.0738,2024-02-27 11:38:00,"D",2,"25","0","0",2,"25 0 0 2",7.98819444444444,"0 0"
"2298","D2","A25",23.1142,2024-02-19 11:55:00,"D",2,"25","0","0",2,"25 0 0 2",0,"0 0"
"2299","D2","A25",64.5186,2024-02-23 11:31:00,"D",2,"25","0","0",2,"25 0 0 2",3.98333333333333,"0 0"
"2300","D2","A25",24.3218,2024-02-20 11:03:00,"D",2,"25","0","0",2,"25 0 0 2",0.963888888888889,"0 0"
"2301","D2","A25",43.8616,2024-02-21 11:02:00,"D",2,"25","0","0",2,"25 0 0 2",1.96319444444444,"0 0"
"2302","D2","A25",57.3788,2024-02-22 11:30:00,"D",2,"25","0","0",2,"25 0 0 2",2.98263888888889,"0 0"
"2303","D2","A25",41.4198,2024-02-25 11:35:00,"D",2,"25","0","0",2,"25 0 0 2",5.98611111111111,"0 0"
"2304","D2","A25",28.8862,2024-02-26 11:31:00,"D",2,"25","0","0",2,"25 0 0 2",6.98333333333333,"0 0"
"2305","D2","A27",57.728,2024-02-24 11:06:00,"D",2,"27","0","0",2,"27 0 0 2",4.96597222222222,"0 0"
"2306","D2","A27",21.3418,2024-02-28 10:59:00,"D",2,"27","0","0",2,"27 0 0 2",8.96111111111111,"0 0"
"2307","D2","A27",19.2244,2024-02-29 11:03:00,"D",2,"27","0","0",2,"27 0 0 2",9.96388888888889,"0 0"
"2308","D2","A27",16.9664,2024-03-01 11:59:00,"D",2,"27","0","0",2,"27 0 0 2",11.0027777777778,"0 0"
"2309","D2","A27",25.4396,2024-02-27 11:38:00,"D",2,"27","0","0",2,"27 0 0 2",7.98819444444444,"0 0"
"2310","D2","A27",18.1372,2024-02-19 11:55:00,"D",2,"27","0","0",2,"27 0 0 2",0,"0 0"
"2311","D2","A27",57.8182,2024-02-23 11:31:00,"D",2,"27","0","0",2,"27 0 0 2",3.98333333333333,"0 0"
"2312","D2","A27",15.9172,2024-02-20 11:03:00,"D",2,"27","0","0",2,"27 0 0 2",0.963888888888889,"0 0"
"2313","D2","A27",29.0896,2024-02-21 11:02:00,"D",2,"27","0","0",2,"27 0 0 2",1.96319444444444,"0 0"
"2314","D2","A27",45.8142,2024-02-22 11:30:00,"D",2,"27","0","0",2,"27 0 0 2",2.98263888888889,"0 0"
"2315","D2","A27",45.8844,2024-02-25 11:35:00,"D",2,"27","0","0",2,"27 0 0 2",5.98611111111111,"0 0"
"2316","D2","A27",33.1052,2024-02-26 11:31:00,"D",2,"27","0","0",2,"27 0 0 2",6.98333333333333,"0 0"
"2317","D2","X13",63.0958,2024-02-24 11:06:00,"D",2,"13","0","1",2,"13 1 0 2",4.96597222222222,"0 1"
"2318","D2","X13",89.7732,2024-02-28 10:59:00,"D",2,"13","0","1",2,"13 1 0 2",8.96111111111111,"0 1"
"2319","D2","X13",79.2352,2024-02-29 11:03:00,"D",2,"13","0","1",2,"13 1 0 2",9.96388888888889,"0 1"
"2320","D2","X13",78.1116,2024-03-01 11:59:00,"D",2,"13","0","1",2,"13 1 0 2",11.0027777777778,"0 1"
"2321","D2","X13",103.9694,2024-02-27 11:38:00,"D",2,"13","0","1",2,"13 1 0 2",7.98819444444444,"0 1"
"2322","D2","X13",25.766,2024-02-19 11:55:00,"D",2,"13","0","1",2,"13 1 0 2",0,"0 1"
"2323","D2","X13",48.358,2024-02-23 11:31:00,"D",2,"13","0","1",2,"13 1 0 2",3.98333333333333,"0 1"
"2324","D2","X13",12.279,2024-02-20 11:03:00,"D",2,"13","0","1",2,"13 1 0 2",0.963888888888889,"0 1"
"2325","D2","X13",22.354,2024-02-21 11:02:00,"D",2,"13","0","1",2,"13 1 0 2",1.96319444444444,"0 1"
"2326","D2","X13",28.2914,2024-02-22 11:30:00,"D",2,"13","0","1",2,"13 1 0 2",2.98263888888889,"0 1"
"2327","D2","X13",101.4856,2024-02-25 11:35:00,"D",2,"13","0","1",2,"13 1 0 2",5.98611111111111,"0 1"
"2328","D2","X13",101.5856,2024-02-26 11:31:00,"D",2,"13","0","1",2,"13 1 0 2",6.98333333333333,"0 1"
"2329","D2","X20",128.1658,2024-02-24 11:06:00,"D",2,"20","0","1",2,"20 1 0 2",4.96597222222222,"0 1"
"2330","D2","X20",91.833,2024-02-28 10:59:00,"D",2,"20","0","1",2,"20 1 0 2",8.96111111111111,"0 1"
"2331","D2","X20",77.1638,2024-02-29 11:03:00,"D",2,"20","0","1",2,"20 1 0 2",9.96388888888889,"0 1"
"2332","D2","X20",60.0566,2024-03-01 11:59:00,"D",2,"20","0","1",2,"20 1 0 2",11.0027777777778,"0 1"
"2333","D2","X20",118.9348,2024-02-27 11:38:00,"D",2,"20","0","1",2,"20 1 0 2",7.98819444444444,"0 1"
"2334","D2","X20",28.8212,2024-02-19 11:55:00,"D",2,"20","0","1",2,"20 1 0 2",0,"0 1"
"2335","D2","X20",132.1896,2024-02-23 11:31:00,"D",2,"20","0","1",2,"20 1 0 2",3.98333333333333,"0 1"
"2336","D2","X20",20.243,2024-02-20 11:03:00,"D",2,"20","0","1",2,"20 1 0 2",0.963888888888889,"0 1"
"2337","D2","X20",57.4668,2024-02-21 11:02:00,"D",2,"20","0","1",2,"20 1 0 2",1.96319444444444,"0 1"
"2338","D2","X20",102.6066,2024-02-22 11:30:00,"D",2,"20","0","1",2,"20 1 0 2",2.98263888888889,"0 1"
"2339","D2","X20",139.9242,2024-02-25 11:35:00,"D",2,"20","0","1",2,"20 1 0 2",5.98611111111111,"0 1"
"2340","D2","X20",121.6204,2024-02-26 11:31:00,"D",2,"20","0","1",2,"20 1 0 2",6.98333333333333,"0 1"
"2341","D2","X22",152.63,2024-02-24 11:06:00,"D",2,"22","0","1",2,"22 1 0 2",4.96597222222222,"0 1"
"2342","D2","X22",132.1774,2024-02-28 10:59:00,"D",2,"22","0","1",2,"22 1 0 2",8.96111111111111,"0 1"
"2343","D2","X22",108.9382,2024-02-29 11:03:00,"D",2,"22","0","1",2,"22 1 0 2",9.96388888888889,"0 1"
"2344","D2","X22",81.6136,2024-03-01 11:59:00,"D",2,"22","0","1",2,"22 1 0 2",11.0027777777778,"0 1"
"2345","D2","X22",192.642,2024-02-27 11:38:00,"D",2,"22","0","1",2,"22 1 0 2",7.98819444444444,"0 1"
"2346","D2","X22",33.6748,2024-02-19 11:55:00,"D",2,"22","0","1",2,"22 1 0 2",0,"0 1"
"2347","D2","X22",177.7302,2024-02-23 11:31:00,"D",2,"22","0","1",2,"22 1 0 2",3.98333333333333,"0 1"
"2348","D2","X22",29.1998,2024-02-20 11:03:00,"D",2,"22","0","1",2,"22 1 0 2",0.963888888888889,"0 1"
"2349","D2","X22",84.1864,2024-02-21 11:02:00,"D",2,"22","0","1",2,"22 1 0 2",1.96319444444444,"0 1"
"2350","D2","X22",126.7866,2024-02-22 11:30:00,"D",2,"22","0","1",2,"22 1 0 2",2.98263888888889,"0 1"
"2351","D2","X22",232.138,2024-02-25 11:35:00,"D",2,"22","0","1",2,"22 1 0 2",5.98611111111111,"0 1"
"2352","D2","X22",216.9814,2024-02-26 11:31:00,"D",2,"22","0","1",2,"22 1 0 2",6.98333333333333,"0 1"
"2353","D2","X25",192.1564,2024-02-24 11:06:00,"D",2,"25","0","1",2,"25 1 0 2",4.96597222222222,"0 1"
"2354","D2","X25",82.4218,2024-02-28 10:59:00,"D",2,"25","0","1",2,"25 1 0 2",8.96111111111111,"0 1"
"2355","D2","X25",71.1414,2024-02-29 11:03:00,"D",2,"25","0","1",2,"25 1 0 2",9.96388888888889,"0 1"
"2356","D2","X25",60.3066,2024-03-01 11:59:00,"D",2,"25","0","1",2,"25 1 0 2",11.0027777777778,"0 1"
"2357","D2","X25",102.3662,2024-02-27 11:38:00,"D",2,"25","0","1",2,"25 1 0 2",7.98819444444444,"0 1"
"2358","D2","X25",30.0244,2024-02-19 11:55:00,"D",2,"25","0","1",2,"25 1 0 2",0,"0 1"
"2359","D2","X25",178.094,2024-02-23 11:31:00,"D",2,"25","0","1",2,"25 1 0 2",3.98333333333333,"0 1"
"2360","D2","X25",31.429,2024-02-20 11:03:00,"D",2,"25","0","1",2,"25 1 0 2",0.963888888888889,"0 1"
"2361","D2","X25",88.6376,2024-02-21 11:02:00,"D",2,"25","0","1",2,"25 1 0 2",1.96319444444444,"0 1"
"2362","D2","X25",133.4222,2024-02-22 11:30:00,"D",2,"25","0","1",2,"25 1 0 2",2.98263888888889,"0 1"
"2363","D2","X25",195.6434,2024-02-25 11:35:00,"D",2,"25","0","1",2,"25 1 0 2",5.98611111111111,"0 1"
"2364","D2","X25",132.2914,2024-02-26 11:31:00,"D",2,"25","0","1",2,"25 1 0 2",6.98333333333333,"0 1"
"2365","D2","X27",134.53,2024-02-24 11:06:00,"D",2,"27","0","1",2,"27 1 0 2",4.96597222222222,"0 1"
"2366","D2","X27",121.2828,2024-02-28 10:59:00,"D",2,"27","0","1",2,"27 1 0 2",8.96111111111111,"0 1"
"2367","D2","X27",105.0784,2024-02-29 11:03:00,"D",2,"27","0","1",2,"27 1 0 2",9.96388888888889,"0 1"
"2368","D2","X27",86.1234,2024-03-01 11:59:00,"D",2,"27","0","1",2,"27 1 0 2",11.0027777777778,"0 1"
"2369","D2","X27",161.9456,2024-02-27 11:38:00,"D",2,"27","0","1",2,"27 1 0 2",7.98819444444444,"0 1"
"2370","D2","X27",26.0372,2024-02-19 11:55:00,"D",2,"27","0","1",2,"27 1 0 2",0,"0 1"
"2371","D2","X27",107.3118,2024-02-23 11:31:00,"D",2,"27","0","1",2,"27 1 0 2",3.98333333333333,"0 1"
"2372","D2","X27",20.4726,2024-02-20 11:03:00,"D",2,"27","0","1",2,"27 1 0 2",0.963888888888889,"0 1"
"2373","D2","X27",43.7696,2024-02-21 11:02:00,"D",2,"27","0","1",2,"27 1 0 2",1.96319444444444,"0 1"
"2374","D2","X27",81.2878,2024-02-22 11:30:00,"D",2,"27","0","1",2,"27 1 0 2",2.98263888888889,"0 1"
"2375","D2","X27",162.168,2024-02-25 11:35:00,"D",2,"27","0","1",2,"27 1 0 2",5.98611111111111,"0 1"
"2376","D2","X27",159.9232,2024-02-26 11:31:00,"D",2,"27","0","1",2,"27 1 0 2",6.98333333333333,"0 1"
"2377","D3","A12",10.7788,2024-02-20 11:03:00,"D",3,"12","0","0",3,"12 0 0 3",0.963888888888889,"0 0"
"2378","D3","A12",34.7932,2024-02-25 11:35:00,"D",3,"12","0","0",3,"12 0 0 3",5.98611111111111,"0 0"
"2379","D3","A12",27.102,2024-02-24 11:06:00,"D",3,"12","0","0",3,"12 0 0 3",4.96597222222222,"0 0"
"2380","D3","A12",23.6904,2024-02-23 11:31:00,"D",3,"12","0","0",3,"12 0 0 3",3.98333333333333,"0 0"
"2381","D3","A12",16.779,2024-02-22 11:30:00,"D",3,"12","0","0",3,"12 0 0 3",2.98263888888889,"0 0"
"2382","D3","A12",26.2362,2024-02-27 11:38:00,"D",3,"12","0","0",3,"12 0 0 3",7.98819444444444,"0 0"
"2383","D3","A12",30.2936,2024-02-26 11:31:00,"D",3,"12","0","0",3,"12 0 0 3",6.98333333333333,"0 0"
"2384","D3","A12",22.3932,2024-02-19 11:55:00,"D",3,"12","0","0",3,"12 0 0 3",0,"0 0"
"2385","D3","A12",21.0884,2024-02-29 11:03:00,"D",3,"12","0","0",3,"12 0 0 3",9.96388888888889,"0 0"
"2386","D3","A12",22.3632,2024-02-28 10:59:00,"D",3,"12","0","0",3,"12 0 0 3",8.96111111111111,"0 0"
"2387","D3","A12",13.0016,2024-02-21 11:02:00,"D",3,"12","0","0",3,"12 0 0 3",1.96319444444444,"0 0"
"2388","D3","A12",18.9862,2024-03-01 11:59:00,"D",3,"12","0","0",3,"12 0 0 3",11.0027777777778,"0 0"
"2389","D3","A16",15.3422,2024-02-20 11:03:00,"D",3,"16","0","0",3,"16 0 0 3",0.963888888888889,"0 0"
"2390","D3","A16",52.9332,2024-02-25 11:35:00,"D",3,"16","0","0",3,"16 0 0 3",5.98611111111111,"0 0"
"2391","D3","A16",59.298,2024-02-24 11:06:00,"D",3,"16","0","0",3,"16 0 0 3",4.96597222222222,"0 0"
"2392","D3","A16",53.7912,2024-02-23 11:31:00,"D",3,"16","0","0",3,"16 0 0 3",3.98333333333333,"0 0"
"2393","D3","A16",38.359,2024-02-22 11:30:00,"D",3,"16","0","0",3,"16 0 0 3",2.98263888888889,"0 0"
"2394","D3","A16",36.3606,2024-02-27 11:38:00,"D",3,"16","0","0",3,"16 0 0 3",7.98819444444444,"0 0"
"2395","D3","A16",46.8966,2024-02-26 11:31:00,"D",3,"16","0","0",3,"16 0 0 3",6.98333333333333,"0 0"
"2396","D3","A16",26.69,2024-02-19 11:55:00,"D",3,"16","0","0",3,"16 0 0 3",0,"0 0"
"2397","D3","A16",27.206,2024-02-29 11:03:00,"D",3,"16","0","0",3,"16 0 0 3",9.96388888888889,"0 0"
"2398","D3","A16",30.7904,2024-02-28 10:59:00,"D",3,"16","0","0",3,"16 0 0 3",8.96111111111111,"0 0"
"2399","D3","A16",26.479,2024-02-21 11:02:00,"D",3,"16","0","0",3,"16 0 0 3",1.96319444444444,"0 0"
"2400","D3","A16",24.4668,2024-03-01 11:59:00,"D",3,"16","0","0",3,"16 0 0 3",11.0027777777778,"0 0"
"2401","D3","A19",19.1204,2024-02-20 11:03:00,"D",3,"19","0","0",3,"19 0 0 3",0.963888888888889,"0 0"
"2402","D3","A19",37.6774,2024-02-25 11:35:00,"D",3,"19","0","0",3,"19 0 0 3",5.98611111111111,"0 0"
"2403","D3","A19",42.2596,2024-02-24 11:06:00,"D",3,"19","0","0",3,"19 0 0 3",4.96597222222222,"0 0"
"2404","D3","A19",47.1156,2024-02-23 11:31:00,"D",3,"19","0","0",3,"19 0 0 3",3.98333333333333,"0 0"
"2405","D3","A19",49.29,2024-02-22 11:30:00,"D",3,"19","0","0",3,"19 0 0 3",2.98263888888889,"0 0"
"2406","D3","A19",24.1362,2024-02-27 11:38:00,"D",3,"19","0","0",3,"19 0 0 3",7.98819444444444,"0 0"
"2407","D3","A19",28.0926,2024-02-26 11:31:00,"D",3,"19","0","0",3,"19 0 0 3",6.98333333333333,"0 0"
"2408","D3","A19",23.942,2024-02-19 11:55:00,"D",3,"19","0","0",3,"19 0 0 3",0,"0 0"
"2409","D3","A19",16.4624,2024-02-29 11:03:00,"D",3,"19","0","0",3,"19 0 0 3",9.96388888888889,"0 0"
"2410","D3","A19",19.4002,2024-02-28 10:59:00,"D",3,"19","0","0",3,"19 0 0 3",8.96111111111111,"0 0"
"2411","D3","A19",36.5622,2024-02-21 11:02:00,"D",3,"19","0","0",3,"19 0 0 3",1.96319444444444,"0 0"
"2412","D3","A19",17.0374,2024-03-01 11:59:00,"D",3,"19","0","0",3,"19 0 0 3",11.0027777777778,"0 0"
"2413","D3","A22",24.5496,2024-02-20 11:03:00,"D",3,"22","0","0",3,"22 0 0 3",0.963888888888889,"0 0"
"2414","D3","A22",49.8886,2024-02-25 11:35:00,"D",3,"22","0","0",3,"22 0 0 3",5.98611111111111,"0 0"
"2415","D3","A22",58.6014,2024-02-24 11:06:00,"D",3,"22","0","0",3,"22 0 0 3",4.96597222222222,"0 0"
"2416","D3","A22",54.7386,2024-02-23 11:31:00,"D",3,"22","0","0",3,"22 0 0 3",3.98333333333333,"0 0"
"2417","D3","A22",57.6754,2024-02-22 11:30:00,"D",3,"22","0","0",3,"22 0 0 3",2.98263888888889,"0 0"
"2418","D3","A22",29.2594,2024-02-27 11:38:00,"D",3,"22","0","0",3,"22 0 0 3",7.98819444444444,"0 0"
"2419","D3","A22",38.4486,2024-02-26 11:31:00,"D",3,"22","0","0",3,"22 0 0 3",6.98333333333333,"0 0"
"2420","D3","A22",26.9374,2024-02-19 11:55:00,"D",3,"22","0","0",3,"22 0 0 3",0,"0 0"
"2421","D3","A22",20.9534,2024-02-29 11:03:00,"D",3,"22","0","0",3,"22 0 0 3",9.96388888888889,"0 0"
"2422","D3","A22",24.3348,2024-02-28 10:59:00,"D",3,"22","0","0",3,"22 0 0 3",8.96111111111111,"0 0"
"2423","D3","A22",49.5182,2024-02-21 11:02:00,"D",3,"22","0","0",3,"22 0 0 3",1.96319444444444,"0 0"
"2424","D3","A22",19.1766,2024-03-01 11:59:00,"D",3,"22","0","0",3,"22 0 0 3",11.0027777777778,"0 0"
"2425","D3","A25",26.7534,2024-02-20 11:03:00,"D",3,"25","0","0",3,"25 0 0 3",0.963888888888889,"0 0"
"2426","D3","A25",46.4132,2024-02-25 11:35:00,"D",3,"25","0","0",3,"25 0 0 3",5.98611111111111,"0 0"
"2427","D3","A25",57.6824,2024-02-24 11:06:00,"D",3,"25","0","0",3,"25 0 0 3",4.96597222222222,"0 0"
"2428","D3","A25",73.7374,2024-02-23 11:31:00,"D",3,"25","0","0",3,"25 0 0 3",3.98333333333333,"0 0"
"2429","D3","A25",64.3238,2024-02-22 11:30:00,"D",3,"25","0","0",3,"25 0 0 3",2.98263888888889,"0 0"
"2430","D3","A25",26.6826,2024-02-27 11:38:00,"D",3,"25","0","0",3,"25 0 0 3",7.98819444444444,"0 0"
"2431","D3","A25",33.1842,2024-02-26 11:31:00,"D",3,"25","0","0",3,"25 0 0 3",6.98333333333333,"0 0"
"2432","D3","A25",23.1558,2024-02-19 11:55:00,"D",3,"25","0","0",3,"25 0 0 3",0,"0 0"
"2433","D3","A25",21.631,2024-02-29 11:03:00,"D",3,"25","0","0",3,"25 0 0 3",9.96388888888889,"0 0"
"2434","D3","A25",24.1958,2024-02-28 10:59:00,"D",3,"25","0","0",3,"25 0 0 3",8.96111111111111,"0 0"
"2435","D3","A25",50.1508,2024-02-21 11:02:00,"D",3,"25","0","0",3,"25 0 0 3",1.96319444444444,"0 0"
"2436","D3","A25",20.2078,2024-03-01 11:59:00,"D",3,"25","0","0",3,"25 0 0 3",11.0027777777778,"0 0"
"2437","D3","A27",15.987,2024-02-20 11:03:00,"D",3,"27","0","0",3,"27 0 0 3",0.963888888888889,"0 0"
"2438","D3","A27",45.7166,2024-02-25 11:35:00,"D",3,"27","0","0",3,"27 0 0 3",5.98611111111111,"0 0"
"2439","D3","A27",53.6518,2024-02-24 11:06:00,"D",3,"27","0","0",3,"27 0 0 3",4.96597222222222,"0 0"
"2440","D3","A27",54.6516,2024-02-23 11:31:00,"D",3,"27","0","0",3,"27 0 0 3",3.98333333333333,"0 0"
"2441","D3","A27",43.6332,2024-02-22 11:30:00,"D",3,"27","0","0",3,"27 0 0 3",2.98263888888889,"0 0"
"2442","D3","A27",25.4868,2024-02-27 11:38:00,"D",3,"27","0","0",3,"27 0 0 3",7.98819444444444,"0 0"
"2443","D3","A27",32.6358,2024-02-26 11:31:00,"D",3,"27","0","0",3,"27 0 0 3",6.98333333333333,"0 0"
"2444","D3","A27",18.5286,2024-02-19 11:55:00,"D",3,"27","0","0",3,"27 0 0 3",0,"0 0"
"2445","D3","A27",17.9956,2024-02-29 11:03:00,"D",3,"27","0","0",3,"27 0 0 3",9.96388888888889,"0 0"
"2446","D3","A27",20.541,2024-02-28 10:59:00,"D",3,"27","0","0",3,"27 0 0 3",8.96111111111111,"0 0"
"2447","D3","A27",28.4442,2024-02-21 11:02:00,"D",3,"27","0","0",3,"27 0 0 3",1.96319444444444,"0 0"
"2448","D3","A27",15.4908,2024-03-01 11:59:00,"D",3,"27","0","0",3,"27 0 0 3",11.0027777777778,"0 0"
"2449","D3","X13",14.0574,2024-02-20 11:03:00,"D",3,"13","0","1",3,"13 1 0 3",0.963888888888889,"0 1"
"2450","D3","X13",106.8552,2024-02-25 11:35:00,"D",3,"13","0","1",3,"13 1 0 3",5.98611111111111,"0 1"
"2451","D3","X13",91.1924,2024-02-24 11:06:00,"D",3,"13","0","1",3,"13 1 0 3",4.96597222222222,"0 1"
"2452","D3","X13",68.514,2024-02-23 11:31:00,"D",3,"13","0","1",3,"13 1 0 3",3.98333333333333,"0 1"
"2453","D3","X13",38.0678,2024-02-22 11:30:00,"D",3,"13","0","1",3,"13 1 0 3",2.98263888888889,"0 1"
"2454","D3","X13",111.9244,2024-02-27 11:38:00,"D",3,"13","0","1",3,"13 1 0 3",7.98819444444444,"0 1"
"2455","D3","X13",106.3,2024-02-26 11:31:00,"D",3,"13","0","1",3,"13 1 0 3",6.98333333333333,"0 1"
"2456","D3","X13",24.7918,2024-02-19 11:55:00,"D",3,"13","0","1",3,"13 1 0 3",0,"0 1"
"2457","D3","X13",84.7356,2024-02-29 11:03:00,"D",3,"13","0","1",3,"13 1 0 3",9.96388888888889,"0 1"
"2458","D3","X13",99.229,2024-02-28 10:59:00,"D",3,"13","0","1",3,"13 1 0 3",8.96111111111111,"0 1"
"2459","D3","X13",22.3662,2024-02-21 11:02:00,"D",3,"13","0","1",3,"13 1 0 3",1.96319444444444,"0 1"
"2460","D3","X13",84.555,2024-03-01 11:59:00,"D",3,"13","0","1",3,"13 1 0 3",11.0027777777778,"0 1"
"2461","D3","X20",23.043,2024-02-20 11:03:00,"D",3,"20","0","1",3,"20 1 0 3",0.963888888888889,"0 1"
"2462","D3","X20",167.6956,2024-02-25 11:35:00,"D",3,"20","0","1",3,"20 1 0 3",5.98611111111111,"0 1"
"2463","D3","X20",151.2526,2024-02-24 11:06:00,"D",3,"20","0","1",3,"20 1 0 3",4.96597222222222,"0 1"
"2464","D3","X20",146.0326,2024-02-23 11:31:00,"D",3,"20","0","1",3,"20 1 0 3",3.98333333333333,"0 1"
"2465","D3","X20",110.632,2024-02-22 11:30:00,"D",3,"20","0","1",3,"20 1 0 3",2.98263888888889,"0 1"
"2466","D3","X20",162.779,2024-02-27 11:38:00,"D",3,"20","0","1",3,"20 1 0 3",7.98819444444444,"0 1"
"2467","D3","X20",153.5312,2024-02-26 11:31:00,"D",3,"20","0","1",3,"20 1 0 3",6.98333333333333,"0 1"
"2468","D3","X20",29.1922,2024-02-19 11:55:00,"D",3,"20","0","1",3,"20 1 0 3",0,"0 1"
"2469","D3","X20",102.8118,2024-02-29 11:03:00,"D",3,"20","0","1",3,"20 1 0 3",9.96388888888889,"0 1"
"2470","D3","X20",123.0888,2024-02-28 10:59:00,"D",3,"20","0","1",3,"20 1 0 3",8.96111111111111,"0 1"
"2471","D3","X20",66.4056,2024-02-21 11:02:00,"D",3,"20","0","1",3,"20 1 0 3",1.96319444444444,"0 1"
"2472","D3","X20",74.491,2024-03-01 11:59:00,"D",3,"20","0","1",3,"20 1 0 3",11.0027777777778,"0 1"
"2473","D3","X22",28.7658,2024-02-20 11:03:00,"D",3,"22","0","1",3,"22 1 0 3",0.963888888888889,"0 1"
"2474","D3","X22",231.4498,2024-02-25 11:35:00,"D",3,"22","0","1",3,"22 1 0 3",5.98611111111111,"0 1"
"2475","D3","X22",155.6988,2024-02-24 11:06:00,"D",3,"22","0","1",3,"22 1 0 3",4.96597222222222,"0 1"
"2476","D3","X22",180.126,2024-02-23 11:31:00,"D",3,"22","0","1",3,"22 1 0 3",3.98333333333333,"0 1"
"2477","D3","X22",125.599,2024-02-22 11:30:00,"D",3,"22","0","1",3,"22 1 0 3",2.98263888888889,"0 1"
"2478","D3","X22",192.2864,2024-02-27 11:38:00,"D",3,"22","0","1",3,"22 1 0 3",7.98819444444444,"0 1"
"2479","D3","X22",222.9512,2024-02-26 11:31:00,"D",3,"22","0","1",3,"22 1 0 3",6.98333333333333,"0 1"
"2480","D3","X22",32.7354,2024-02-19 11:55:00,"D",3,"22","0","1",3,"22 1 0 3",0,"0 1"
"2481","D3","X22",107.9992,2024-02-29 11:03:00,"D",3,"22","0","1",3,"22 1 0 3",9.96388888888889,"0 1"
"2482","D3","X22",131.198,2024-02-28 10:59:00,"D",3,"22","0","1",3,"22 1 0 3",8.96111111111111,"0 1"
"2483","D3","X22",85.9368,2024-02-21 11:02:00,"D",3,"22","0","1",3,"22 1 0 3",1.96319444444444,"0 1"
"2484","D3","X22",78.4734,2024-03-01 11:59:00,"D",3,"22","0","1",3,"22 1 0 3",11.0027777777778,"0 1"
"2485","D3","X25",31.4214,2024-02-20 11:03:00,"D",3,"25","0","1",3,"25 1 0 3",0.963888888888889,"0 1"
"2486","D3","X25",194.5316,2024-02-25 11:35:00,"D",3,"25","0","1",3,"25 1 0 3",5.98611111111111,"0 1"
"2487","D3","X25",192.5036,2024-02-24 11:06:00,"D",3,"25","0","1",3,"25 1 0 3",4.96597222222222,"0 1"
"2488","D3","X25",133.7076,2024-02-23 11:31:00,"D",3,"25","0","1",3,"25 1 0 3",3.98333333333333,"0 1"
"2489","D3","X25",130.1832,2024-02-22 11:30:00,"D",3,"25","0","1",3,"25 1 0 3",2.98263888888889,"0 1"
"2490","D3","X25",105.9792,2024-02-27 11:38:00,"D",3,"25","0","1",3,"25 1 0 3",7.98819444444444,"0 1"
"2491","D3","X25",132.2818,2024-02-26 11:31:00,"D",3,"25","0","1",3,"25 1 0 3",6.98333333333333,"0 1"
"2492","D3","X25",30.5062,2024-02-19 11:55:00,"D",3,"25","0","1",3,"25 1 0 3",0,"0 1"
"2493","D3","X25",70.4434,2024-02-29 11:03:00,"D",3,"25","0","1",3,"25 1 0 3",9.96388888888889,"0 1"
"2494","D3","X25",82.2892,2024-02-28 10:59:00,"D",3,"25","0","1",3,"25 1 0 3",8.96111111111111,"0 1"
"2495","D3","X25",86.0556,2024-02-21 11:02:00,"D",3,"25","0","1",3,"25 1 0 3",1.96319444444444,"0 1"
"2496","D3","X25",58.7768,2024-03-01 11:59:00,"D",3,"25","0","1",3,"25 1 0 3",11.0027777777778,"0 1"
"2497","D3","X27",15.9308,2024-02-20 11:03:00,"D",3,"27","0","1",3,"27 1 0 3",0.963888888888889,"0 1"
"2498","D3","X27",146.3996,2024-02-25 11:35:00,"D",3,"27","0","1",3,"27 1 0 3",5.98611111111111,"0 1"
"2499","D3","X27",117.1048,2024-02-24 11:06:00,"D",3,"27","0","1",3,"27 1 0 3",4.96597222222222,"0 1"
"2500","D3","X27",94.3402,2024-02-23 11:31:00,"D",3,"27","0","1",3,"27 1 0 3",3.98333333333333,"0 1"
"2501","D3","X27",71.2956,2024-02-22 11:30:00,"D",3,"27","0","1",3,"27 1 0 3",2.98263888888889,"0 1"
"2502","D3","X27",161.5564,2024-02-27 11:38:00,"D",3,"27","0","1",3,"27 1 0 3",7.98819444444444,"0 1"
"2503","D3","X27",149.1198,2024-02-26 11:31:00,"D",3,"27","0","1",3,"27 1 0 3",6.98333333333333,"0 1"
"2504","D3","X27",25.6604,2024-02-19 11:55:00,"D",3,"27","0","1",3,"27 1 0 3",0,"0 1"
"2505","D3","X27",106.0928,2024-02-29 11:03:00,"D",3,"27","0","1",3,"27 1 0 3",9.96388888888889,"0 1"
"2506","D3","X27",122.7094,2024-02-28 10:59:00,"D",3,"27","0","1",3,"27 1 0 3",8.96111111111111,"0 1"
"2507","D3","X27",38.2132,2024-02-21 11:02:00,"D",3,"27","0","1",3,"27 1 0 3",1.96319444444444,"0 1"
"2508","D3","X27",88.8578,2024-03-01 11:59:00,"D",3,"27","0","1",3,"27 1 0 3",11.0027777777778,"0 1"
"2509","D4","A12",24.7598,2024-02-28 10:59:00,"D",4,"12","0","0",4,"12 0 0 4",8.96111111111111,"0 0"
"2510","D4","A12",27.6494,2024-02-23 11:31:00,"D",4,"12","0","0",4,"12 0 0 4",3.98333333333333,"0 0"
"2511","D4","A12",38.9664,2024-02-25 11:35:00,"D",4,"12","0","0",4,"12 0 0 4",5.98611111111111,"0 0"
"2512","D4","A12",29.4268,2024-02-27 11:38:00,"D",4,"12","0","0",4,"12 0 0 4",7.98819444444444,"0 0"
"2513","D4","A12",23.206,2024-02-19 11:55:00,"D",4,"12","0","0",4,"12 0 0 4",0,"0 0"
"2514","D4","A12",10.9052,2024-02-20 11:03:00,"D",4,"12","0","0",4,"12 0 0 4",0.963888888888889,"0 0"
"2515","D4","A12",19.0382,2024-02-22 11:30:00,"D",4,"12","0","0",4,"12 0 0 4",2.98263888888889,"0 0"
"2516","D4","A12",20.5914,2024-03-01 11:59:00,"D",4,"12","0","0",4,"12 0 0 4",11.0027777777778,"0 0"
"2517","D4","A12",32.7578,2024-02-24 11:06:00,"D",4,"12","0","0",4,"12 0 0 4",4.96597222222222,"0 0"
"2518","D4","A12",13.5808,2024-02-21 11:02:00,"D",4,"12","0","0",4,"12 0 0 4",1.96319444444444,"0 0"
"2519","D4","A12",23.2322,2024-02-29 11:03:00,"D",4,"12","0","0",4,"12 0 0 4",9.96388888888889,"0 0"
"2520","D4","A12",32.793,2024-02-26 11:31:00,"D",4,"12","0","0",4,"12 0 0 4",6.98333333333333,"0 0"
"2521","D4","A16",27.9012,2024-02-28 10:59:00,"D",4,"16","0","0",4,"16 0 0 4",8.96111111111111,"0 0"
"2522","D4","A16",51.4014,2024-02-23 11:31:00,"D",4,"16","0","0",4,"16 0 0 4",3.98333333333333,"0 0"
"2523","D4","A16",48.133,2024-02-25 11:35:00,"D",4,"16","0","0",4,"16 0 0 4",5.98611111111111,"0 0"
"2524","D4","A16",33.0378,2024-02-27 11:38:00,"D",4,"16","0","0",4,"16 0 0 4",7.98819444444444,"0 0"
"2525","D4","A16",24.836,2024-02-19 11:55:00,"D",4,"16","0","0",4,"16 0 0 4",0,"0 0"
"2526","D4","A16",14.0904,2024-02-20 11:03:00,"D",4,"16","0","0",4,"16 0 0 4",0.963888888888889,"0 0"
"2527","D4","A16",38.8976,2024-02-22 11:30:00,"D",4,"16","0","0",4,"16 0 0 4",2.98263888888889,"0 0"
"2528","D4","A16",22.4298,2024-03-01 11:59:00,"D",4,"16","0","0",4,"16 0 0 4",11.0027777777778,"0 0"
"2529","D4","A16",54.0572,2024-02-24 11:06:00,"D",4,"16","0","0",4,"16 0 0 4",4.96597222222222,"0 0"
"2530","D4","A16",25.9686,2024-02-21 11:02:00,"D",4,"16","0","0",4,"16 0 0 4",1.96319444444444,"0 0"
"2531","D4","A16",24.9666,2024-02-29 11:03:00,"D",4,"16","0","0",4,"16 0 0 4",9.96388888888889,"0 0"
"2532","D4","A16",41.4614,2024-02-26 11:31:00,"D",4,"16","0","0",4,"16 0 0 4",6.98333333333333,"0 0"
"2533","D4","A19",21.4832,2024-02-28 10:59:00,"D",4,"19","0","0",4,"19 0 0 4",8.96111111111111,"0 0"
"2534","D4","A19",49.8548,2024-02-23 11:31:00,"D",4,"19","0","0",4,"19 0 0 4",3.98333333333333,"0 0"
"2535","D4","A19",40.3478,2024-02-25 11:35:00,"D",4,"19","0","0",4,"19 0 0 4",5.98611111111111,"0 0"
"2536","D4","A19",26.402,2024-02-27 11:38:00,"D",4,"19","0","0",4,"19 0 0 4",7.98819444444444,"0 0"
"2537","D4","A19",23.136,2024-02-19 11:55:00,"D",4,"19","0","0",4,"19 0 0 4",0,"0 0"
"2538","D4","A19",19.3112,2024-02-20 11:03:00,"D",4,"19","0","0",4,"19 0 0 4",0.963888888888889,"0 0"
"2539","D4","A19",50.4596,2024-02-22 11:30:00,"D",4,"19","0","0",4,"19 0 0 4",2.98263888888889,"0 0"
"2540","D4","A19",19.5266,2024-03-01 11:59:00,"D",4,"19","0","0",4,"19 0 0 4",11.0027777777778,"0 0"
"2541","D4","A19",44.2686,2024-02-24 11:06:00,"D",4,"19","0","0",4,"19 0 0 4",4.96597222222222,"0 0"
"2542","D4","A19",36.9738,2024-02-21 11:02:00,"D",4,"19","0","0",4,"19 0 0 4",1.96319444444444,"0 0"
"2543","D4","A19",18.6706,2024-02-29 11:03:00,"D",4,"19","0","0",4,"19 0 0 4",9.96388888888889,"0 0"
"2544","D4","A19",31.053,2024-02-26 11:31:00,"D",4,"19","0","0",4,"19 0 0 4",6.98333333333333,"0 0"
"2545","D4","A22",30.9172,2024-02-28 10:59:00,"D",4,"22","0","0",4,"22 0 0 4",8.96111111111111,"0 0"
"2546","D4","A22",67.9412,2024-02-23 11:31:00,"D",4,"22","0","0",4,"22 0 0 4",3.98333333333333,"0 0"
"2547","D4","A22",64.647,2024-02-25 11:35:00,"D",4,"22","0","0",4,"22 0 0 4",5.98611111111111,"0 0"
"2548","D4","A22",37.3368,2024-02-27 11:38:00,"D",4,"22","0","0",4,"22 0 0 4",7.98819444444444,"0 0"
"2549","D4","A22",27.3466,2024-02-19 11:55:00,"D",4,"22","0","0",4,"22 0 0 4",0,"0 0"
"2550","D4","A22",25.8616,2024-02-20 11:03:00,"D",4,"22","0","0",4,"22 0 0 4",0.963888888888889,"0 0"
"2551","D4","A22",64.3514,2024-02-22 11:30:00,"D",4,"22","0","0",4,"22 0 0 4",2.98263888888889,"0 0"
"2552","D4","A22",24.7246,2024-03-01 11:59:00,"D",4,"22","0","0",4,"22 0 0 4",11.0027777777778,"0 0"
"2553","D4","A22",74.1834,2024-02-24 11:06:00,"D",4,"22","0","0",4,"22 0 0 4",4.96597222222222,"0 0"
"2554","D4","A22",53.6178,2024-02-21 11:02:00,"D",4,"22","0","0",4,"22 0 0 4",1.96319444444444,"0 0"
"2555","D4","A22",27.3224,2024-02-29 11:03:00,"D",4,"22","0","0",4,"22 0 0 4",9.96388888888889,"0 0"
"2556","D4","A22",50.1738,2024-02-26 11:31:00,"D",4,"22","0","0",4,"22 0 0 4",6.98333333333333,"0 0"
"2557","D4","A25",29.5116,2024-02-28 10:59:00,"D",4,"25","0","0",4,"25 0 0 4",8.96111111111111,"0 0"
"2558","D4","A25",86.7804,2024-02-23 11:31:00,"D",4,"25","0","0",4,"25 0 0 4",3.98333333333333,"0 0"
"2559","D4","A25",57.5212,2024-02-25 11:35:00,"D",4,"25","0","0",4,"25 0 0 4",5.98611111111111,"0 0"
"2560","D4","A25",32.5288,2024-02-27 11:38:00,"D",4,"25","0","0",4,"25 0 0 4",7.98819444444444,"0 0"
"2561","D4","A25",23.6074,2024-02-19 11:55:00,"D",4,"25","0","0",4,"25 0 0 4",0,"0 0"
"2562","D4","A25",26.9826,2024-02-20 11:03:00,"D",4,"25","0","0",4,"25 0 0 4",0.963888888888889,"0 0"
"2563","D4","A25",70.0058,2024-02-22 11:30:00,"D",4,"25","0","0",4,"25 0 0 4",2.98263888888889,"0 0"
"2564","D4","A25",24.2432,2024-03-01 11:59:00,"D",4,"25","0","0",4,"25 0 0 4",11.0027777777778,"0 0"
"2565","D4","A25",71.356,2024-02-24 11:06:00,"D",4,"25","0","0",4,"25 0 0 4",4.96597222222222,"0 0"
"2566","D4","A25",53.5854,2024-02-21 11:02:00,"D",4,"25","0","0",4,"25 0 0 4",1.96319444444444,"0 0"
"2567","D4","A25",26.5476,2024-02-29 11:03:00,"D",4,"25","0","0",4,"25 0 0 4",9.96388888888889,"0 0"
"2568","D4","A25",40.1176,2024-02-26 11:31:00,"D",4,"25","0","0",4,"25 0 0 4",6.98333333333333,"0 0"
"2569","D4","A27",23.3386,2024-02-28 10:59:00,"D",4,"27","0","0",4,"27 0 0 4",8.96111111111111,"0 0"
"2570","D4","A27",55.6744,2024-02-23 11:31:00,"D",4,"27","0","0",4,"27 0 0 4",3.98333333333333,"0 0"
"2571","D4","A27",47.1482,2024-02-25 11:35:00,"D",4,"27","0","0",4,"27 0 0 4",5.98611111111111,"0 0"
"2572","D4","A27",28.7566,2024-02-27 11:38:00,"D",4,"27","0","0",4,"27 0 0 4",7.98819444444444,"0 0"
"2573","D4","A27",18.195,2024-02-19 11:55:00,"D",4,"27","0","0",4,"27 0 0 4",0,"0 0"
"2574","D4","A27",15.5308,2024-02-20 11:03:00,"D",4,"27","0","0",4,"27 0 0 4",0.963888888888889,"0 0"
"2575","D4","A27",43.0236,2024-02-22 11:30:00,"D",4,"27","0","0",4,"27 0 0 4",2.98263888888889,"0 0"
"2576","D4","A27",16.1162,2024-03-01 11:59:00,"D",4,"27","0","0",4,"27 0 0 4",11.0027777777778,"0 0"
"2577","D4","A27",53.787,2024-02-24 11:06:00,"D",4,"27","0","0",4,"27 0 0 4",4.96597222222222,"0 0"
"2578","D4","A27",28.8696,2024-02-21 11:02:00,"D",4,"27","0","0",4,"27 0 0 4",1.96319444444444,"0 0"
"2579","D4","A27",19.3,2024-02-29 11:03:00,"D",4,"27","0","0",4,"27 0 0 4",9.96388888888889,"0 0"
"2580","D4","A27",35.4368,2024-02-26 11:31:00,"D",4,"27","0","0",4,"27 0 0 4",6.98333333333333,"0 0"
"2581","D4","X13",92.7338,2024-02-28 10:59:00,"D",4,"13","0","1",4,"13 1 0 4",8.96111111111111,"0 1"
"2582","D4","X13",74.7134,2024-02-23 11:31:00,"D",4,"13","0","1",4,"13 1 0 4",3.98333333333333,"0 1"
"2583","D4","X13",105.8938,2024-02-25 11:35:00,"D",4,"13","0","1",4,"13 1 0 4",5.98611111111111,"0 1"
"2584","D4","X13",109.3468,2024-02-27 11:38:00,"D",4,"13","0","1",4,"13 1 0 4",7.98819444444444,"0 1"
"2585","D4","X13",26.686,2024-02-19 11:55:00,"D",4,"13","0","1",4,"13 1 0 4",0,"0 1"
"2586","D4","X13",16.765,2024-02-20 11:03:00,"D",4,"13","0","1",4,"13 1 0 4",0.963888888888889,"0 1"
"2587","D4","X13",50.2532,2024-02-22 11:30:00,"D",4,"13","0","1",4,"13 1 0 4",2.98263888888889,"0 1"
"2588","D4","X13",80.4636,2024-03-01 11:59:00,"D",4,"13","0","1",4,"13 1 0 4",11.0027777777778,"0 1"
"2589","D4","X13",105.6578,2024-02-24 11:06:00,"D",4,"13","0","1",4,"13 1 0 4",4.96597222222222,"0 1"
"2590","D4","X13",25.2674,2024-02-21 11:02:00,"D",4,"13","0","1",4,"13 1 0 4",1.96319444444444,"0 1"
"2591","D4","X13",80.9904,2024-02-29 11:03:00,"D",4,"13","0","1",4,"13 1 0 4",9.96388888888889,"0 1"
"2592","D4","X13",106.2334,2024-02-26 11:31:00,"D",4,"13","0","1",4,"13 1 0 4",6.98333333333333,"0 1"
"2593","D4","X20",125.6774,2024-02-28 10:59:00,"D",4,"20","0","1",4,"20 1 0 4",8.96111111111111,"0 1"
"2594","D4","X20",149.1472,2024-02-23 11:31:00,"D",4,"20","0","1",4,"20 1 0 4",3.98333333333333,"0 1"
"2595","D4","X20",164.6528,2024-02-25 11:35:00,"D",4,"20","0","1",4,"20 1 0 4",5.98611111111111,"0 1"
"2596","D4","X20",163.7856,2024-02-27 11:38:00,"D",4,"20","0","1",4,"20 1 0 4",7.98819444444444,"0 1"
"2597","D4","X20",29.3956,2024-02-19 11:55:00,"D",4,"20","0","1",4,"20 1 0 4",0,"0 1"
"2598","D4","X20",23.4062,2024-02-20 11:03:00,"D",4,"20","0","1",4,"20 1 0 4",0.963888888888889,"0 1"
"2599","D4","X20",115.7094,2024-02-22 11:30:00,"D",4,"20","0","1",4,"20 1 0 4",2.98263888888889,"0 1"
"2600","D4","X20",75.5646,2024-03-01 11:59:00,"D",4,"20","0","1",4,"20 1 0 4",11.0027777777778,"0 1"
"2601","D4","X20",151.46,2024-02-24 11:06:00,"D",4,"20","0","1",4,"20 1 0 4",4.96597222222222,"0 1"
"2602","D4","X20",72.44,2024-02-21 11:02:00,"D",4,"20","0","1",4,"20 1 0 4",1.96319444444444,"0 1"
"2603","D4","X20",107.6648,2024-02-29 11:03:00,"D",4,"20","0","1",4,"20 1 0 4",9.96388888888889,"0 1"
"2604","D4","X20",151.6486,2024-02-26 11:31:00,"D",4,"20","0","1",4,"20 1 0 4",6.98333333333333,"0 1"
"2605","D4","X22",140.732,2024-02-28 10:59:00,"D",4,"22","0","1",4,"22 1 0 4",8.96111111111111,"0 1"
"2606","D4","X22",181.5832,2024-02-23 11:31:00,"D",4,"22","0","1",4,"22 1 0 4",3.98333333333333,"0 1"
"2607","D4","X22",227.6894,2024-02-25 11:35:00,"D",4,"22","0","1",4,"22 1 0 4",5.98611111111111,"0 1"
"2608","D4","X22",203.4168,2024-02-27 11:38:00,"D",4,"22","0","1",4,"22 1 0 4",7.98819444444444,"0 1"
"2609","D4","X22",32.4916,2024-02-19 11:55:00,"D",4,"22","0","1",4,"22 1 0 4",0,"0 1"
"2610","D4","X22",29.0478,2024-02-20 11:03:00,"D",4,"22","0","1",4,"22 1 0 4",0.963888888888889,"0 1"
"2611","D4","X22",120.5606,2024-02-22 11:30:00,"D",4,"22","0","1",4,"22 1 0 4",2.98263888888889,"0 1"
"2612","D4","X22",87.6766,2024-03-01 11:59:00,"D",4,"22","0","1",4,"22 1 0 4",11.0027777777778,"0 1"
"2613","D4","X22",153.9662,2024-02-24 11:06:00,"D",4,"22","0","1",4,"22 1 0 4",4.96597222222222,"0 1"
"2614","D4","X22",84.503,2024-02-21 11:02:00,"D",4,"22","0","1",4,"22 1 0 4",1.96319444444444,"0 1"
"2615","D4","X22",120.328,2024-02-29 11:03:00,"D",4,"22","0","1",4,"22 1 0 4",9.96388888888889,"0 1"
"2616","D4","X22",218.213,2024-02-26 11:31:00,"D",4,"22","0","1",4,"22 1 0 4",6.98333333333333,"0 1"
"2617","D4","X25",79.574,2024-02-28 10:59:00,"D",4,"25","0","1",4,"25 1 0 4",8.96111111111111,"0 1"
"2618","D4","X25",128.6162,2024-02-23 11:31:00,"D",4,"25","0","1",4,"25 1 0 4",3.98333333333333,"0 1"
"2619","D4","X25",191.567,2024-02-25 11:35:00,"D",4,"25","0","1",4,"25 1 0 4",5.98611111111111,"0 1"
"2620","D4","X25",106.1296,2024-02-27 11:38:00,"D",4,"25","0","1",4,"25 1 0 4",7.98819444444444,"0 1"
"2621","D4","X25",30.8136,2024-02-19 11:55:00,"D",4,"25","0","1",4,"25 1 0 4",0,"0 1"
"2622","D4","X25",30.18,2024-02-20 11:03:00,"D",4,"25","0","1",4,"25 1 0 4",0.963888888888889,"0 1"
"2623","D4","X25",121.172,2024-02-22 11:30:00,"D",4,"25","0","1",4,"25 1 0 4",2.98263888888889,"0 1"
"2624","D4","X25",57.026,2024-03-01 11:59:00,"D",4,"25","0","1",4,"25 1 0 4",11.0027777777778,"0 1"
"2625","D4","X25",161.4552,2024-02-24 11:06:00,"D",4,"25","0","1",4,"25 1 0 4",4.96597222222222,"0 1"
"2626","D4","X25",81.2266,2024-02-21 11:02:00,"D",4,"25","0","1",4,"25 1 0 4",1.96319444444444,"0 1"
"2627","D4","X25",66.8842,2024-02-29 11:03:00,"D",4,"25","0","1",4,"25 1 0 4",9.96388888888889,"0 1"
"2628","D4","X25",131.0176,2024-02-26 11:31:00,"D",4,"25","0","1",4,"25 1 0 4",6.98333333333333,"0 1"
"2629","D4","X27",113.94,2024-02-28 10:59:00,"D",4,"27","0","1",4,"27 1 0 4",8.96111111111111,"0 1"
"2630","D4","X27",87.2906,2024-02-23 11:31:00,"D",4,"27","0","1",4,"27 1 0 4",3.98333333333333,"0 1"
"2631","D4","X27",123.4804,2024-02-25 11:35:00,"D",4,"27","0","1",4,"27 1 0 4",5.98611111111111,"0 1"
"2632","D4","X27",151.831,2024-02-27 11:38:00,"D",4,"27","0","1",4,"27 1 0 4",7.98819444444444,"0 1"
"2633","D4","X27",25.4314,2024-02-19 11:55:00,"D",4,"27","0","1",4,"27 1 0 4",0,"0 1"
"2634","D4","X27",11.5534,2024-02-20 11:03:00,"D",4,"27","0","1",4,"27 1 0 4",0.963888888888889,"0 1"
"2635","D4","X27",64.8398,2024-02-22 11:30:00,"D",4,"27","0","1",4,"27 1 0 4",2.98263888888889,"0 1"
"2636","D4","X27",83.9542,2024-03-01 11:59:00,"D",4,"27","0","1",4,"27 1 0 4",11.0027777777778,"0 1"
"2637","D4","X27",106.6172,2024-02-24 11:06:00,"D",4,"27","0","1",4,"27 1 0 4",4.96597222222222,"0 1"
"2638","D4","X27",35.8718,2024-02-21 11:02:00,"D",4,"27","0","1",4,"27 1 0 4",1.96319444444444,"0 1"
"2639","D4","X27",96.099,2024-02-29 11:03:00,"D",4,"27","0","1",4,"27 1 0 4",9.96388888888889,"0 1"
"2640","D4","X27",133.613,2024-02-26 11:31:00,"D",4,"27","0","1",4,"27 1 0 4",6.98333333333333,"0 1"
"2641","D5","A12",10.6446,2024-02-20 11:03:00,"D",5,"12","0","0",5,"12 0 0 5",0.963888888888889,"0 0"
"2642","D5","A12",27.0136,2024-02-28 10:59:00,"D",5,"12","0","0",5,"12 0 0 5",8.96111111111111,"0 0"
"2643","D5","A12",31.5876,2024-02-23 11:31:00,"D",5,"12","0","0",5,"12 0 0 5",3.98333333333333,"0 0"
"2644","D5","A12",40.8636,2024-02-25 11:35:00,"D",5,"12","0","0",5,"12 0 0 5",5.98611111111111,"0 0"
"2645","D5","A12",22.3902,2024-03-01 11:59:00,"D",5,"12","0","0",5,"12 0 0 5",11.0027777777778,"0 0"
"2646","D5","A12",37.9532,2024-02-24 11:06:00,"D",5,"12","0","0",5,"12 0 0 5",4.96597222222222,"0 0"
"2647","D5","A12",23.7018,2024-02-19 11:55:00,"D",5,"12","0","0",5,"12 0 0 5",0,"0 0"
"2648","D5","A12",25.3092,2024-02-29 11:03:00,"D",5,"12","0","0",5,"12 0 0 5",9.96388888888889,"0 0"
"2649","D5","A12",21.3622,2024-02-22 11:30:00,"D",5,"12","0","0",5,"12 0 0 5",2.98263888888889,"0 0"
"2650","D5","A12",32.1102,2024-02-27 11:38:00,"D",5,"12","0","0",5,"12 0 0 5",7.98819444444444,"0 0"
"2651","D5","A12",14.2884,2024-02-21 11:02:00,"D",5,"12","0","0",5,"12 0 0 5",1.96319444444444,"0 0"
"2652","D5","A12",35.7836,2024-02-26 11:31:00,"D",5,"12","0","0",5,"12 0 0 5",6.98333333333333,"0 0"
"2653","D5","A16",13.9462,2024-02-20 11:03:00,"D",5,"16","0","0",5,"16 0 0 5",0.963888888888889,"0 0"
"2654","D5","A16",33.6618,2024-02-28 10:59:00,"D",5,"16","0","0",5,"16 0 0 5",8.96111111111111,"0 0"
"2655","D5","A16",59.0188,2024-02-23 11:31:00,"D",5,"16","0","0",5,"16 0 0 5",3.98333333333333,"0 0"
"2656","D5","A16",58.0248,2024-02-25 11:35:00,"D",5,"16","0","0",5,"16 0 0 5",5.98611111111111,"0 0"
"2657","D5","A16",27.759,2024-03-01 11:59:00,"D",5,"16","0","0",5,"16 0 0 5",11.0027777777778,"0 0"
"2658","D5","A16",64.7444,2024-02-24 11:06:00,"D",5,"16","0","0",5,"16 0 0 5",4.96597222222222,"0 0"
"2659","D5","A16",25.4508,2024-02-19 11:55:00,"D",5,"16","0","0",5,"16 0 0 5",0,"0 0"
"2660","D5","A16",31.0846,2024-02-29 11:03:00,"D",5,"16","0","0",5,"16 0 0 5",9.96388888888889,"0 0"
"2661","D5","A16",44.5972,2024-02-22 11:30:00,"D",5,"16","0","0",5,"16 0 0 5",2.98263888888889,"0 0"
"2662","D5","A16",40.3584,2024-02-27 11:38:00,"D",5,"16","0","0",5,"16 0 0 5",7.98819444444444,"0 0"
"2663","D5","A16",28.13,2024-02-21 11:02:00,"D",5,"16","0","0",5,"16 0 0 5",1.96319444444444,"0 0"
"2664","D5","A16",50.112,2024-02-26 11:31:00,"D",5,"16","0","0",5,"16 0 0 5",6.98333333333333,"0 0"
"2665","D5","A19",17.9812,2024-02-20 11:03:00,"D",5,"19","0","0",5,"19 0 0 5",0.963888888888889,"0 0"
"2666","D5","A19",23.8644,2024-02-28 10:59:00,"D",5,"19","0","0",5,"19 0 0 5",8.96111111111111,"0 0"
"2667","D5","A19",53.7626,2024-02-23 11:31:00,"D",5,"19","0","0",5,"19 0 0 5",3.98333333333333,"0 0"
"2668","D5","A19",44.5904,2024-02-25 11:35:00,"D",5,"19","0","0",5,"19 0 0 5",5.98611111111111,"0 0"
"2669","D5","A19",22.5356,2024-03-01 11:59:00,"D",5,"19","0","0",5,"19 0 0 5",11.0027777777778,"0 0"
"2670","D5","A19",48.0716,2024-02-24 11:06:00,"D",5,"19","0","0",5,"19 0 0 5",4.96597222222222,"0 0"
"2671","D5","A19",23.4262,2024-02-19 11:55:00,"D",5,"19","0","0",5,"19 0 0 5",0,"0 0"
"2672","D5","A19",21.3876,2024-02-29 11:03:00,"D",5,"19","0","0",5,"19 0 0 5",9.96388888888889,"0 0"
"2673","D5","A19",51.6006,2024-02-22 11:30:00,"D",5,"19","0","0",5,"19 0 0 5",2.98263888888889,"0 0"
"2674","D5","A19",29.062,2024-02-27 11:38:00,"D",5,"19","0","0",5,"19 0 0 5",7.98819444444444,"0 0"
"2675","D5","A19",37.3654,2024-02-21 11:02:00,"D",5,"19","0","0",5,"19 0 0 5",1.96319444444444,"0 0"
"2676","D5","A19",34.2682,2024-02-26 11:31:00,"D",5,"19","0","0",5,"19 0 0 5",6.98333333333333,"0 0"
"2677","D5","A22",25.563,2024-02-20 11:03:00,"D",5,"22","0","0",5,"22 0 0 5",0.963888888888889,"0 0"
"2678","D5","A22",34.4896,2024-02-28 10:59:00,"D",5,"22","0","0",5,"22 0 0 5",8.96111111111111,"0 0"
"2679","D5","A22",72.5912,2024-02-23 11:31:00,"D",5,"22","0","0",5,"22 0 0 5",3.98333333333333,"0 0"
"2680","D5","A22",70.0854,2024-02-25 11:35:00,"D",5,"22","0","0",5,"22 0 0 5",5.98611111111111,"0 0"
"2681","D5","A22",27.2626,2024-03-01 11:59:00,"D",5,"22","0","0",5,"22 0 0 5",11.0027777777778,"0 0"
"2682","D5","A22",79.5222,2024-02-24 11:06:00,"D",5,"22","0","0",5,"22 0 0 5",4.96597222222222,"0 0"
"2683","D5","A22",26.7274,2024-02-19 11:55:00,"D",5,"22","0","0",5,"22 0 0 5",0,"0 0"
"2684","D5","A22",30.4532,2024-02-29 11:03:00,"D",5,"22","0","0",5,"22 0 0 5",9.96388888888889,"0 0"
"2685","D5","A22",65.2102,2024-02-22 11:30:00,"D",5,"22","0","0",5,"22 0 0 5",2.98263888888889,"0 0"
"2686","D5","A22",40.9368,2024-02-27 11:38:00,"D",5,"22","0","0",5,"22 0 0 5",7.98819444444444,"0 0"
"2687","D5","A22",54.2078,2024-02-21 11:02:00,"D",5,"22","0","0",5,"22 0 0 5",1.96319444444444,"0 0"
"2688","D5","A22",54.4678,2024-02-26 11:31:00,"D",5,"22","0","0",5,"22 0 0 5",6.98333333333333,"0 0"
"2689","D5","A25",25.7536,2024-02-20 11:03:00,"D",5,"25","0","0",5,"25 0 0 5",0.963888888888889,"0 0"
"2690","D5","A25",32.8242,2024-02-28 10:59:00,"D",5,"25","0","0",5,"25 0 0 5",8.96111111111111,"0 0"
"2691","D5","A25",95.4864,2024-02-23 11:31:00,"D",5,"25","0","0",5,"25 0 0 5",3.98333333333333,"0 0"
"2692","D5","A25",63.069,2024-02-25 11:35:00,"D",5,"25","0","0",5,"25 0 0 5",5.98611111111111,"0 0"
"2693","D5","A25",27.0942,2024-03-01 11:59:00,"D",5,"25","0","0",5,"25 0 0 5",11.0027777777778,"0 0"
"2694","D5","A25",78.7102,2024-02-24 11:06:00,"D",5,"25","0","0",5,"25 0 0 5",4.96597222222222,"0 0"
"2695","D5","A25",23.2894,2024-02-19 11:55:00,"D",5,"25","0","0",5,"25 0 0 5",0,"0 0"
"2696","D5","A25",29.8182,2024-02-29 11:03:00,"D",5,"25","0","0",5,"25 0 0 5",9.96388888888889,"0 0"
"2697","D5","A25",72.5114,2024-02-22 11:30:00,"D",5,"25","0","0",5,"25 0 0 5",2.98263888888889,"0 0"
"2698","D5","A25",35.4684,2024-02-27 11:38:00,"D",5,"25","0","0",5,"25 0 0 5",7.98819444444444,"0 0"
"2699","D5","A25",52.641,2024-02-21 11:02:00,"D",5,"25","0","0",5,"25 0 0 5",1.96319444444444,"0 0"
"2700","D5","A25",43.793,2024-02-26 11:31:00,"D",5,"25","0","0",5,"25 0 0 5",6.98333333333333,"0 0"
"2701","D5","A27",15.3644,2024-02-20 11:03:00,"D",5,"27","0","0",5,"27 0 0 5",0.963888888888889,"0 0"
"2702","D5","A27",22.2248,2024-02-28 10:59:00,"D",5,"27","0","0",5,"27 0 0 5",8.96111111111111,"0 0"
"2703","D5","A27",55.0254,2024-02-23 11:31:00,"D",5,"27","0","0",5,"27 0 0 5",3.98333333333333,"0 0"
"2704","D5","A27",46.471,2024-02-25 11:35:00,"D",5,"27","0","0",5,"27 0 0 5",5.98611111111111,"0 0"
"2705","D5","A27",16.1752,2024-03-01 11:59:00,"D",5,"27","0","0",5,"27 0 0 5",11.0027777777778,"0 0"
"2706","D5","A27",52.4792,2024-02-24 11:06:00,"D",5,"27","0","0",5,"27 0 0 5",4.96597222222222,"0 0"
"2707","D5","A27",18.0726,2024-02-19 11:55:00,"D",5,"27","0","0",5,"27 0 0 5",0,"0 0"
"2708","D5","A27",19.2222,2024-02-29 11:03:00,"D",5,"27","0","0",5,"27 0 0 5",9.96388888888889,"0 0"
"2709","D5","A27",41.9622,2024-02-22 11:30:00,"D",5,"27","0","0",5,"27 0 0 5",2.98263888888889,"0 0"
"2710","D5","A27",27.569,2024-02-27 11:38:00,"D",5,"27","0","0",5,"27 0 0 5",7.98819444444444,"0 0"
"2711","D5","A27",28.4968,2024-02-21 11:02:00,"D",5,"27","0","0",5,"27 0 0 5",1.96319444444444,"0 0"
"2712","D5","A27",33.821,2024-02-26 11:31:00,"D",5,"27","0","0",5,"27 0 0 5",6.98333333333333,"0 0"
"2713","D5","X13",14.3868,2024-02-20 11:03:00,"D",5,"13","0","1",5,"13 1 0 5",0.963888888888889,"0 1"
"2714","D5","X13",87.2382,2024-02-28 10:59:00,"D",5,"13","0","1",5,"13 1 0 5",8.96111111111111,"0 1"
"2715","D5","X13",77.0144,2024-02-23 11:31:00,"D",5,"13","0","1",5,"13 1 0 5",3.98333333333333,"0 1"
"2716","D5","X13",106.0134,2024-02-25 11:35:00,"D",5,"13","0","1",5,"13 1 0 5",5.98611111111111,"0 1"
"2717","D5","X13",72.2746,2024-03-01 11:59:00,"D",5,"13","0","1",5,"13 1 0 5",11.0027777777778,"0 1"
"2718","D5","X13",108.9614,2024-02-24 11:06:00,"D",5,"13","0","1",5,"13 1 0 5",4.96597222222222,"0 1"
"2719","D5","X13",25.6462,2024-02-19 11:55:00,"D",5,"13","0","1",5,"13 1 0 5",0,"0 1"
"2720","D5","X13",74.2592,2024-02-29 11:03:00,"D",5,"13","0","1",5,"13 1 0 5",9.96388888888889,"0 1"
"2721","D5","X13",58.6496,2024-02-22 11:30:00,"D",5,"13","0","1",5,"13 1 0 5",2.98263888888889,"0 1"
"2722","D5","X13",100.9466,2024-02-27 11:38:00,"D",5,"13","0","1",5,"13 1 0 5",7.98819444444444,"0 1"
"2723","D5","X13",28.2266,2024-02-21 11:02:00,"D",5,"13","0","1",5,"13 1 0 5",1.96319444444444,"0 1"
"2724","D5","X13",102.5412,2024-02-26 11:31:00,"D",5,"13","0","1",5,"13 1 0 5",6.98333333333333,"0 1"
"2725","D5","X20",22.8774,2024-02-20 11:03:00,"D",5,"20","0","1",5,"20 1 0 5",0.963888888888889,"0 1"
"2726","D5","X20",136.634,2024-02-28 10:59:00,"D",5,"20","0","1",5,"20 1 0 5",8.96111111111111,"0 1"
"2727","D5","X20",156.27,2024-02-23 11:31:00,"D",5,"20","0","1",5,"20 1 0 5",3.98333333333333,"0 1"
"2728","D5","X20",172.7834,2024-02-25 11:35:00,"D",5,"20","0","1",5,"20 1 0 5",5.98611111111111,"0 1"
"2729","D5","X20",85.512,2024-03-01 11:59:00,"D",5,"20","0","1",5,"20 1 0 5",11.0027777777778,"0 1"
"2730","D5","X20",156.1376,2024-02-24 11:06:00,"D",5,"20","0","1",5,"20 1 0 5",4.96597222222222,"0 1"
"2731","D5","X20",28.9904,2024-02-19 11:55:00,"D",5,"20","0","1",5,"20 1 0 5",0,"0 1"
"2732","D5","X20",120.531,2024-02-29 11:03:00,"D",5,"20","0","1",5,"20 1 0 5",9.96388888888889,"0 1"
"2733","D5","X20",110.6854,2024-02-22 11:30:00,"D",5,"20","0","1",5,"20 1 0 5",2.98263888888889,"0 1"
"2734","D5","X20",179.7172,2024-02-27 11:38:00,"D",5,"20","0","1",5,"20 1 0 5",7.98819444444444,"0 1"
"2735","D5","X20",74.7562,2024-02-21 11:02:00,"D",5,"20","0","1",5,"20 1 0 5",1.96319444444444,"0 1"
"2736","D5","X20",160.209,2024-02-26 11:31:00,"D",5,"20","0","1",5,"20 1 0 5",6.98333333333333,"0 1"
"2737","D5","X22",31.8218,2024-02-20 11:03:00,"D",5,"22","0","1",5,"22 1 0 5",0.963888888888889,"0 1"
"2738","D5","X22",131.1324,2024-02-28 10:59:00,"D",5,"22","0","1",5,"22 1 0 5",8.96111111111111,"0 1"
"2739","D5","X22",185.8724,2024-02-23 11:31:00,"D",5,"22","0","1",5,"22 1 0 5",3.98333333333333,"0 1"
"2740","D5","X22",212.7016,2024-02-25 11:35:00,"D",5,"22","0","1",5,"22 1 0 5",5.98611111111111,"0 1"
"2741","D5","X22",82.7204,2024-03-01 11:59:00,"D",5,"22","0","1",5,"22 1 0 5",11.0027777777778,"0 1"
"2742","D5","X22",150.4554,2024-02-24 11:06:00,"D",5,"22","0","1",5,"22 1 0 5",4.96597222222222,"0 1"
"2743","D5","X22",31.4408,2024-02-19 11:55:00,"D",5,"22","0","1",5,"22 1 0 5",0,"0 1"
"2744","D5","X22",116.9636,2024-02-29 11:03:00,"D",5,"22","0","1",5,"22 1 0 5",9.96388888888889,"0 1"
"2745","D5","X22",117.2058,2024-02-22 11:30:00,"D",5,"22","0","1",5,"22 1 0 5",2.98263888888889,"0 1"
"2746","D5","X22",191.4802,2024-02-27 11:38:00,"D",5,"22","0","1",5,"22 1 0 5",7.98819444444444,"0 1"
"2747","D5","X22",83.995,2024-02-21 11:02:00,"D",5,"22","0","1",5,"22 1 0 5",1.96319444444444,"0 1"
"2748","D5","X22",202.0812,2024-02-26 11:31:00,"D",5,"22","0","1",5,"22 1 0 5",6.98333333333333,"0 1"
"2749","D5","X25",32.1984,2024-02-20 11:03:00,"D",5,"25","0","1",5,"25 1 0 5",0.963888888888889,"0 1"
"2750","D5","X25",80.634,2024-02-28 10:59:00,"D",5,"25","0","1",5,"25 1 0 5",8.96111111111111,"0 1"
"2751","D5","X25",117.9716,2024-02-23 11:31:00,"D",5,"25","0","1",5,"25 1 0 5",3.98333333333333,"0 1"
"2752","D5","X25",201.7138,2024-02-25 11:35:00,"D",5,"25","0","1",5,"25 1 0 5",5.98611111111111,"0 1"
"2753","D5","X25",59.772,2024-03-01 11:59:00,"D",5,"25","0","1",5,"25 1 0 5",11.0027777777778,"0 1"
"2754","D5","X25",163.7166,2024-02-24 11:06:00,"D",5,"25","0","1",5,"25 1 0 5",4.96597222222222,"0 1"
"2755","D5","X25",30.866,2024-02-19 11:55:00,"D",5,"25","0","1",5,"25 1 0 5",0,"0 1"
"2756","D5","X25",69.2148,2024-02-29 11:03:00,"D",5,"25","0","1",5,"25 1 0 5",9.96388888888889,"0 1"
"2757","D5","X25",120.0752,2024-02-22 11:30:00,"D",5,"25","0","1",5,"25 1 0 5",2.98263888888889,"0 1"
"2758","D5","X25",111.545,2024-02-27 11:38:00,"D",5,"25","0","1",5,"25 1 0 5",7.98819444444444,"0 1"
"2759","D5","X25",81.787,2024-02-21 11:02:00,"D",5,"25","0","1",5,"25 1 0 5",1.96319444444444,"0 1"
"2760","D5","X25",132.2848,2024-02-26 11:31:00,"D",5,"25","0","1",5,"25 1 0 5",6.98333333333333,"0 1"
"2761","D5","X27",14.0978,2024-02-20 11:03:00,"D",5,"27","0","1",5,"27 1 0 5",0.963888888888889,"0 1"
"2762","D5","X27",104.0316,2024-02-28 10:59:00,"D",5,"27","0","1",5,"27 1 0 5",8.96111111111111,"0 1"
"2763","D5","X27",83.4806,2024-02-23 11:31:00,"D",5,"27","0","1",5,"27 1 0 5",3.98333333333333,"0 1"
"2764","D5","X27",113.8178,2024-02-25 11:35:00,"D",5,"27","0","1",5,"27 1 0 5",5.98611111111111,"0 1"
"2765","D5","X27",79.2218,2024-03-01 11:59:00,"D",5,"27","0","1",5,"27 1 0 5",11.0027777777778,"0 1"
"2766","D5","X27",100.6224,2024-02-24 11:06:00,"D",5,"27","0","1",5,"27 1 0 5",4.96597222222222,"0 1"
"2767","D5","X27",25.5546,2024-02-19 11:55:00,"D",5,"27","0","1",5,"27 1 0 5",0,"0 1"
"2768","D5","X27",88.9302,2024-02-29 11:03:00,"D",5,"27","0","1",5,"27 1 0 5",9.96388888888889,"0 1"
"2769","D5","X27",65.2304,2024-02-22 11:30:00,"D",5,"27","0","1",5,"27 1 0 5",2.98263888888889,"0 1"
"2770","D5","X27",133.1424,2024-02-27 11:38:00,"D",5,"27","0","1",5,"27 1 0 5",7.98819444444444,"0 1"
"2771","D5","X27",37.2942,2024-02-21 11:02:00,"D",5,"27","0","1",5,"27 1 0 5",1.96319444444444,"0 1"
"2772","D5","X27",102.4032,2024-02-26 11:31:00,"D",5,"27","0","1",5,"27 1 0 5",6.98333333333333,"0 1"
"2773","D6","A12",35.8372,2024-02-23 11:31:00,"D",6,"12","0","0",6,"12 0 0 6",3.98333333333333,"0 0"
"2774","D6","A12",10.1618,2024-02-20 11:03:00,"D",6,"12","0","0",6,"12 0 0 6",0.963888888888889,"0 0"
"2775","D6","A12",29.564,2024-02-28 10:59:00,"D",6,"12","0","0",6,"12 0 0 6",8.96111111111111,"0 0"
"2776","D6","A12",41.8902,2024-02-24 11:06:00,"D",6,"12","0","0",6,"12 0 0 6",4.96597222222222,"0 0"
"2777","D6","A12",22.6524,2024-02-19 11:55:00,"D",6,"12","0","0",6,"12 0 0 6",0,"0 0"
"2778","D6","A12",42.8008,2024-02-25 11:35:00,"D",6,"12","0","0",6,"12 0 0 6",5.98611111111111,"0 0"
"2779","D6","A12",24.5888,2024-03-01 11:59:00,"D",6,"12","0","0",6,"12 0 0 6",11.0027777777778,"0 0"
"2780","D6","A12",34.7364,2024-02-27 11:38:00,"D",6,"12","0","0",6,"12 0 0 6",7.98819444444444,"0 0"
"2781","D6","A12",15.1076,2024-02-21 11:02:00,"D",6,"12","0","0",6,"12 0 0 6",1.96319444444444,"0 0"
"2782","D6","A12",23.5488,2024-02-22 11:30:00,"D",6,"12","0","0",6,"12 0 0 6",2.98263888888889,"0 0"
"2783","D6","A12",39.0572,2024-02-26 11:31:00,"D",6,"12","0","0",6,"12 0 0 6",6.98333333333333,"0 0"
"2784","D6","A12",27.8102,2024-02-29 11:03:00,"D",6,"12","0","0",6,"12 0 0 6",9.96388888888889,"0 0"
"2785","D6","A16",59.3704,2024-02-23 11:31:00,"D",6,"16","0","0",6,"16 0 0 6",3.98333333333333,"0 0"
"2786","D6","A16",13.0682,2024-02-20 11:03:00,"D",6,"16","0","0",6,"16 0 0 6",0.963888888888889,"0 0"
"2787","D6","A16",34.0224,2024-02-28 10:59:00,"D",6,"16","0","0",6,"16 0 0 6",8.96111111111111,"0 0"
"2788","D6","A16",64.426,2024-02-24 11:06:00,"D",6,"16","0","0",6,"16 0 0 6",4.96597222222222,"0 0"
"2789","D6","A16",24.8912,2024-02-19 11:55:00,"D",6,"16","0","0",6,"16 0 0 6",0,"0 0"
"2790","D6","A16",57.8362,2024-02-25 11:35:00,"D",6,"16","0","0",6,"16 0 0 6",5.98611111111111,"0 0"
"2791","D6","A16",28.171,2024-03-01 11:59:00,"D",6,"16","0","0",6,"16 0 0 6",11.0027777777778,"0 0"
"2792","D6","A16",40.619,2024-02-27 11:38:00,"D",6,"16","0","0",6,"16 0 0 6",7.98819444444444,"0 0"
"2793","D6","A16",27.1992,2024-02-21 11:02:00,"D",6,"16","0","0",6,"16 0 0 6",1.96319444444444,"0 0"
"2794","D6","A16",45.5162,2024-02-22 11:30:00,"D",6,"16","0","0",6,"16 0 0 6",2.98263888888889,"0 0"
"2795","D6","A16",49.8768,2024-02-26 11:31:00,"D",6,"16","0","0",6,"16 0 0 6",6.98333333333333,"0 0"
"2796","D6","A16",31.513,2024-02-29 11:03:00,"D",6,"16","0","0",6,"16 0 0 6",9.96388888888889,"0 0"
"2797","D6","A19",63.0212,2024-02-23 11:31:00,"D",6,"19","0","0",6,"19 0 0 6",3.98333333333333,"0 0"
"2798","D6","A19",19.9432,2024-02-20 11:03:00,"D",6,"19","0","0",6,"19 0 0 6",0.963888888888889,"0 0"
"2799","D6","A19",28.3542,2024-02-28 10:59:00,"D",6,"19","0","0",6,"19 0 0 6",8.96111111111111,"0 0"
"2800","D6","A19",56.8264,2024-02-24 11:06:00,"D",6,"19","0","0",6,"19 0 0 6",4.96597222222222,"0 0"
"2801","D6","A19",24.5208,2024-02-19 11:55:00,"D",6,"19","0","0",6,"19 0 0 6",0,"0 0"
"2802","D6","A19",51.861,2024-02-25 11:35:00,"D",6,"19","0","0",6,"19 0 0 6",5.98611111111111,"0 0"
"2803","D6","A19",29.2852,2024-03-01 11:59:00,"D",6,"19","0","0",6,"19 0 0 6",11.0027777777778,"0 0"
"2804","D6","A19",34.2376,2024-02-27 11:38:00,"D",6,"19","0","0",6,"19 0 0 6",7.98819444444444,"0 0"
"2805","D6","A19",41.1504,2024-02-21 11:02:00,"D",6,"19","0","0",6,"19 0 0 6",1.96319444444444,"0 0"
"2806","D6","A19",56.4354,2024-02-22 11:30:00,"D",6,"19","0","0",6,"19 0 0 6",2.98263888888889,"0 0"
"2807","D6","A19",39.5406,2024-02-26 11:31:00,"D",6,"19","0","0",6,"19 0 0 6",6.98333333333333,"0 0"
"2808","D6","A19",25.9642,2024-02-29 11:03:00,"D",6,"19","0","0",6,"19 0 0 6",9.96388888888889,"0 0"
"2809","D6","A22",74.0172,2024-02-23 11:31:00,"D",6,"22","0","0",6,"22 0 0 6",3.98333333333333,"0 0"
"2810","D6","A22",23.5304,2024-02-20 11:03:00,"D",6,"22","0","0",6,"22 0 0 6",0.963888888888889,"0 0"
"2811","D6","A22",37.1688,2024-02-28 10:59:00,"D",6,"22","0","0",6,"22 0 0 6",8.96111111111111,"0 0"
"2812","D6","A22",83.536,2024-02-24 11:06:00,"D",6,"22","0","0",6,"22 0 0 6",4.96597222222222,"0 0"
"2813","D6","A22",26.0566,2024-02-19 11:55:00,"D",6,"22","0","0",6,"22 0 0 6",0,"0 0"
"2814","D6","A22",74.4146,2024-02-25 11:35:00,"D",6,"22","0","0",6,"22 0 0 6",5.98611111111111,"0 0"
"2815","D6","A22",29.2044,2024-03-01 11:59:00,"D",6,"22","0","0",6,"22 0 0 6",11.0027777777778,"0 0"
"2816","D6","A22",44.9418,2024-02-27 11:38:00,"D",6,"22","0","0",6,"22 0 0 6",7.98819444444444,"0 0"
"2817","D6","A22",50.4446,2024-02-21 11:02:00,"D",6,"22","0","0",6,"22 0 0 6",1.96319444444444,"0 0"
"2818","D6","A22",60.7412,2024-02-22 11:30:00,"D",6,"22","0","0",6,"22 0 0 6",2.98263888888889,"0 0"
"2819","D6","A22",58.0456,2024-02-26 11:31:00,"D",6,"22","0","0",6,"22 0 0 6",6.98333333333333,"0 0"
"2820","D6","A22",32.3684,2024-02-29 11:03:00,"D",6,"22","0","0",6,"22 0 0 6",9.96388888888889,"0 0"
"2821","D6","A25",96.9592,2024-02-23 11:31:00,"D",6,"25","0","0",6,"25 0 0 6",3.98333333333333,"0 0"
"2822","D6","A25",25.3166,2024-02-20 11:03:00,"D",6,"25","0","0",6,"25 0 0 6",0.963888888888889,"0 0"
"2823","D6","A25",33.5812,2024-02-28 10:59:00,"D",6,"25","0","0",6,"25 0 0 6",8.96111111111111,"0 0"
"2824","D6","A25",87.1528,2024-02-24 11:06:00,"D",6,"25","0","0",6,"25 0 0 6",4.96597222222222,"0 0"
"2825","D6","A25",23.5112,2024-02-19 11:55:00,"D",6,"25","0","0",6,"25 0 0 6",0,"0 0"
"2826","D6","A25",65.7436,2024-02-25 11:35:00,"D",6,"25","0","0",6,"25 0 0 6",5.98611111111111,"0 0"
"2827","D6","A25",28.9482,2024-03-01 11:59:00,"D",6,"25","0","0",6,"25 0 0 6",11.0027777777778,"0 0"
"2828","D6","A25",37.1436,2024-02-27 11:38:00,"D",6,"25","0","0",6,"25 0 0 6",7.98819444444444,"0 0"
"2829","D6","A25",49.9368,2024-02-21 11:02:00,"D",6,"25","0","0",6,"25 0 0 6",1.96319444444444,"0 0"
"2830","D6","A25",71.8374,2024-02-22 11:30:00,"D",6,"25","0","0",6,"25 0 0 6",2.98263888888889,"0 0"
"2831","D6","A25",47.8144,2024-02-26 11:31:00,"D",6,"25","0","0",6,"25 0 0 6",6.98333333333333,"0 0"
"2832","D6","A25",31.0866,2024-02-29 11:03:00,"D",6,"25","0","0",6,"25 0 0 6",9.96388888888889,"0 0"
"2833","D6","A27",53.2498,2024-02-23 11:31:00,"D",6,"27","0","0",6,"27 0 0 6",3.98333333333333,"0 0"
"2834","D6","A27",15.617,2024-02-20 11:03:00,"D",6,"27","0","0",6,"27 0 0 6",0.963888888888889,"0 0"
"2835","D6","A27",22.8928,2024-02-28 10:59:00,"D",6,"27","0","0",6,"27 0 0 6",8.96111111111111,"0 0"
"2836","D6","A27",51.243,2024-02-24 11:06:00,"D",6,"27","0","0",6,"27 0 0 6",4.96597222222222,"0 0"
"2837","D6","A27",17.997,2024-02-19 11:55:00,"D",6,"27","0","0",6,"27 0 0 6",0,"0 0"
"2838","D6","A27",46.1562,2024-02-25 11:35:00,"D",6,"27","0","0",6,"27 0 0 6",5.98611111111111,"0 0"
"2839","D6","A27",16.098,2024-03-01 11:59:00,"D",6,"27","0","0",6,"27 0 0 6",11.0027777777778,"0 0"
"2840","D6","A27",27.4032,2024-02-27 11:38:00,"D",6,"27","0","0",6,"27 0 0 6",7.98819444444444,"0 0"
"2841","D6","A27",27.4428,2024-02-21 11:02:00,"D",6,"27","0","0",6,"27 0 0 6",1.96319444444444,"0 0"
"2842","D6","A27",39.8906,2024-02-22 11:30:00,"D",6,"27","0","0",6,"27 0 0 6",2.98263888888889,"0 0"
"2843","D6","A27",33.8434,2024-02-26 11:31:00,"D",6,"27","0","0",6,"27 0 0 6",6.98333333333333,"0 0"
"2844","D6","A27",19.9612,2024-02-29 11:03:00,"D",6,"27","0","0",6,"27 0 0 6",9.96388888888889,"0 0"
"2845","D6","X13",74.1038,2024-02-23 11:31:00,"D",6,"13","0","1",6,"13 1 0 6",3.98333333333333,"0 1"
"2846","D6","X13",15.4038,2024-02-20 11:03:00,"D",6,"13","0","1",6,"13 1 0 6",0.963888888888889,"0 1"
"2847","D6","X13",81.3732,2024-02-28 10:59:00,"D",6,"13","0","1",6,"13 1 0 6",8.96111111111111,"0 1"
"2848","D6","X13",106.6642,2024-02-24 11:06:00,"D",6,"13","0","1",6,"13 1 0 6",4.96597222222222,"0 1"
"2849","D6","X13",25.1846,2024-02-19 11:55:00,"D",6,"13","0","1",6,"13 1 0 6",0,"0 1"
"2850","D6","X13",99.479,2024-02-25 11:35:00,"D",6,"13","0","1",6,"13 1 0 6",5.98611111111111,"0 1"
"2851","D6","X13",66.0446,2024-03-01 11:59:00,"D",6,"13","0","1",6,"13 1 0 6",11.0027777777778,"0 1"
"2852","D6","X13",93.1752,2024-02-27 11:38:00,"D",6,"13","0","1",6,"13 1 0 6",7.98819444444444,"0 1"
"2853","D6","X13",27.9168,2024-02-21 11:02:00,"D",6,"13","0","1",6,"13 1 0 6",1.96319444444444,"0 1"
"2854","D6","X13",60.722,2024-02-22 11:30:00,"D",6,"13","0","1",6,"13 1 0 6",2.98263888888889,"0 1"
"2855","D6","X13",96.2972,2024-02-26 11:31:00,"D",6,"13","0","1",6,"13 1 0 6",6.98333333333333,"0 1"
"2856","D6","X13",68.0628,2024-02-29 11:03:00,"D",6,"13","0","1",6,"13 1 0 6",9.96388888888889,"0 1"
"2857","D6","X20",151.325,2024-02-23 11:31:00,"D",6,"20","0","1",6,"20 1 0 6",3.98333333333333,"0 1"
"2858","D6","X20",27.314,2024-02-20 11:03:00,"D",6,"20","0","1",6,"20 1 0 6",0.963888888888889,"0 1"
"2859","D6","X20",127.6896,2024-02-28 10:59:00,"D",6,"20","0","1",6,"20 1 0 6",8.96111111111111,"0 1"
"2860","D6","X20",151.329,2024-02-24 11:06:00,"D",6,"20","0","1",6,"20 1 0 6",4.96597222222222,"0 1"
"2861","D6","X20",30.1444,2024-02-19 11:55:00,"D",6,"20","0","1",6,"20 1 0 6",0,"0 1"
"2862","D6","X20",160.6212,2024-02-25 11:35:00,"D",6,"20","0","1",6,"20 1 0 6",5.98611111111111,"0 1"
"2863","D6","X20",84.293,2024-03-01 11:59:00,"D",6,"20","0","1",6,"20 1 0 6",11.0027777777778,"0 1"
"2864","D6","X20",167.211,2024-02-27 11:38:00,"D",6,"20","0","1",6,"20 1 0 6",7.98819444444444,"0 1"
"2865","D6","X20",76.1648,2024-02-21 11:02:00,"D",6,"20","0","1",6,"20 1 0 6",1.96319444444444,"0 1"
"2866","D6","X20",108.1682,2024-02-22 11:30:00,"D",6,"20","0","1",6,"20 1 0 6",2.98263888888889,"0 1"
"2867","D6","X20",141.6504,2024-02-26 11:31:00,"D",6,"20","0","1",6,"20 1 0 6",6.98333333333333,"0 1"
"2868","D6","X20",117.1116,2024-02-29 11:03:00,"D",6,"20","0","1",6,"20 1 0 6",9.96388888888889,"0 1"
"2869","D6","X22",160.3702,2024-02-23 11:31:00,"D",6,"22","0","1",6,"22 1 0 6",3.98333333333333,"0 1"
"2870","D6","X22",31.007,2024-02-20 11:03:00,"D",6,"22","0","1",6,"22 1 0 6",0.963888888888889,"0 1"
"2871","D6","X22",109.6032,2024-02-28 10:59:00,"D",6,"22","0","1",6,"22 1 0 6",8.96111111111111,"0 1"
"2872","D6","X22",123.2006,2024-02-24 11:06:00,"D",6,"22","0","1",6,"22 1 0 6",4.96597222222222,"0 1"
"2873","D6","X22",32.1932,2024-02-19 11:55:00,"D",6,"22","0","1",6,"22 1 0 6",0,"0 1"
"2874","D6","X22",186.6014,2024-02-25 11:35:00,"D",6,"22","0","1",6,"22 1 0 6",5.98611111111111,"0 1"
"2875","D6","X22",70.7308,2024-03-01 11:59:00,"D",6,"22","0","1",6,"22 1 0 6",11.0027777777778,"0 1"
"2876","D6","X22",158.74,2024-02-27 11:38:00,"D",6,"22","0","1",6,"22 1 0 6",7.98819444444444,"0 1"
"2877","D6","X22",84.801,2024-02-21 11:02:00,"D",6,"22","0","1",6,"22 1 0 6",1.96319444444444,"0 1"
"2878","D6","X22",125.5642,2024-02-22 11:30:00,"D",6,"22","0","1",6,"22 1 0 6",2.98263888888889,"0 1"
"2879","D6","X22",172.5336,2024-02-26 11:31:00,"D",6,"22","0","1",6,"22 1 0 6",6.98333333333333,"0 1"
"2880","D6","X22",100.2346,2024-02-29 11:03:00,"D",6,"22","0","1",6,"22 1 0 6",9.96388888888889,"0 1"
"2881","D6","X25",97.5906,2024-02-23 11:31:00,"D",6,"25","0","1",6,"25 1 0 6",3.98333333333333,"0 1"
"2882","D6","X25",31.0116,2024-02-20 11:03:00,"D",6,"25","0","1",6,"25 1 0 6",0.963888888888889,"0 1"
"2883","D6","X25",77.1822,2024-02-28 10:59:00,"D",6,"25","0","1",6,"25 1 0 6",8.96111111111111,"0 1"
"2884","D6","X25",157.3508,2024-02-24 11:06:00,"D",6,"25","0","1",6,"25 1 0 6",4.96597222222222,"0 1"
"2885","D6","X25",29.425,2024-02-19 11:55:00,"D",6,"25","0","1",6,"25 1 0 6",0,"0 1"
"2886","D6","X25",195.0796,2024-02-25 11:35:00,"D",6,"25","0","1",6,"25 1 0 6",5.98611111111111,"0 1"
"2887","D6","X25",58.1164,2024-03-01 11:59:00,"D",6,"25","0","1",6,"25 1 0 6",11.0027777777778,"0 1"
"2888","D6","X25",110.374,2024-02-27 11:38:00,"D",6,"25","0","1",6,"25 1 0 6",7.98819444444444,"0 1"
"2889","D6","X25",74.6488,2024-02-21 11:02:00,"D",6,"25","0","1",6,"25 1 0 6",1.96319444444444,"0 1"
"2890","D6","X25",109.5628,2024-02-22 11:30:00,"D",6,"25","0","1",6,"25 1 0 6",2.98263888888889,"0 1"
"2891","D6","X25",130.7444,2024-02-26 11:31:00,"D",6,"25","0","1",6,"25 1 0 6",6.98333333333333,"0 1"
"2892","D6","X25",68.1818,2024-02-29 11:03:00,"D",6,"25","0","1",6,"25 1 0 6",9.96388888888889,"0 1"
"2893","D6","X27",76.0992,2024-02-23 11:31:00,"D",6,"27","0","1",6,"27 1 0 6",3.98333333333333,"0 1"
"2894","D6","X27",13.1242,2024-02-20 11:03:00,"D",6,"27","0","1",6,"27 1 0 6",0.963888888888889,"0 1"
"2895","D6","X27",107.0796,2024-02-28 10:59:00,"D",6,"27","0","1",6,"27 1 0 6",8.96111111111111,"0 1"
"2896","D6","X27",91.624,2024-02-24 11:06:00,"D",6,"27","0","1",6,"27 1 0 6",4.96597222222222,"0 1"
"2897","D6","X27",24.3676,2024-02-19 11:55:00,"D",6,"27","0","1",6,"27 1 0 6",0,"0 1"
"2898","D6","X27",101.8568,2024-02-25 11:35:00,"D",6,"27","0","1",6,"27 1 0 6",5.98611111111111,"0 1"
"2899","D6","X27",77.3128,2024-03-01 11:59:00,"D",6,"27","0","1",6,"27 1 0 6",11.0027777777778,"0 1"
"2900","D6","X27",128.129,2024-02-27 11:38:00,"D",6,"27","0","1",6,"27 1 0 6",7.98819444444444,"0 1"
"2901","D6","X27",36.076,2024-02-21 11:02:00,"D",6,"27","0","1",6,"27 1 0 6",1.96319444444444,"0 1"
"2902","D6","X27",61.061,2024-02-22 11:30:00,"D",6,"27","0","1",6,"27 1 0 6",2.98263888888889,"0 1"
"2903","D6","X27",93.544,2024-02-26 11:31:00,"D",6,"27","0","1",6,"27 1 0 6",6.98333333333333,"0 1"
"2904","D6","X27",86.7832,2024-02-29 11:03:00,"D",6,"27","0","1",6,"27 1 0 6",9.96388888888889,"0 1"
"2905","D7","A12",39.8094,2024-02-23 11:31:00,"D",7,"12","0","0",7,"12 0 0 7",3.98333333333333,"0 0"
"2906","D7","A12",9.5346,2024-02-20 11:03:00,"D",7,"12","0","0",7,"12 0 0 7",0.963888888888889,"0 0"
"2907","D7","A12",15.2078,2024-02-21 11:02:00,"D",7,"12","0","0",7,"12 0 0 7",1.96319444444444,"0 0"
"2908","D7","A12",33.0216,2024-02-28 10:59:00,"D",7,"12","0","0",7,"12 0 0 7",8.96111111111111,"0 0"
"2909","D7","A12",25.36,2024-02-22 11:30:00,"D",7,"12","0","0",7,"12 0 0 7",2.98263888888889,"0 0"
"2910","D7","A12",45.8476,2024-02-24 11:06:00,"D",7,"12","0","0",7,"12 0 0 7",4.96597222222222,"0 0"
"2911","D7","A12",33.2546,2024-02-29 11:03:00,"D",7,"12","0","0",7,"12 0 0 7",9.96388888888889,"0 0"
"2912","D7","A12",46.1014,2024-02-25 11:35:00,"D",7,"12","0","0",7,"12 0 0 7",5.98611111111111,"0 0"
"2913","D7","A12",19.912,2024-02-19 11:55:00,"D",7,"12","0","0",7,"12 0 0 7",0,"0 0"
"2914","D7","A12",38.6626,2024-02-27 11:38:00,"D",7,"12","0","0",7,"12 0 0 7",7.98819444444444,"0 0"
"2915","D7","A12",42.8844,2024-02-26 11:31:00,"D",7,"12","0","0",7,"12 0 0 7",6.98333333333333,"0 0"
"2916","D7","A12",28.1048,2024-03-01 11:59:00,"D",7,"12","0","0",7,"12 0 0 7",11.0027777777778,"0 0"
"2917","D7","A16",62.984,2024-02-23 11:31:00,"D",7,"16","0","0",7,"16 0 0 7",3.98333333333333,"0 0"
"2918","D7","A16",14.5996,2024-02-20 11:03:00,"D",7,"16","0","0",7,"16 0 0 7",0.963888888888889,"0 0"
"2919","D7","A16",30.6228,2024-02-21 11:02:00,"D",7,"16","0","0",7,"16 0 0 7",1.96319444444444,"0 0"
"2920","D7","A16",36.1416,2024-02-28 10:59:00,"D",7,"16","0","0",7,"16 0 0 7",8.96111111111111,"0 0"
"2921","D7","A16",50.5334,2024-02-22 11:30:00,"D",7,"16","0","0",7,"16 0 0 7",2.98263888888889,"0 0"
"2922","D7","A16",66.95,2024-02-24 11:06:00,"D",7,"16","0","0",7,"16 0 0 7",4.96597222222222,"0 0"
"2923","D7","A16",35.1852,2024-02-29 11:03:00,"D",7,"16","0","0",7,"16 0 0 7",9.96388888888889,"0 0"
"2924","D7","A16",60.2532,2024-02-25 11:35:00,"D",7,"16","0","0",7,"16 0 0 7",5.98611111111111,"0 0"
"2925","D7","A16",25.8866,2024-02-19 11:55:00,"D",7,"16","0","0",7,"16 0 0 7",0,"0 0"
"2926","D7","A16",43.4116,2024-02-27 11:38:00,"D",7,"16","0","0",7,"16 0 0 7",7.98819444444444,"0 0"
"2927","D7","A16",50.11,2024-02-26 11:31:00,"D",7,"16","0","0",7,"16 0 0 7",6.98333333333333,"0 0"
"2928","D7","A16",30.494,2024-03-01 11:59:00,"D",7,"16","0","0",7,"16 0 0 7",11.0027777777778,"0 0"
"2929","D7","A19",77.0706,2024-02-23 11:31:00,"D",7,"19","0","0",7,"19 0 0 7",3.98333333333333,"0 0"
"2930","D7","A19",18.5876,2024-02-20 11:03:00,"D",7,"19","0","0",7,"19 0 0 7",0.963888888888889,"0 0"
"2931","D7","A19",42.576,2024-02-21 11:02:00,"D",7,"19","0","0",7,"19 0 0 7",1.96319444444444,"0 0"
"2932","D7","A19",35.4638,2024-02-28 10:59:00,"D",7,"19","0","0",7,"19 0 0 7",8.96111111111111,"0 0"
"2933","D7","A19",63.1392,2024-02-22 11:30:00,"D",7,"19","0","0",7,"19 0 0 7",2.98263888888889,"0 0"
"2934","D7","A19",69.4424,2024-02-24 11:06:00,"D",7,"19","0","0",7,"19 0 0 7",4.96597222222222,"0 0"
"2935","D7","A19",34.562,2024-02-29 11:03:00,"D",7,"19","0","0",7,"19 0 0 7",9.96388888888889,"0 0"
"2936","D7","A19",67.6144,2024-02-25 11:35:00,"D",7,"19","0","0",7,"19 0 0 7",5.98611111111111,"0 0"
"2937","D7","A19",20.5062,2024-02-19 11:55:00,"D",7,"19","0","0",7,"19 0 0 7",0,"0 0"
"2938","D7","A19",42.252,2024-02-27 11:38:00,"D",7,"19","0","0",7,"19 0 0 7",7.98819444444444,"0 0"
"2939","D7","A19",49.2874,2024-02-26 11:31:00,"D",7,"19","0","0",7,"19 0 0 7",6.98333333333333,"0 0"
"2940","D7","A19",44.343,2024-03-01 11:59:00,"D",7,"19","0","0",7,"19 0 0 7",11.0027777777778,"0 0"
"2941","D7","A22",78.5026,2024-02-23 11:31:00,"D",7,"22","0","0",7,"22 0 0 7",3.98333333333333,"0 0"
"2942","D7","A22",23.7326,2024-02-20 11:03:00,"D",7,"22","0","0",7,"22 0 0 7",0.963888888888889,"0 0"
"2943","D7","A22",51.9522,2024-02-21 11:02:00,"D",7,"22","0","0",7,"22 0 0 7",1.96319444444444,"0 0"
"2944","D7","A22",40.5562,2024-02-28 10:59:00,"D",7,"22","0","0",7,"22 0 0 7",8.96111111111111,"0 0"
"2945","D7","A22",61.2422,2024-02-22 11:30:00,"D",7,"22","0","0",7,"22 0 0 7",2.98263888888889,"0 0"
"2946","D7","A22",92.3134,2024-02-24 11:06:00,"D",7,"22","0","0",7,"22 0 0 7",4.96597222222222,"0 0"
"2947","D7","A22",34.5584,2024-02-29 11:03:00,"D",7,"22","0","0",7,"22 0 0 7",9.96388888888889,"0 0"
"2948","D7","A22",78.9262,2024-02-25 11:35:00,"D",7,"22","0","0",7,"22 0 0 7",5.98611111111111,"0 0"
"2949","D7","A22",23.8674,2024-02-19 11:55:00,"D",7,"22","0","0",7,"22 0 0 7",0,"0 0"
"2950","D7","A22",51.3118,2024-02-27 11:38:00,"D",7,"22","0","0",7,"22 0 0 7",7.98819444444444,"0 0"
"2951","D7","A22",65.023,2024-02-26 11:31:00,"D",7,"22","0","0",7,"22 0 0 7",6.98333333333333,"0 0"
"2952","D7","A22",31.4716,2024-03-01 11:59:00,"D",7,"22","0","0",7,"22 0 0 7",11.0027777777778,"0 0"
"2953","D7","A25",86.127,2024-02-23 11:31:00,"D",7,"25","0","0",7,"25 0 0 7",3.98333333333333,"0 0"
"2954","D7","A25",21.8996,2024-02-20 11:03:00,"D",7,"25","0","0",7,"25 0 0 7",0.963888888888889,"0 0"
"2955","D7","A25",44.9768,2024-02-21 11:02:00,"D",7,"25","0","0",7,"25 0 0 7",1.96319444444444,"0 0"
"2956","D7","A25",28.912,2024-02-28 10:59:00,"D",7,"25","0","0",7,"25 0 0 7",8.96111111111111,"0 0"
"2957","D7","A25",63.605,2024-02-22 11:30:00,"D",7,"25","0","0",7,"25 0 0 7",2.98263888888889,"0 0"
"2958","D7","A25",76.6054,2024-02-24 11:06:00,"D",7,"25","0","0",7,"25 0 0 7",4.96597222222222,"0 0"
"2959","D7","A25",27.683,2024-02-29 11:03:00,"D",7,"25","0","0",7,"25 0 0 7",9.96388888888889,"0 0"
"2960","D7","A25",58.0912,2024-02-25 11:35:00,"D",7,"25","0","0",7,"25 0 0 7",5.98611111111111,"0 0"
"2961","D7","A25",21.7422,2024-02-19 11:55:00,"D",7,"25","0","0",7,"25 0 0 7",0,"0 0"
"2962","D7","A25",30.3914,2024-02-27 11:38:00,"D",7,"25","0","0",7,"25 0 0 7",7.98819444444444,"0 0"
"2963","D7","A25",38.2544,2024-02-26 11:31:00,"D",7,"25","0","0",7,"25 0 0 7",6.98333333333333,"0 0"
"2964","D7","A25",25.7358,2024-03-01 11:59:00,"D",7,"25","0","0",7,"25 0 0 7",11.0027777777778,"0 0"
"2965","D7","A27",57.6068,2024-02-23 11:31:00,"D",7,"27","0","0",7,"27 0 0 7",3.98333333333333,"0 0"
"2966","D7","A27",16.0214,2024-02-20 11:03:00,"D",7,"27","0","0",7,"27 0 0 7",0.963888888888889,"0 0"
"2967","D7","A27",28.687,2024-02-21 11:02:00,"D",7,"27","0","0",7,"27 0 0 7",1.96319444444444,"0 0"
"2968","D7","A27",23.5776,2024-02-28 10:59:00,"D",7,"27","0","0",7,"27 0 0 7",8.96111111111111,"0 0"
"2969","D7","A27",42.578,2024-02-22 11:30:00,"D",7,"27","0","0",7,"27 0 0 7",2.98263888888889,"0 0"
"2970","D7","A27",54.786,2024-02-24 11:06:00,"D",7,"27","0","0",7,"27 0 0 7",4.96597222222222,"0 0"
"2971","D7","A27",19.2926,2024-02-29 11:03:00,"D",7,"27","0","0",7,"27 0 0 7",9.96388888888889,"0 0"
"2972","D7","A27",49.0256,2024-02-25 11:35:00,"D",7,"27","0","0",7,"27 0 0 7",5.98611111111111,"0 0"
"2973","D7","A27",17.5524,2024-02-19 11:55:00,"D",7,"27","0","0",7,"27 0 0 7",0,"0 0"
"2974","D7","A27",29.9298,2024-02-27 11:38:00,"D",7,"27","0","0",7,"27 0 0 7",7.98819444444444,"0 0"
"2975","D7","A27",37.3532,2024-02-26 11:31:00,"D",7,"27","0","0",7,"27 0 0 7",6.98333333333333,"0 0"
"2976","D7","A27",16.131,2024-03-01 11:59:00,"D",7,"27","0","0",7,"27 0 0 7",11.0027777777778,"0 0"
"2977","D7","X13",72.2304,2024-02-23 11:31:00,"D",7,"13","0","1",7,"13 1 0 7",3.98333333333333,"0 1"
"2978","D7","X13",15.8242,2024-02-20 11:03:00,"D",7,"13","0","1",7,"13 1 0 7",0.963888888888889,"0 1"
"2979","D7","X13",28.7168,2024-02-21 11:02:00,"D",7,"13","0","1",7,"13 1 0 7",1.96319444444444,"0 1"
"2980","D7","X13",75.2244,2024-02-28 10:59:00,"D",7,"13","0","1",7,"13 1 0 7",8.96111111111111,"0 1"
"2981","D7","X13",62.9114,2024-02-22 11:30:00,"D",7,"13","0","1",7,"13 1 0 7",2.98263888888889,"0 1"
"2982","D7","X13",98.6838,2024-02-24 11:06:00,"D",7,"13","0","1",7,"13 1 0 7",4.96597222222222,"0 1"
"2983","D7","X13",61.2166,2024-02-29 11:03:00,"D",7,"13","0","1",7,"13 1 0 7",9.96388888888889,"0 1"
"2984","D7","X13",85.8314,2024-02-25 11:35:00,"D",7,"13","0","1",7,"13 1 0 7",5.98611111111111,"0 1"
"2985","D7","X13",24.7258,2024-02-19 11:55:00,"D",7,"13","0","1",7,"13 1 0 7",0,"0 1"
"2986","D7","X13",82.0766,2024-02-27 11:38:00,"D",7,"13","0","1",7,"13 1 0 7",7.98819444444444,"0 1"
"2987","D7","X13",86.9702,2024-02-26 11:31:00,"D",7,"13","0","1",7,"13 1 0 7",6.98333333333333,"0 1"
"2988","D7","X13",59.9224,2024-03-01 11:59:00,"D",7,"13","0","1",7,"13 1 0 7",11.0027777777778,"0 1"
"2989","D7","X20",138.4554,2024-02-23 11:31:00,"D",7,"20","0","1",7,"20 1 0 7",3.98333333333333,"0 1"
"2990","D7","X20",25.8826,2024-02-20 11:03:00,"D",7,"20","0","1",7,"20 1 0 7",0.963888888888889,"0 1"
"2991","D7","X20",69.2684,2024-02-21 11:02:00,"D",7,"20","0","1",7,"20 1 0 7",1.96319444444444,"0 1"
"2992","D7","X20",111.6126,2024-02-28 10:59:00,"D",7,"20","0","1",7,"20 1 0 7",8.96111111111111,"0 1"
"2993","D7","X20",103.3598,2024-02-22 11:30:00,"D",7,"20","0","1",7,"20 1 0 7",2.98263888888889,"0 1"
"2994","D7","X20",139.7124,2024-02-24 11:06:00,"D",7,"20","0","1",7,"20 1 0 7",4.96597222222222,"0 1"
"2995","D7","X20",107.6658,2024-02-29 11:03:00,"D",7,"20","0","1",7,"20 1 0 7",9.96388888888889,"0 1"
"2996","D7","X20",143.3244,2024-02-25 11:35:00,"D",7,"20","0","1",7,"20 1 0 7",5.98611111111111,"0 1"
"2997","D7","X20",27.9286,2024-02-19 11:55:00,"D",7,"20","0","1",7,"20 1 0 7",0,"0 1"
"2998","D7","X20",151.8156,2024-02-27 11:38:00,"D",7,"20","0","1",7,"20 1 0 7",7.98819444444444,"0 1"
"2999","D7","X20",119.8856,2024-02-26 11:31:00,"D",7,"20","0","1",7,"20 1 0 7",6.98333333333333,"0 1"
"3000","D7","X20",79.1732,2024-03-01 11:59:00,"D",7,"20","0","1",7,"20 1 0 7",11.0027777777778,"0 1"
"3001","D7","X22",174.1638,2024-02-23 11:31:00,"D",7,"22","0","1",7,"22 1 0 7",3.98333333333333,"0 1"
"3002","D7","X22",31.0342,2024-02-20 11:03:00,"D",7,"22","0","1",7,"22 1 0 7",0.963888888888889,"0 1"
"3003","D7","X22",82.394,2024-02-21 11:02:00,"D",7,"22","0","1",7,"22 1 0 7",1.96319444444444,"0 1"
"3004","D7","X22",117.1346,2024-02-28 10:59:00,"D",7,"22","0","1",7,"22 1 0 7",8.96111111111111,"0 1"
"3005","D7","X22",120.4286,2024-02-22 11:30:00,"D",7,"22","0","1",7,"22 1 0 7",2.98263888888889,"0 1"
"3006","D7","X22",127.953,2024-02-24 11:06:00,"D",7,"22","0","1",7,"22 1 0 7",4.96597222222222,"0 1"
"3007","D7","X22",106.3702,2024-02-29 11:03:00,"D",7,"22","0","1",7,"22 1 0 7",9.96388888888889,"0 1"
"3008","D7","X22",179.993,2024-02-25 11:35:00,"D",7,"22","0","1",7,"22 1 0 7",5.98611111111111,"0 1"
"3009","D7","X22",31.5462,2024-02-19 11:55:00,"D",7,"22","0","1",7,"22 1 0 7",0,"0 1"
"3010","D7","X22",176.3038,2024-02-27 11:38:00,"D",7,"22","0","1",7,"22 1 0 7",7.98819444444444,"0 1"
"3011","D7","X22",182.916,2024-02-26 11:31:00,"D",7,"22","0","1",7,"22 1 0 7",6.98333333333333,"0 1"
"3012","D7","X22",74.364,2024-03-01 11:59:00,"D",7,"22","0","1",7,"22 1 0 7",11.0027777777778,"0 1"
"3013","D7","X25",95.4614,2024-02-23 11:31:00,"D",7,"25","0","1",7,"25 1 0 7",3.98333333333333,"0 1"
"3014","D7","X25",30.4966,2024-02-20 11:03:00,"D",7,"25","0","1",7,"25 1 0 7",0.963888888888889,"0 1"
"3015","D7","X25",72.3786,2024-02-21 11:02:00,"D",7,"25","0","1",7,"25 1 0 7",1.96319444444444,"0 1"
"3016","D7","X25",80.4214,2024-02-28 10:59:00,"D",7,"25","0","1",7,"25 1 0 7",8.96111111111111,"0 1"
"3017","D7","X25",107.216,2024-02-22 11:30:00,"D",7,"25","0","1",7,"25 1 0 7",2.98263888888889,"0 1"
"3018","D7","X25",160.5426,2024-02-24 11:06:00,"D",7,"25","0","1",7,"25 1 0 7",4.96597222222222,"0 1"
"3019","D7","X25",69.7188,2024-02-29 11:03:00,"D",7,"25","0","1",7,"25 1 0 7",9.96388888888889,"0 1"
"3020","D7","X25",197.3328,2024-02-25 11:35:00,"D",7,"25","0","1",7,"25 1 0 7",5.98611111111111,"0 1"
"3021","D7","X25",28.9432,2024-02-19 11:55:00,"D",7,"25","0","1",7,"25 1 0 7",0,"0 1"
"3022","D7","X25",108.2266,2024-02-27 11:38:00,"D",7,"25","0","1",7,"25 1 0 7",7.98819444444444,"0 1"
"3023","D7","X25",129.8858,2024-02-26 11:31:00,"D",7,"25","0","1",7,"25 1 0 7",6.98333333333333,"0 1"
"3024","D7","X25",57.459,2024-03-01 11:59:00,"D",7,"25","0","1",7,"25 1 0 7",11.0027777777778,"0 1"
"3025","D7","X27",77.6462,2024-02-23 11:31:00,"D",7,"27","0","1",7,"27 1 0 7",3.98333333333333,"0 1"
"3026","D7","X27",18.7128,2024-02-20 11:03:00,"D",7,"27","0","1",7,"27 1 0 7",0.963888888888889,"0 1"
"3027","D7","X27",37.4038,2024-02-21 11:02:00,"D",7,"27","0","1",7,"27 1 0 7",1.96319444444444,"0 1"
"3028","D7","X27",106.87,2024-02-28 10:59:00,"D",7,"27","0","1",7,"27 1 0 7",8.96111111111111,"0 1"
"3029","D7","X27",60.6284,2024-02-22 11:30:00,"D",7,"27","0","1",7,"27 1 0 7",2.98263888888889,"0 1"
"3030","D7","X27",92.5468,2024-02-24 11:06:00,"D",7,"27","0","1",7,"27 1 0 7",4.96597222222222,"0 1"
"3031","D7","X27",80.9268,2024-02-29 11:03:00,"D",7,"27","0","1",7,"27 1 0 7",9.96388888888889,"0 1"
"3032","D7","X27",104.999,2024-02-25 11:35:00,"D",7,"27","0","1",7,"27 1 0 7",5.98611111111111,"0 1"
"3033","D7","X27",25.1688,2024-02-19 11:55:00,"D",7,"27","0","1",7,"27 1 0 7",0,"0 1"
"3034","D7","X27",128.2738,2024-02-27 11:38:00,"D",7,"27","0","1",7,"27 1 0 7",7.98819444444444,"0 1"
"3035","D7","X27",94.6484,2024-02-26 11:31:00,"D",7,"27","0","1",7,"27 1 0 7",6.98333333333333,"0 1"
"3036","D7","X27",74.827,2024-03-01 11:59:00,"D",7,"27","0","1",7,"27 1 0 7",11.0027777777778,"0 1"
"3037","D8","A12",43.1604,2024-02-24 11:06:00,"D",8,"12","0","0",8,"12 0 0 8",4.96597222222222,"0 0"
"3038","D8","A12",33.4926,2024-02-28 10:59:00,"D",8,"12","0","0",8,"12 0 0 8",8.96111111111111,"0 0"
"3039","D8","A12",19.5064,2024-02-19 11:55:00,"D",8,"12","0","0",8,"12 0 0 8",0,"0 0"
"3040","D8","A12",40.8054,2024-02-26 11:31:00,"D",8,"12","0","0",8,"12 0 0 8",6.98333333333333,"0 0"
"3041","D8","A12",37.9194,2024-02-23 11:31:00,"D",8,"12","0","0",8,"12 0 0 8",3.98333333333333,"0 0"
"3042","D8","A12",39.4226,2024-02-25 11:35:00,"D",8,"12","0","0",8,"12 0 0 8",5.98611111111111,"0 0"
"3043","D8","A12",22.4878,2024-02-22 11:30:00,"D",8,"12","0","0",8,"12 0 0 8",2.98263888888889,"0 0"
"3044","D8","A12",39.0904,2024-02-27 11:38:00,"D",8,"12","0","0",8,"12 0 0 8",7.98819444444444,"0 0"
"3045","D8","A12",8.0866,2024-02-20 11:03:00,"D",8,"12","0","0",8,"12 0 0 8",0.963888888888889,"0 0"
"3046","D8","A12",13.873,2024-02-21 11:02:00,"D",8,"12","0","0",8,"12 0 0 8",1.96319444444444,"0 0"
"3047","D8","A12",27.6012,2024-02-29 11:03:00,"D",8,"12","0","0",8,"12 0 0 8",9.96388888888889,"0 0"
"3048","D8","A12",25.1832,2024-03-01 11:59:00,"D",8,"12","0","0",8,"12 0 0 8",11.0027777777778,"0 0"
"3049","D8","A16",74.0228,2024-02-24 11:06:00,"D",8,"16","0","0",8,"16 0 0 8",4.96597222222222,"0 0"
"3050","D8","A16",44.4888,2024-02-28 10:59:00,"D",8,"16","0","0",8,"16 0 0 8",8.96111111111111,"0 0"
"3051","D8","A16",23.4978,2024-02-19 11:55:00,"D",8,"16","0","0",8,"16 0 0 8",0,"0 0"
"3052","D8","A16",71.2776,2024-02-26 11:31:00,"D",8,"16","0","0",8,"16 0 0 8",6.98333333333333,"0 0"
"3053","D8","A16",66.6704,2024-02-23 11:31:00,"D",8,"16","0","0",8,"16 0 0 8",3.98333333333333,"0 0"
"3054","D8","A16",74.9564,2024-02-25 11:35:00,"D",8,"16","0","0",8,"16 0 0 8",5.98611111111111,"0 0"
"3055","D8","A16",54.241,2024-02-22 11:30:00,"D",8,"16","0","0",8,"16 0 0 8",2.98263888888889,"0 0"
"3056","D8","A16",55.1334,2024-02-27 11:38:00,"D",8,"16","0","0",8,"16 0 0 8",7.98819444444444,"0 0"
"3057","D8","A16",14.45,2024-02-20 11:03:00,"D",8,"16","0","0",8,"16 0 0 8",0.963888888888889,"0 0"
"3058","D8","A16",31.367,2024-02-21 11:02:00,"D",8,"16","0","0",8,"16 0 0 8",1.96319444444444,"0 0"
"3059","D8","A16",40.684,2024-02-29 11:03:00,"D",8,"16","0","0",8,"16 0 0 8",9.96388888888889,"0 0"
"3060","D8","A16",33.3764,2024-03-01 11:59:00,"D",8,"16","0","0",8,"16 0 0 8",11.0027777777778,"0 0"
"3061","D8","A19",70.0378,2024-02-24 11:06:00,"D",8,"19","0","0",8,"19 0 0 8",4.96597222222222,"0 0"
"3062","D8","A19",31.9128,2024-02-28 10:59:00,"D",8,"19","0","0",8,"19 0 0 8",8.96111111111111,"0 0"
"3063","D8","A19",22.0346,2024-02-19 11:55:00,"D",8,"19","0","0",8,"19 0 0 8",0,"0 0"
"3064","D8","A19",48.977,2024-02-26 11:31:00,"D",8,"19","0","0",8,"19 0 0 8",6.98333333333333,"0 0"
"3065","D8","A19",73.5094,2024-02-23 11:31:00,"D",8,"19","0","0",8,"19 0 0 8",3.98333333333333,"0 0"
"3066","D8","A19",66.5684,2024-02-25 11:35:00,"D",8,"19","0","0",8,"19 0 0 8",5.98611111111111,"0 0"
"3067","D8","A19",52.344,2024-02-22 11:30:00,"D",8,"19","0","0",8,"19 0 0 8",2.98263888888889,"0 0"
"3068","D8","A19",41.0384,2024-02-27 11:38:00,"D",8,"19","0","0",8,"19 0 0 8",7.98819444444444,"0 0"
"3069","D8","A19",14.9698,2024-02-20 11:03:00,"D",8,"19","0","0",8,"19 0 0 8",0.963888888888889,"0 0"
"3070","D8","A19",35.9402,2024-02-21 11:02:00,"D",8,"19","0","0",8,"19 0 0 8",1.96319444444444,"0 0"
"3071","D8","A19",29.8282,2024-02-29 11:03:00,"D",8,"19","0","0",8,"19 0 0 8",9.96388888888889,"0 0"
"3072","D8","A19",31.9276,2024-03-01 11:59:00,"D",8,"19","0","0",8,"19 0 0 8",11.0027777777778,"0 0"
"3073","D8","A22",75.7258,2024-02-24 11:06:00,"D",8,"22","0","0",8,"22 0 0 8",4.96597222222222,"0 0"
"3074","D8","A22",29.8348,2024-02-28 10:59:00,"D",8,"22","0","0",8,"22 0 0 8",8.96111111111111,"0 0"
"3075","D8","A22",24.9912,2024-02-19 11:55:00,"D",8,"22","0","0",8,"22 0 0 8",0,"0 0"
"3076","D8","A22",45.6116,2024-02-26 11:31:00,"D",8,"22","0","0",8,"22 0 0 8",6.98333333333333,"0 0"
"3077","D8","A22",63.0842,2024-02-23 11:31:00,"D",8,"22","0","0",8,"22 0 0 8",3.98333333333333,"0 0"
"3078","D8","A22",64.0594,2024-02-25 11:35:00,"D",8,"22","0","0",8,"22 0 0 8",5.98611111111111,"0 0"
"3079","D8","A22",54.6818,2024-02-22 11:30:00,"D",8,"22","0","0",8,"22 0 0 8",2.98263888888889,"0 0"
"3080","D8","A22",33.9262,2024-02-27 11:38:00,"D",8,"22","0","0",8,"22 0 0 8",7.98819444444444,"0 0"
"3081","D8","A22",20.0808,2024-02-20 11:03:00,"D",8,"22","0","0",8,"22 0 0 8",0.963888888888889,"0 0"
"3082","D8","A22",48.0836,2024-02-21 11:02:00,"D",8,"22","0","0",8,"22 0 0 8",1.96319444444444,"0 0"
"3083","D8","A22",27.233,2024-02-29 11:03:00,"D",8,"22","0","0",8,"22 0 0 8",9.96388888888889,"0 0"
"3084","D8","A22",25.1012,2024-03-01 11:59:00,"D",8,"22","0","0",8,"22 0 0 8",11.0027777777778,"0 0"
"3085","D8","A25",61.79,2024-02-24 11:06:00,"D",8,"25","0","0",8,"25 0 0 8",4.96597222222222,"0 0"
"3086","D8","A25",24.8368,2024-02-28 10:59:00,"D",8,"25","0","0",8,"25 0 0 8",8.96111111111111,"0 0"
"3087","D8","A25",22.1204,2024-02-19 11:55:00,"D",8,"25","0","0",8,"25 0 0 8",0,"0 0"
"3088","D8","A25",32.45,2024-02-26 11:31:00,"D",8,"25","0","0",8,"25 0 0 8",6.98333333333333,"0 0"
"3089","D8","A25",74.0082,2024-02-23 11:31:00,"D",8,"25","0","0",8,"25 0 0 8",3.98333333333333,"0 0"
"3090","D8","A25",47.8916,2024-02-25 11:35:00,"D",8,"25","0","0",8,"25 0 0 8",5.98611111111111,"0 0"
"3091","D8","A25",58.107,2024-02-22 11:30:00,"D",8,"25","0","0",8,"25 0 0 8",2.98263888888889,"0 0"
"3092","D8","A25",26.9738,2024-02-27 11:38:00,"D",8,"25","0","0",8,"25 0 0 8",7.98819444444444,"0 0"
"3093","D8","A25",19.9174,2024-02-20 11:03:00,"D",8,"25","0","0",8,"25 0 0 8",0.963888888888889,"0 0"
"3094","D8","A25",43.8302,2024-02-21 11:02:00,"D",8,"25","0","0",8,"25 0 0 8",1.96319444444444,"0 0"
"3095","D8","A25",23.24,2024-02-29 11:03:00,"D",8,"25","0","0",8,"25 0 0 8",9.96388888888889,"0 0"
"3096","D8","A25",23.0312,2024-03-01 11:59:00,"D",8,"25","0","0",8,"25 0 0 8",11.0027777777778,"0 0"
"3097","D8","A27",52.5054,2024-02-24 11:06:00,"D",8,"27","0","0",8,"27 0 0 8",4.96597222222222,"0 0"
"3098","D8","A27",19.0802,2024-02-28 10:59:00,"D",8,"27","0","0",8,"27 0 0 8",8.96111111111111,"0 0"
"3099","D8","A27",18.0766,2024-02-19 11:55:00,"D",8,"27","0","0",8,"27 0 0 8",0,"0 0"
"3100","D8","A27",28.129,2024-02-26 11:31:00,"D",8,"27","0","0",8,"27 0 0 8",6.98333333333333,"0 0"
"3101","D8","A27",54.6788,2024-02-23 11:31:00,"D",8,"27","0","0",8,"27 0 0 8",3.98333333333333,"0 0"
"3102","D8","A27",40.978,2024-02-25 11:35:00,"D",8,"27","0","0",8,"27 0 0 8",5.98611111111111,"0 0"
"3103","D8","A27",40.1204,2024-02-22 11:30:00,"D",8,"27","0","0",8,"27 0 0 8",2.98263888888889,"0 0"
"3104","D8","A27",22.1666,2024-02-27 11:38:00,"D",8,"27","0","0",8,"27 0 0 8",7.98819444444444,"0 0"
"3105","D8","A27",13.6956,2024-02-20 11:03:00,"D",8,"27","0","0",8,"27 0 0 8",0.963888888888889,"0 0"
"3106","D8","A27",25.3246,2024-02-21 11:02:00,"D",8,"27","0","0",8,"27 0 0 8",1.96319444444444,"0 0"
"3107","D8","A27",16.9796,2024-02-29 11:03:00,"D",8,"27","0","0",8,"27 0 0 8",9.96388888888889,"0 0"
"3108","D8","A27",15.3766,2024-03-01 11:59:00,"D",8,"27","0","0",8,"27 0 0 8",11.0027777777778,"0 0"
"3109","D8","X13",91.8564,2024-02-24 11:06:00,"D",8,"13","0","1",8,"13 1 0 8",4.96597222222222,"0 1"
"3110","D8","X13",68.7248,2024-02-28 10:59:00,"D",8,"13","0","1",8,"13 1 0 8",8.96111111111111,"0 1"
"3111","D8","X13",22.6274,2024-02-19 11:55:00,"D",8,"13","0","1",8,"13 1 0 8",0,"0 1"
"3112","D8","X13",78.2228,2024-02-26 11:31:00,"D",8,"13","0","1",8,"13 1 0 8",6.98333333333333,"0 1"
"3113","D8","X13",62.7196,2024-02-23 11:31:00,"D",8,"13","0","1",8,"13 1 0 8",3.98333333333333,"0 1"
"3114","D8","X13",81.2428,2024-02-25 11:35:00,"D",8,"13","0","1",8,"13 1 0 8",5.98611111111111,"0 1"
"3115","D8","X13",49.2176,2024-02-22 11:30:00,"D",8,"13","0","1",8,"13 1 0 8",2.98263888888889,"0 1"
"3116","D8","X13",81.2638,2024-02-27 11:38:00,"D",8,"13","0","1",8,"13 1 0 8",7.98819444444444,"0 1"
"3117","D8","X13",15.1086,2024-02-20 11:03:00,"D",8,"13","0","1",8,"13 1 0 8",0.963888888888889,"0 1"
"3118","D8","X13",22.9976,2024-02-21 11:02:00,"D",8,"13","0","1",8,"13 1 0 8",1.96319444444444,"0 1"
"3119","D8","X13",56.7706,2024-02-29 11:03:00,"D",8,"13","0","1",8,"13 1 0 8",9.96388888888889,"0 1"
"3120","D8","X13",59.201,2024-03-01 11:59:00,"D",8,"13","0","1",8,"13 1 0 8",11.0027777777778,"0 1"
"3121","D8","X20",125.6628,2024-02-24 11:06:00,"D",8,"20","0","1",8,"20 1 0 8",4.96597222222222,"0 1"
"3122","D8","X20",71.0212,2024-02-28 10:59:00,"D",8,"20","0","1",8,"20 1 0 8",8.96111111111111,"0 1"
"3123","D8","X20",27.3546,2024-02-19 11:55:00,"D",8,"20","0","1",8,"20 1 0 8",0,"0 1"
"3124","D8","X20",97.2824,2024-02-26 11:31:00,"D",8,"20","0","1",8,"20 1 0 8",6.98333333333333,"0 1"
"3125","D8","X20",132.3566,2024-02-23 11:31:00,"D",8,"20","0","1",8,"20 1 0 8",3.98333333333333,"0 1"
"3126","D8","X20",123.8908,2024-02-25 11:35:00,"D",8,"20","0","1",8,"20 1 0 8",5.98611111111111,"0 1"
"3127","D8","X20",97.0476,2024-02-22 11:30:00,"D",8,"20","0","1",8,"20 1 0 8",2.98263888888889,"0 1"
"3128","D8","X20",93.8384,2024-02-27 11:38:00,"D",8,"20","0","1",8,"20 1 0 8",7.98819444444444,"0 1"
"3129","D8","X20",20.3772,2024-02-20 11:03:00,"D",8,"20","0","1",8,"20 1 0 8",0.963888888888889,"0 1"
"3130","D8","X20",67.2686,2024-02-21 11:02:00,"D",8,"20","0","1",8,"20 1 0 8",1.96319444444444,"0 1"
"3131","D8","X20",65.0228,2024-02-29 11:03:00,"D",8,"20","0","1",8,"20 1 0 8",9.96388888888889,"0 1"
"3132","D8","X20",49.7386,2024-03-01 11:59:00,"D",8,"20","0","1",8,"20 1 0 8",11.0027777777778,"0 1"
"3133","D8","X22",128.2384,2024-02-24 11:06:00,"D",8,"22","0","1",8,"22 1 0 8",4.96597222222222,"0 1"
"3134","D8","X22",86.3568,2024-02-28 10:59:00,"D",8,"22","0","1",8,"22 1 0 8",8.96111111111111,"0 1"
"3135","D8","X22",31.2222,2024-02-19 11:55:00,"D",8,"22","0","1",8,"22 1 0 8",0,"0 1"
"3136","D8","X22",164.7486,2024-02-26 11:31:00,"D",8,"22","0","1",8,"22 1 0 8",6.98333333333333,"0 1"
"3137","D8","X22",161.4366,2024-02-23 11:31:00,"D",8,"22","0","1",8,"22 1 0 8",3.98333333333333,"0 1"
"3138","D8","X22",173.9482,2024-02-25 11:35:00,"D",8,"22","0","1",8,"22 1 0 8",5.98611111111111,"0 1"
"3139","D8","X22",105.2908,2024-02-22 11:30:00,"D",8,"22","0","1",8,"22 1 0 8",2.98263888888889,"0 1"
"3140","D8","X22",128.1884,2024-02-27 11:38:00,"D",8,"22","0","1",8,"22 1 0 8",7.98819444444444,"0 1"
"3141","D8","X22",30.1876,2024-02-20 11:03:00,"D",8,"22","0","1",8,"22 1 0 8",0.963888888888889,"0 1"
"3142","D8","X22",80.7352,2024-02-21 11:02:00,"D",8,"22","0","1",8,"22 1 0 8",1.96319444444444,"0 1"
"3143","D8","X22",74.522,2024-02-29 11:03:00,"D",8,"22","0","1",8,"22 1 0 8",9.96388888888889,"0 1"
"3144","D8","X22",58.0156,2024-03-01 11:59:00,"D",8,"22","0","1",8,"22 1 0 8",11.0027777777778,"0 1"
"3145","D8","X25",181.4408,2024-02-24 11:06:00,"D",8,"25","0","1",8,"25 1 0 8",4.96597222222222,"0 1"
"3146","D8","X25",73.355,2024-02-28 10:59:00,"D",8,"25","0","1",8,"25 1 0 8",8.96111111111111,"0 1"
"3147","D8","X25",28.8752,2024-02-19 11:55:00,"D",8,"25","0","1",8,"25 1 0 8",0,"0 1"
"3148","D8","X25",121.5986,2024-02-26 11:31:00,"D",8,"25","0","1",8,"25 1 0 8",6.98333333333333,"0 1"
"3149","D8","X25",137.1932,2024-02-23 11:31:00,"D",8,"25","0","1",8,"25 1 0 8",3.98333333333333,"0 1"
"3150","D8","X25",177.6362,2024-02-25 11:35:00,"D",8,"25","0","1",8,"25 1 0 8",5.98611111111111,"0 1"
"3151","D8","X25",107.4262,2024-02-22 11:30:00,"D",8,"25","0","1",8,"25 1 0 8",2.98263888888889,"0 1"
"3152","D8","X25",99.8042,2024-02-27 11:38:00,"D",8,"25","0","1",8,"25 1 0 8",7.98819444444444,"0 1"
"3153","D8","X25",30.7972,2024-02-20 11:03:00,"D",8,"25","0","1",8,"25 1 0 8",0.963888888888889,"0 1"
"3154","D8","X25",75.9308,2024-02-21 11:02:00,"D",8,"25","0","1",8,"25 1 0 8",1.96319444444444,"0 1"
"3155","D8","X25",63.5276,2024-02-29 11:03:00,"D",8,"25","0","1",8,"25 1 0 8",9.96388888888889,"0 1"
"3156","D8","X25",52.541,2024-03-01 11:59:00,"D",8,"25","0","1",8,"25 1 0 8",11.0027777777778,"0 1"
"3157","D8","X27",96.7554,2024-02-24 11:06:00,"D",8,"27","0","1",8,"27 1 0 8",4.96597222222222,"0 1"
"3158","D8","X27",114.0756,2024-02-28 10:59:00,"D",8,"27","0","1",8,"27 1 0 8",8.96111111111111,"0 1"
"3159","D8","X27",24.2264,2024-02-19 11:55:00,"D",8,"27","0","1",8,"27 1 0 8",0,"0 1"
"3160","D8","X27",101.3734,2024-02-26 11:31:00,"D",8,"27","0","1",8,"27 1 0 8",6.98333333333333,"0 1"
"3161","D8","X27",81.9198,2024-02-23 11:31:00,"D",8,"27","0","1",8,"27 1 0 8",3.98333333333333,"0 1"
"3162","D8","X27",109.3822,2024-02-25 11:35:00,"D",8,"27","0","1",8,"27 1 0 8",5.98611111111111,"0 1"
"3163","D8","X27",67.553,2024-02-22 11:30:00,"D",8,"27","0","1",8,"27 1 0 8",2.98263888888889,"0 1"
"3164","D8","X27",135.7904,2024-02-27 11:38:00,"D",8,"27","0","1",8,"27 1 0 8",7.98819444444444,"0 1"
"3165","D8","X27",20.4328,2024-02-20 11:03:00,"D",8,"27","0","1",8,"27 1 0 8",0.963888888888889,"0 1"
"3166","D8","X27",42.4366,2024-02-21 11:02:00,"D",8,"27","0","1",8,"27 1 0 8",1.96319444444444,"0 1"
"3167","D8","X27",87.6846,2024-02-29 11:03:00,"D",8,"27","0","1",8,"27 1 0 8",9.96388888888889,"0 1"
"3168","D8","X27",79.613,2024-03-01 11:59:00,"D",8,"27","0","1",8,"27 1 0 8",11.0027777777778,"0 1"
"3169","E1","A12",13.5572,2024-02-23 11:31:00,"E",1,"12","0","0",9,"12 0 0 9",3.98333333333333,"0 0"
"3170","E1","A12",20.9652,2024-02-19 11:55:00,"E",1,"12","0","0",9,"12 0 0 9",0,"0 0"
"3171","E1","A12",29.2404,2024-02-29 11:03:00,"E",1,"12","0","0",9,"12 0 0 9",9.96388888888889,"0 0"
"3172","E1","A12",25.817,2024-02-25 11:35:00,"E",1,"12","0","0",9,"12 0 0 9",5.98611111111111,"0 0"
"3173","E1","A12",33.5566,2024-02-27 11:38:00,"E",1,"12","0","0",9,"12 0 0 9",7.98819444444444,"0 0"
"3174","E1","A12",28.9878,2024-02-28 10:59:00,"E",1,"12","0","0",9,"12 0 0 9",8.96111111111111,"0 0"
"3175","E1","A12",24.4256,2024-03-01 11:59:00,"E",1,"12","0","0",9,"12 0 0 9",11.0027777777778,"0 0"
"3176","E1","A12",8.5968,2024-02-22 11:30:00,"E",1,"12","0","0",9,"12 0 0 9",2.98263888888889,"0 0"
"3177","E1","A12",6.314,2024-02-20 11:03:00,"E",1,"12","0","0",9,"12 0 0 9",0.963888888888889,"0 0"
"3178","E1","A12",18.9288,2024-02-24 11:06:00,"E",1,"12","0","0",9,"12 0 0 9",4.96597222222222,"0 0"
"3179","E1","A12",6.9894,2024-02-21 11:02:00,"E",1,"12","0","0",9,"12 0 0 9",1.96319444444444,"0 0"
"3180","E1","A12",30.6646,2024-02-26 11:31:00,"E",1,"12","0","0",9,"12 0 0 9",6.98333333333333,"0 0"
"3181","E1","A16",45.1724,2024-02-23 11:31:00,"E",1,"16","0","0",9,"16 0 0 9",3.98333333333333,"0 0"
"3182","E1","A16",26.1788,2024-02-19 11:55:00,"E",1,"16","0","0",9,"16 0 0 9",0,"0 0"
"3183","E1","A16",29.8384,2024-02-29 11:03:00,"E",1,"16","0","0",9,"16 0 0 9",9.96388888888889,"0 0"
"3184","E1","A16",55.6378,2024-02-25 11:35:00,"E",1,"16","0","0",9,"16 0 0 9",5.98611111111111,"0 0"
"3185","E1","A16",42.5346,2024-02-27 11:38:00,"E",1,"16","0","0",9,"16 0 0 9",7.98819444444444,"0 0"
"3186","E1","A16",36.2086,2024-02-28 10:59:00,"E",1,"16","0","0",9,"16 0 0 9",8.96111111111111,"0 0"
"3187","E1","A16",24.8372,2024-03-01 11:59:00,"E",1,"16","0","0",9,"16 0 0 9",11.0027777777778,"0 0"
"3188","E1","A16",29.9572,2024-02-22 11:30:00,"E",1,"16","0","0",9,"16 0 0 9",2.98263888888889,"0 0"
"3189","E1","A16",11.0488,2024-02-20 11:03:00,"E",1,"16","0","0",9,"16 0 0 9",0.963888888888889,"0 0"
"3190","E1","A16",60.1798,2024-02-24 11:06:00,"E",1,"16","0","0",9,"16 0 0 9",4.96597222222222,"0 0"
"3191","E1","A16",19.158,2024-02-21 11:02:00,"E",1,"16","0","0",9,"16 0 0 9",1.96319444444444,"0 0"
"3192","E1","A16",57.52,2024-02-26 11:31:00,"E",1,"16","0","0",9,"16 0 0 9",6.98333333333333,"0 0"
"3193","E1","A19",59.1952,2024-02-23 11:31:00,"E",1,"19","0","0",9,"19 0 0 9",3.98333333333333,"0 0"
"3194","E1","A19",23.714,2024-02-19 11:55:00,"E",1,"19","0","0",9,"19 0 0 9",0,"0 0"
"3195","E1","A19",28.5846,2024-02-29 11:03:00,"E",1,"19","0","0",9,"19 0 0 9",9.96388888888889,"0 0"
"3196","E1","A19",67.0136,2024-02-25 11:35:00,"E",1,"19","0","0",9,"19 0 0 9",5.98611111111111,"0 0"
"3197","E1","A19",42.1384,2024-02-27 11:38:00,"E",1,"19","0","0",9,"19 0 0 9",7.98819444444444,"0 0"
"3198","E1","A19",34.4476,2024-02-28 10:59:00,"E",1,"19","0","0",9,"19 0 0 9",8.96111111111111,"0 0"
"3199","E1","A19",29.2874,2024-03-01 11:59:00,"E",1,"19","0","0",9,"19 0 0 9",11.0027777777778,"0 0"
"3200","E1","A19",44.5664,2024-02-22 11:30:00,"E",1,"19","0","0",9,"19 0 0 9",2.98263888888889,"0 0"
"3201","E1","A19",14.9818,2024-02-20 11:03:00,"E",1,"19","0","0",9,"19 0 0 9",0.963888888888889,"0 0"
"3202","E1","A19",67.866,2024-02-24 11:06:00,"E",1,"19","0","0",9,"19 0 0 9",4.96597222222222,"0 0"
"3203","E1","A19",28.3364,2024-02-21 11:02:00,"E",1,"19","0","0",9,"19 0 0 9",1.96319444444444,"0 0"
"3204","E1","A19",50.1708,2024-02-26 11:31:00,"E",1,"19","0","0",9,"19 0 0 9",6.98333333333333,"0 0"
"3205","E1","A22",75.7688,2024-02-23 11:31:00,"E",1,"22","0","0",9,"22 0 0 9",3.98333333333333,"0 0"
"3206","E1","A22",25.448,2024-02-19 11:55:00,"E",1,"22","0","0",9,"22 0 0 9",0,"0 0"
"3207","E1","A22",34.4426,2024-02-29 11:03:00,"E",1,"22","0","0",9,"22 0 0 9",9.96388888888889,"0 0"
"3208","E1","A22",84.2744,2024-02-25 11:35:00,"E",1,"22","0","0",9,"22 0 0 9",5.98611111111111,"0 0"
"3209","E1","A22",45.1826,2024-02-27 11:38:00,"E",1,"22","0","0",9,"22 0 0 9",7.98819444444444,"0 0"
"3210","E1","A22",37.7742,2024-02-28 10:59:00,"E",1,"22","0","0",9,"22 0 0 9",8.96111111111111,"0 0"
"3211","E1","A22",31.1472,2024-03-01 11:59:00,"E",1,"22","0","0",9,"22 0 0 9",11.0027777777778,"0 0"
"3212","E1","A22",64.9416,2024-02-22 11:30:00,"E",1,"22","0","0",9,"22 0 0 9",2.98263888888889,"0 0"
"3213","E1","A22",22.3868,2024-02-20 11:03:00,"E",1,"22","0","0",9,"22 0 0 9",0.963888888888889,"0 0"
"3214","E1","A22",92.2896,2024-02-24 11:06:00,"E",1,"22","0","0",9,"22 0 0 9",4.96597222222222,"0 0"
"3215","E1","A22",49.8618,2024-02-21 11:02:00,"E",1,"22","0","0",9,"22 0 0 9",1.96319444444444,"0 0"
"3216","E1","A22",69.7148,2024-02-26 11:31:00,"E",1,"22","0","0",9,"22 0 0 9",6.98333333333333,"0 0"
"3217","E1","A25",77.3522,2024-02-23 11:31:00,"E",1,"25","0","0",9,"25 0 0 9",3.98333333333333,"0 0"
"3218","E1","A25",22.7076,2024-02-19 11:55:00,"E",1,"25","0","0",9,"25 0 0 9",0,"0 0"
"3219","E1","A25",26.8302,2024-02-29 11:03:00,"E",1,"25","0","0",9,"25 0 0 9",9.96388888888889,"0 0"
"3220","E1","A25",64.3802,2024-02-25 11:35:00,"E",1,"25","0","0",9,"25 0 0 9",5.98611111111111,"0 0"
"3221","E1","A25",33.359,2024-02-27 11:38:00,"E",1,"25","0","0",9,"25 0 0 9",7.98819444444444,"0 0"
"3222","E1","A25",29.2282,2024-02-28 10:59:00,"E",1,"25","0","0",9,"25 0 0 9",8.96111111111111,"0 0"
"3223","E1","A25",26.2144,2024-03-01 11:59:00,"E",1,"25","0","0",9,"25 0 0 9",11.0027777777778,"0 0"
"3224","E1","A25",60.908,2024-02-22 11:30:00,"E",1,"25","0","0",9,"25 0 0 9",2.98263888888889,"0 0"
"3225","E1","A25",22.7414,2024-02-20 11:03:00,"E",1,"25","0","0",9,"25 0 0 9",0.963888888888889,"0 0"
"3226","E1","A25",77.7428,2024-02-24 11:06:00,"E",1,"25","0","0",9,"25 0 0 9",4.96597222222222,"0 0"
"3227","E1","A25",52.7274,2024-02-21 11:02:00,"E",1,"25","0","0",9,"25 0 0 9",1.96319444444444,"0 0"
"3228","E1","A25",43.4584,2024-02-26 11:31:00,"E",1,"25","0","0",9,"25 0 0 9",6.98333333333333,"0 0"
"3229","E1","A27",77.1192,2024-02-23 11:31:00,"E",1,"27","0","0",9,"27 0 0 9",3.98333333333333,"0 0"
"3230","E1","A27",18.2392,2024-02-19 11:55:00,"E",1,"27","0","0",9,"27 0 0 9",0,"0 0"
"3231","E1","A27",21.4628,2024-02-29 11:03:00,"E",1,"27","0","0",9,"27 0 0 9",9.96388888888889,"0 0"
"3232","E1","A27",43.5504,2024-02-25 11:35:00,"E",1,"27","0","0",9,"27 0 0 9",5.98611111111111,"0 0"
"3233","E1","A27",24.7708,2024-02-27 11:38:00,"E",1,"27","0","0",9,"27 0 0 9",7.98819444444444,"0 0"
"3234","E1","A27",22.6278,2024-02-28 10:59:00,"E",1,"27","0","0",9,"27 0 0 9",8.96111111111111,"0 0"
"3235","E1","A27",19.316,2024-03-01 11:59:00,"E",1,"27","0","0",9,"27 0 0 9",11.0027777777778,"0 0"
"3236","E1","A27",57.606,2024-02-22 11:30:00,"E",1,"27","0","0",9,"27 0 0 9",2.98263888888889,"0 0"
"3237","E1","A27",16.5306,2024-02-20 11:03:00,"E",1,"27","0","0",9,"27 0 0 9",0.963888888888889,"0 0"
"3238","E1","A27",64.88,2024-02-24 11:06:00,"E",1,"27","0","0",9,"27 0 0 9",4.96597222222222,"0 0"
"3239","E1","A27",35.0338,2024-02-21 11:02:00,"E",1,"27","0","0",9,"27 0 0 9",1.96319444444444,"0 0"
"3240","E1","A27",30.3662,2024-02-26 11:31:00,"E",1,"27","0","0",9,"27 0 0 9",6.98333333333333,"0 0"
"3241","E1","X13",30.107,2024-02-23 11:31:00,"E",1,"13","0","1",9,"13 1 0 9",3.98333333333333,"0 1"
"3242","E1","X13",26.4966,2024-02-19 11:55:00,"E",1,"13","0","1",9,"13 1 0 9",0,"0 1"
"3243","E1","X13",70.5086,2024-02-29 11:03:00,"E",1,"13","0","1",9,"13 1 0 9",9.96388888888889,"0 1"
"3244","E1","X13",68.3168,2024-02-25 11:35:00,"E",1,"13","0","1",9,"13 1 0 9",5.98611111111111,"0 1"
"3245","E1","X13",80.5596,2024-02-27 11:38:00,"E",1,"13","0","1",9,"13 1 0 9",7.98819444444444,"0 1"
"3246","E1","X13",74.8492,2024-02-28 10:59:00,"E",1,"13","0","1",9,"13 1 0 9",8.96111111111111,"0 1"
"3247","E1","X13",70.5478,2024-03-01 11:59:00,"E",1,"13","0","1",9,"13 1 0 9",11.0027777777778,"0 1"
"3248","E1","X13",17.0008,2024-02-22 11:30:00,"E",1,"13","0","1",9,"13 1 0 9",2.98263888888889,"0 1"
"3249","E1","X13",8.446,2024-02-20 11:03:00,"E",1,"13","0","1",9,"13 1 0 9",0.963888888888889,"0 1"
"3250","E1","X13",44.3516,2024-02-24 11:06:00,"E",1,"13","0","1",9,"13 1 0 9",4.96597222222222,"0 1"
"3251","E1","X13",11.3684,2024-02-21 11:02:00,"E",1,"13","0","1",9,"13 1 0 9",1.96319444444444,"0 1"
"3252","E1","X13",83.9492,2024-02-26 11:31:00,"E",1,"13","0","1",9,"13 1 0 9",6.98333333333333,"0 1"
"3253","E1","X20",152.327,2024-02-23 11:31:00,"E",1,"20","0","1",9,"20 1 0 9",3.98333333333333,"0 1"
"3254","E1","X20",30.0426,2024-02-19 11:55:00,"E",1,"20","0","1",9,"20 1 0 9",0,"0 1"
"3255","E1","X20",69.2056,2024-02-29 11:03:00,"E",1,"20","0","1",9,"20 1 0 9",9.96388888888889,"0 1"
"3256","E1","X20",122.674,2024-02-25 11:35:00,"E",1,"20","0","1",9,"20 1 0 9",5.98611111111111,"0 1"
"3257","E1","X20",101.8798,2024-02-27 11:38:00,"E",1,"20","0","1",9,"20 1 0 9",7.98819444444444,"0 1"
"3258","E1","X20",79.2204,2024-02-28 10:59:00,"E",1,"20","0","1",9,"20 1 0 9",8.96111111111111,"0 1"
"3259","E1","X20",57.756,2024-03-01 11:59:00,"E",1,"20","0","1",9,"20 1 0 9",11.0027777777778,"0 1"
"3260","E1","X20",111.6678,2024-02-22 11:30:00,"E",1,"20","0","1",9,"20 1 0 9",2.98263888888889,"0 1"
"3261","E1","X20",24.1346,2024-02-20 11:03:00,"E",1,"20","0","1",9,"20 1 0 9",0.963888888888889,"0 1"
"3262","E1","X20",124.4014,2024-02-24 11:06:00,"E",1,"20","0","1",9,"20 1 0 9",4.96597222222222,"0 1"
"3263","E1","X20",71.1636,2024-02-21 11:02:00,"E",1,"20","0","1",9,"20 1 0 9",1.96319444444444,"0 1"
"3264","E1","X20",116.2838,2024-02-26 11:31:00,"E",1,"20","0","1",9,"20 1 0 9",6.98333333333333,"0 1"
"3265","E1","X22",144.3228,2024-02-23 11:31:00,"E",1,"22","0","1",9,"22 1 0 9",3.98333333333333,"0 1"
"3266","E1","X22",30.3142,2024-02-19 11:55:00,"E",1,"22","0","1",9,"22 1 0 9",0,"0 1"
"3267","E1","X22",84.4732,2024-02-29 11:03:00,"E",1,"22","0","1",9,"22 1 0 9",9.96388888888889,"0 1"
"3268","E1","X22",173.4,2024-02-25 11:35:00,"E",1,"22","0","1",9,"22 1 0 9",5.98611111111111,"0 1"
"3269","E1","X22",141.7122,2024-02-27 11:38:00,"E",1,"22","0","1",9,"22 1 0 9",7.98819444444444,"0 1"
"3270","E1","X22",100.9752,2024-02-28 10:59:00,"E",1,"22","0","1",9,"22 1 0 9",8.96111111111111,"0 1"
"3271","E1","X22",69.5566,2024-03-01 11:59:00,"E",1,"22","0","1",9,"22 1 0 9",11.0027777777778,"0 1"
"3272","E1","X22",108.0188,2024-02-22 11:30:00,"E",1,"22","0","1",9,"22 1 0 9",2.98263888888889,"0 1"
"3273","E1","X22",28.9768,2024-02-20 11:03:00,"E",1,"22","0","1",9,"22 1 0 9",0.963888888888889,"0 1"
"3274","E1","X22",102.274,2024-02-24 11:06:00,"E",1,"22","0","1",9,"22 1 0 9",4.96597222222222,"0 1"
"3275","E1","X22",80.3556,2024-02-21 11:02:00,"E",1,"22","0","1",9,"22 1 0 9",1.96319444444444,"0 1"
"3276","E1","X22",141.2436,2024-02-26 11:31:00,"E",1,"22","0","1",9,"22 1 0 9",6.98333333333333,"0 1"
"3277","E1","X25",205.7222,2024-02-23 11:31:00,"E",1,"25","0","1",9,"25 1 0 9",3.98333333333333,"0 1"
"3278","E1","X25",28.2546,2024-02-19 11:55:00,"E",1,"25","0","1",9,"25 1 0 9",0,"0 1"
"3279","E1","X25",75.3262,2024-02-29 11:03:00,"E",1,"25","0","1",9,"25 1 0 9",9.96388888888889,"0 1"
"3280","E1","X25",194.0926,2024-02-25 11:35:00,"E",1,"25","0","1",9,"25 1 0 9",5.98611111111111,"0 1"
"3281","E1","X25",106.3158,2024-02-27 11:38:00,"E",1,"25","0","1",9,"25 1 0 9",7.98819444444444,"0 1"
"3282","E1","X25",86.1402,2024-02-28 10:59:00,"E",1,"25","0","1",9,"25 1 0 9",8.96111111111111,"0 1"
"3283","E1","X25",60.8712,2024-03-01 11:59:00,"E",1,"25","0","1",9,"25 1 0 9",11.0027777777778,"0 1"
"3284","E1","X25",117.5228,2024-02-22 11:30:00,"E",1,"25","0","1",9,"25 1 0 9",2.98263888888889,"0 1"
"3285","E1","X25",33.6808,2024-02-20 11:03:00,"E",1,"25","0","1",9,"25 1 0 9",0.963888888888889,"0 1"
"3286","E1","X25",189.4716,2024-02-24 11:06:00,"E",1,"25","0","1",9,"25 1 0 9",4.96597222222222,"0 1"
"3287","E1","X25",87.4068,2024-02-21 11:02:00,"E",1,"25","0","1",9,"25 1 0 9",1.96319444444444,"0 1"
"3288","E1","X25",132.6284,2024-02-26 11:31:00,"E",1,"25","0","1",9,"25 1 0 9",6.98333333333333,"0 1"
"3289","E1","X27",102.0776,2024-02-23 11:31:00,"E",1,"27","0","1",9,"27 1 0 9",3.98333333333333,"0 1"
"3290","E1","X27",24.8416,2024-02-19 11:55:00,"E",1,"27","0","1",9,"27 1 0 9",0,"0 1"
"3291","E1","X27",101.7762,2024-02-29 11:03:00,"E",1,"27","0","1",9,"27 1 0 9",9.96388888888889,"0 1"
"3292","E1","X27",195.0132,2024-02-25 11:35:00,"E",1,"27","0","1",9,"27 1 0 9",5.98611111111111,"0 1"
"3293","E1","X27",215.0038,2024-02-27 11:38:00,"E",1,"27","0","1",9,"27 1 0 9",7.98819444444444,"0 1"
"3294","E1","X27",156.2502,2024-02-28 10:59:00,"E",1,"27","0","1",9,"27 1 0 9",8.96111111111111,"0 1"
"3295","E1","X27",87.8082,2024-03-01 11:59:00,"E",1,"27","0","1",9,"27 1 0 9",11.0027777777778,"0 1"
"3296","E1","X27",82.1442,2024-02-22 11:30:00,"E",1,"27","0","1",9,"27 1 0 9",2.98263888888889,"0 1"
"3297","E1","X27",22.0688,2024-02-20 11:03:00,"E",1,"27","0","1",9,"27 1 0 9",0.963888888888889,"0 1"
"3298","E1","X27",137.6522,2024-02-24 11:06:00,"E",1,"27","0","1",9,"27 1 0 9",4.96597222222222,"0 1"
"3299","E1","X27",49.769,2024-02-21 11:02:00,"E",1,"27","0","1",9,"27 1 0 9",1.96319444444444,"0 1"
"3300","E1","X27",203.6632,2024-02-26 11:31:00,"E",1,"27","0","1",9,"27 1 0 9",6.98333333333333,"0 1"
"3301","E2","A12",21.24,2024-02-19 11:55:00,"E",2,"12","0","0",10,"12 0 0 10",0,"0 0"
"3302","E2","A12",11.9116,2024-02-22 11:30:00,"E",2,"12","0","0",10,"12 0 0 10",2.98263888888889,"0 0"
"3303","E2","A12",19.453,2024-02-23 11:31:00,"E",2,"12","0","0",10,"12 0 0 10",3.98333333333333,"0 0"
"3304","E2","A12",8.4806,2024-02-20 11:03:00,"E",2,"12","0","0",10,"12 0 0 10",0.963888888888889,"0 0"
"3305","E2","A12",26.3692,2024-02-28 10:59:00,"E",2,"12","0","0",10,"12 0 0 10",8.96111111111111,"0 0"
"3306","E2","A12",26.0486,2024-02-29 11:03:00,"E",2,"12","0","0",10,"12 0 0 10",9.96388888888889,"0 0"
"3307","E2","A12",24.7792,2024-02-24 11:06:00,"E",2,"12","0","0",10,"12 0 0 10",4.96597222222222,"0 0"
"3308","E2","A12",22.0872,2024-03-01 11:59:00,"E",2,"12","0","0",10,"12 0 0 10",11.0027777777778,"0 0"
"3309","E2","A12",30.6028,2024-02-25 11:35:00,"E",2,"12","0","0",10,"12 0 0 10",5.98611111111111,"0 0"
"3310","E2","A12",30.4858,2024-02-27 11:38:00,"E",2,"12","0","0",10,"12 0 0 10",7.98819444444444,"0 0"
"3311","E2","A12",9.4254,2024-02-21 11:02:00,"E",2,"12","0","0",10,"12 0 0 10",1.96319444444444,"0 0"
"3312","E2","A12",35.1336,2024-02-26 11:31:00,"E",2,"12","0","0",10,"12 0 0 10",6.98333333333333,"0 0"
"3313","E2","A16",25.7606,2024-02-19 11:55:00,"E",2,"16","0","0",10,"16 0 0 10",0,"0 0"
"3314","E2","A16",33.0936,2024-02-22 11:30:00,"E",2,"16","0","0",10,"16 0 0 10",2.98263888888889,"0 0"
"3315","E2","A16",48.3364,2024-02-23 11:31:00,"E",2,"16","0","0",10,"16 0 0 10",3.98333333333333,"0 0"
"3316","E2","A16",12.4174,2024-02-20 11:03:00,"E",2,"16","0","0",10,"16 0 0 10",0.963888888888889,"0 0"
"3317","E2","A16",31.8628,2024-02-28 10:59:00,"E",2,"16","0","0",10,"16 0 0 10",8.96111111111111,"0 0"
"3318","E2","A16",26.726,2024-02-29 11:03:00,"E",2,"16","0","0",10,"16 0 0 10",9.96388888888889,"0 0"
"3319","E2","A16",59.746,2024-02-24 11:06:00,"E",2,"16","0","0",10,"16 0 0 10",4.96597222222222,"0 0"
"3320","E2","A16",23.333,2024-03-01 11:59:00,"E",2,"16","0","0",10,"16 0 0 10",11.0027777777778,"0 0"
"3321","E2","A16",52.0244,2024-02-25 11:35:00,"E",2,"16","0","0",10,"16 0 0 10",5.98611111111111,"0 0"
"3322","E2","A16",37.5664,2024-02-27 11:38:00,"E",2,"16","0","0",10,"16 0 0 10",7.98819444444444,"0 0"
"3323","E2","A16",21.7274,2024-02-21 11:02:00,"E",2,"16","0","0",10,"16 0 0 10",1.96319444444444,"0 0"
"3324","E2","A16",49.6444,2024-02-26 11:31:00,"E",2,"16","0","0",10,"16 0 0 10",6.98333333333333,"0 0"
"3325","E2","A19",23.0372,2024-02-19 11:55:00,"E",2,"19","0","0",10,"19 0 0 10",0,"0 0"
"3326","E2","A19",43.2652,2024-02-22 11:30:00,"E",2,"19","0","0",10,"19 0 0 10",2.98263888888889,"0 0"
"3327","E2","A19",50.2374,2024-02-23 11:31:00,"E",2,"19","0","0",10,"19 0 0 10",3.98333333333333,"0 0"
"3328","E2","A19",15.9134,2024-02-20 11:03:00,"E",2,"19","0","0",10,"19 0 0 10",0.963888888888889,"0 0"
"3329","E2","A19",26.4852,2024-02-28 10:59:00,"E",2,"19","0","0",10,"19 0 0 10",8.96111111111111,"0 0"
"3330","E2","A19",22.293,2024-02-29 11:03:00,"E",2,"19","0","0",10,"19 0 0 10",9.96388888888889,"0 0"
"3331","E2","A19",51.4092,2024-02-24 11:06:00,"E",2,"19","0","0",10,"19 0 0 10",4.96597222222222,"0 0"
"3332","E2","A19",22.9682,2024-03-01 11:59:00,"E",2,"19","0","0",10,"19 0 0 10",11.0027777777778,"0 0"
"3333","E2","A19",50.1118,2024-02-25 11:35:00,"E",2,"19","0","0",10,"19 0 0 10",5.98611111111111,"0 0"
"3334","E2","A19",32.1242,2024-02-27 11:38:00,"E",2,"19","0","0",10,"19 0 0 10",7.98819444444444,"0 0"
"3335","E2","A19",29.5722,2024-02-21 11:02:00,"E",2,"19","0","0",10,"19 0 0 10",1.96319444444444,"0 0"
"3336","E2","A19",38.162,2024-02-26 11:31:00,"E",2,"19","0","0",10,"19 0 0 10",6.98333333333333,"0 0"
"3337","E2","A22",24.2466,2024-02-19 11:55:00,"E",2,"22","0","0",10,"22 0 0 10",0,"0 0"
"3338","E2","A22",61.2,2024-02-22 11:30:00,"E",2,"22","0","0",10,"22 0 0 10",2.98263888888889,"0 0"
"3339","E2","A22",67.6142,2024-02-23 11:31:00,"E",2,"22","0","0",10,"22 0 0 10",3.98333333333333,"0 0"
"3340","E2","A22",23.2104,2024-02-20 11:03:00,"E",2,"22","0","0",10,"22 0 0 10",0.963888888888889,"0 0"
"3341","E2","A22",36.8744,2024-02-28 10:59:00,"E",2,"22","0","0",10,"22 0 0 10",8.96111111111111,"0 0"
"3342","E2","A22",32.5188,2024-02-29 11:03:00,"E",2,"22","0","0",10,"22 0 0 10",9.96388888888889,"0 0"
"3343","E2","A22",83.4768,2024-02-24 11:06:00,"E",2,"22","0","0",10,"22 0 0 10",4.96597222222222,"0 0"
"3344","E2","A22",29.9346,2024-03-01 11:59:00,"E",2,"22","0","0",10,"22 0 0 10",11.0027777777778,"0 0"
"3345","E2","A22",73.5538,2024-02-25 11:35:00,"E",2,"22","0","0",10,"22 0 0 10",5.98611111111111,"0 0"
"3346","E2","A22",43.2936,2024-02-27 11:38:00,"E",2,"22","0","0",10,"22 0 0 10",7.98819444444444,"0 0"
"3347","E2","A22",50.1828,2024-02-21 11:02:00,"E",2,"22","0","0",10,"22 0 0 10",1.96319444444444,"0 0"
"3348","E2","A22",60.4984,2024-02-26 11:31:00,"E",2,"22","0","0",10,"22 0 0 10",6.98333333333333,"0 0"
"3349","E2","A25",20.0978,2024-02-19 11:55:00,"E",2,"25","0","0",10,"25 0 0 10",0,"0 0"
"3350","E2","A25",71.6012,2024-02-22 11:30:00,"E",2,"25","0","0",10,"25 0 0 10",2.98263888888889,"0 0"
"3351","E2","A25",86.3614,2024-02-23 11:31:00,"E",2,"25","0","0",10,"25 0 0 10",3.98333333333333,"0 0"
"3352","E2","A25",22.4854,2024-02-20 11:03:00,"E",2,"25","0","0",10,"25 0 0 10",0.963888888888889,"0 0"
"3353","E2","A25",29.3448,2024-02-28 10:59:00,"E",2,"25","0","0",10,"25 0 0 10",8.96111111111111,"0 0"
"3354","E2","A25",26.1902,2024-02-29 11:03:00,"E",2,"25","0","0",10,"25 0 0 10",9.96388888888889,"0 0"
"3355","E2","A25",78.8456,2024-02-24 11:06:00,"E",2,"25","0","0",10,"25 0 0 10",4.96597222222222,"0 0"
"3356","E2","A25",23.204,2024-03-01 11:59:00,"E",2,"25","0","0",10,"25 0 0 10",11.0027777777778,"0 0"
"3357","E2","A25",64.0032,2024-02-25 11:35:00,"E",2,"25","0","0",10,"25 0 0 10",5.98611111111111,"0 0"
"3358","E2","A25",33.256,2024-02-27 11:38:00,"E",2,"25","0","0",10,"25 0 0 10",7.98819444444444,"0 0"
"3359","E2","A25",50.0408,2024-02-21 11:02:00,"E",2,"25","0","0",10,"25 0 0 10",1.96319444444444,"0 0"
"3360","E2","A25",42.6524,2024-02-26 11:31:00,"E",2,"25","0","0",10,"25 0 0 10",6.98333333333333,"0 0"
"3361","E2","A27",17.5238,2024-02-19 11:55:00,"E",2,"27","0","0",10,"27 0 0 10",0,"0 0"
"3362","E2","A27",50.118,2024-02-22 11:30:00,"E",2,"27","0","0",10,"27 0 0 10",2.98263888888889,"0 0"
"3363","E2","A27",62.2406,2024-02-23 11:31:00,"E",2,"27","0","0",10,"27 0 0 10",3.98333333333333,"0 0"
"3364","E2","A27",15.8786,2024-02-20 11:03:00,"E",2,"27","0","0",10,"27 0 0 10",0.963888888888889,"0 0"
"3365","E2","A27",20.9056,2024-02-28 10:59:00,"E",2,"27","0","0",10,"27 0 0 10",8.96111111111111,"0 0"
"3366","E2","A27",19.5568,2024-02-29 11:03:00,"E",2,"27","0","0",10,"27 0 0 10",9.96388888888889,"0 0"
"3367","E2","A27",60.975,2024-02-24 11:06:00,"E",2,"27","0","0",10,"27 0 0 10",4.96597222222222,"0 0"
"3368","E2","A27",17.864,2024-03-01 11:59:00,"E",2,"27","0","0",10,"27 0 0 10",11.0027777777778,"0 0"
"3369","E2","A27",44.5126,2024-02-25 11:35:00,"E",2,"27","0","0",10,"27 0 0 10",5.98611111111111,"0 0"
"3370","E2","A27",23.9718,2024-02-27 11:38:00,"E",2,"27","0","0",10,"27 0 0 10",7.98819444444444,"0 0"
"3371","E2","A27",31.7366,2024-02-21 11:02:00,"E",2,"27","0","0",10,"27 0 0 10",1.96319444444444,"0 0"
"3372","E2","A27",30.3316,2024-02-26 11:31:00,"E",2,"27","0","0",10,"27 0 0 10",6.98333333333333,"0 0"
"3373","E2","X13",24.1416,2024-02-19 11:55:00,"E",2,"13","0","1",10,"13 1 0 10",0,"0 1"
"3374","E2","X13",24.4002,2024-02-22 11:30:00,"E",2,"13","0","1",10,"13 1 0 10",2.98263888888889,"0 1"
"3375","E2","X13",44.4084,2024-02-23 11:31:00,"E",2,"13","0","1",10,"13 1 0 10",3.98333333333333,"0 1"
"3376","E2","X13",11.1112,2024-02-20 11:03:00,"E",2,"13","0","1",10,"13 1 0 10",0.963888888888889,"0 1"
"3377","E2","X13",86.4216,2024-02-28 10:59:00,"E",2,"13","0","1",10,"13 1 0 10",8.96111111111111,"0 1"
"3378","E2","X13",78.773,2024-02-29 11:03:00,"E",2,"13","0","1",10,"13 1 0 10",9.96388888888889,"0 1"
"3379","E2","X13",59.8794,2024-02-24 11:06:00,"E",2,"13","0","1",10,"13 1 0 10",4.96597222222222,"0 1"
"3380","E2","X13",76.1932,2024-03-01 11:59:00,"E",2,"13","0","1",10,"13 1 0 10",11.0027777777778,"0 1"
"3381","E2","X13",96.837,2024-02-25 11:35:00,"E",2,"13","0","1",10,"13 1 0 10",5.98611111111111,"0 1"
"3382","E2","X13",99.9378,2024-02-27 11:38:00,"E",2,"13","0","1",10,"13 1 0 10",7.98819444444444,"0 1"
"3383","E2","X13",18.738,2024-02-21 11:02:00,"E",2,"13","0","1",10,"13 1 0 10",1.96319444444444,"0 1"
"3384","E2","X13",96.3116,2024-02-26 11:31:00,"E",2,"13","0","1",10,"13 1 0 10",6.98333333333333,"0 1"
"3385","E2","X20",28.07,2024-02-19 11:55:00,"E",2,"20","0","1",10,"20 1 0 10",0,"0 1"
"3386","E2","X20",100.4218,2024-02-22 11:30:00,"E",2,"20","0","1",10,"20 1 0 10",2.98263888888889,"0 1"
"3387","E2","X20",121.225,2024-02-23 11:31:00,"E",2,"20","0","1",10,"20 1 0 10",3.98333333333333,"0 1"
"3388","E2","X20",20.7074,2024-02-20 11:03:00,"E",2,"20","0","1",10,"20 1 0 10",0.963888888888889,"0 1"
"3389","E2","X20",71.4418,2024-02-28 10:59:00,"E",2,"20","0","1",10,"20 1 0 10",8.96111111111111,"0 1"
"3390","E2","X20",62.4024,2024-02-29 11:03:00,"E",2,"20","0","1",10,"20 1 0 10",9.96388888888889,"0 1"
"3391","E2","X20",111.8632,2024-02-24 11:06:00,"E",2,"20","0","1",10,"20 1 0 10",4.96597222222222,"0 1"
"3392","E2","X20",50.7656,2024-03-01 11:59:00,"E",2,"20","0","1",10,"20 1 0 10",11.0027777777778,"0 1"
"3393","E2","X20",108.7284,2024-02-25 11:35:00,"E",2,"20","0","1",10,"20 1 0 10",5.98611111111111,"0 1"
"3394","E2","X20",89.4428,2024-02-27 11:38:00,"E",2,"20","0","1",10,"20 1 0 10",7.98819444444444,"0 1"
"3395","E2","X20",60.3384,2024-02-21 11:02:00,"E",2,"20","0","1",10,"20 1 0 10",1.96319444444444,"0 1"
"3396","E2","X20",95.4514,2024-02-26 11:31:00,"E",2,"20","0","1",10,"20 1 0 10",6.98333333333333,"0 1"
"3397","E2","X22",30.4398,2024-02-19 11:55:00,"E",2,"22","0","1",10,"22 1 0 10",0,"0 1"
"3398","E2","X22",100.2646,2024-02-22 11:30:00,"E",2,"22","0","1",10,"22 1 0 10",2.98263888888889,"0 1"
"3399","E2","X22",140.9954,2024-02-23 11:31:00,"E",2,"22","0","1",10,"22 1 0 10",3.98333333333333,"0 1"
"3400","E2","X22",25.4264,2024-02-20 11:03:00,"E",2,"22","0","1",10,"22 1 0 10",0.963888888888889,"0 1"
"3401","E2","X22",101.4224,2024-02-28 10:59:00,"E",2,"22","0","1",10,"22 1 0 10",8.96111111111111,"0 1"
"3402","E2","X22",88.752,2024-02-29 11:03:00,"E",2,"22","0","1",10,"22 1 0 10",9.96388888888889,"0 1"
"3403","E2","X22",104.6824,2024-02-24 11:06:00,"E",2,"22","0","1",10,"22 1 0 10",4.96597222222222,"0 1"
"3404","E2","X22",69.9222,2024-03-01 11:59:00,"E",2,"22","0","1",10,"22 1 0 10",11.0027777777778,"0 1"
"3405","E2","X22",163.3338,2024-02-25 11:35:00,"E",2,"22","0","1",10,"22 1 0 10",5.98611111111111,"0 1"
"3406","E2","X22",138.5318,2024-02-27 11:38:00,"E",2,"22","0","1",10,"22 1 0 10",7.98819444444444,"0 1"
"3407","E2","X22",72.8684,2024-02-21 11:02:00,"E",2,"22","0","1",10,"22 1 0 10",1.96319444444444,"0 1"
"3408","E2","X22",150.205,2024-02-26 11:31:00,"E",2,"22","0","1",10,"22 1 0 10",6.98333333333333,"0 1"
"3409","E2","X25",29.1354,2024-02-19 11:55:00,"E",2,"25","0","1",10,"25 1 0 10",0,"0 1"
"3410","E2","X25",115.8136,2024-02-22 11:30:00,"E",2,"25","0","1",10,"25 1 0 10",2.98263888888889,"0 1"
"3411","E2","X25",128.1704,2024-02-23 11:31:00,"E",2,"25","0","1",10,"25 1 0 10",3.98333333333333,"0 1"
"3412","E2","X25",29.4122,2024-02-20 11:03:00,"E",2,"25","0","1",10,"25 1 0 10",0.963888888888889,"0 1"
"3413","E2","X25",78.643,2024-02-28 10:59:00,"E",2,"25","0","1",10,"25 1 0 10",8.96111111111111,"0 1"
"3414","E2","X25",71.8928,2024-02-29 11:03:00,"E",2,"25","0","1",10,"25 1 0 10",9.96388888888889,"0 1"
"3415","E2","X25",178.6522,2024-02-24 11:06:00,"E",2,"25","0","1",10,"25 1 0 10",4.96597222222222,"0 1"
"3416","E2","X25",58.0652,2024-03-01 11:59:00,"E",2,"25","0","1",10,"25 1 0 10",11.0027777777778,"0 1"
"3417","E2","X25",188.0078,2024-02-25 11:35:00,"E",2,"25","0","1",10,"25 1 0 10",5.98611111111111,"0 1"
"3418","E2","X25",93.1374,2024-02-27 11:38:00,"E",2,"25","0","1",10,"25 1 0 10",7.98819444444444,"0 1"
"3419","E2","X25",82.2146,2024-02-21 11:02:00,"E",2,"25","0","1",10,"25 1 0 10",1.96319444444444,"0 1"
"3420","E2","X25",118.9472,2024-02-26 11:31:00,"E",2,"25","0","1",10,"25 1 0 10",6.98333333333333,"0 1"
"3421","E2","X27",25.4952,2024-02-19 11:55:00,"E",2,"27","0","1",10,"27 1 0 10",0,"0 1"
"3422","E2","X27",77.4064,2024-02-22 11:30:00,"E",2,"27","0","1",10,"27 1 0 10",2.98263888888889,"0 1"
"3423","E2","X27",99.0634,2024-02-23 11:31:00,"E",2,"27","0","1",10,"27 1 0 10",3.98333333333333,"0 1"
"3424","E2","X27",19.9592,2024-02-20 11:03:00,"E",2,"27","0","1",10,"27 1 0 10",0.963888888888889,"0 1"
"3425","E2","X27",115.5112,2024-02-28 10:59:00,"E",2,"27","0","1",10,"27 1 0 10",8.96111111111111,"0 1"
"3426","E2","X27",90.589,2024-02-29 11:03:00,"E",2,"27","0","1",10,"27 1 0 10",9.96388888888889,"0 1"
"3427","E2","X27",120.4816,2024-02-24 11:06:00,"E",2,"27","0","1",10,"27 1 0 10",4.96597222222222,"0 1"
"3428","E2","X27",80.5172,2024-03-01 11:59:00,"E",2,"27","0","1",10,"27 1 0 10",11.0027777777778,"0 1"
"3429","E2","X27",163.0168,2024-02-25 11:35:00,"E",2,"27","0","1",10,"27 1 0 10",5.98611111111111,"0 1"
"3430","E2","X27",162.2612,2024-02-27 11:38:00,"E",2,"27","0","1",10,"27 1 0 10",7.98819444444444,"0 1"
"3431","E2","X27",43.78,2024-02-21 11:02:00,"E",2,"27","0","1",10,"27 1 0 10",1.96319444444444,"0 1"
"3432","E2","X27",161.793,2024-02-26 11:31:00,"E",2,"27","0","1",10,"27 1 0 10",6.98333333333333,"0 1"
"3433","E3","A12",32.9848,2024-02-24 11:06:00,"E",3,"12","0","0",11,"12 0 0 11",4.96597222222222,"0 0"
"3434","E3","A12",9.8014,2024-02-20 11:03:00,"E",3,"12","0","0",11,"12 0 0 11",0.963888888888889,"0 0"
"3435","E3","A12",33.3534,2024-02-27 11:38:00,"E",3,"12","0","0",11,"12 0 0 11",7.98819444444444,"0 0"
"3436","E3","A12",22.8408,2024-02-19 11:55:00,"E",3,"12","0","0",11,"12 0 0 11",0,"0 0"
"3437","E3","A12",17.3068,2024-02-22 11:30:00,"E",3,"12","0","0",11,"12 0 0 11",2.98263888888889,"0 0"
"3438","E3","A12",28.4534,2024-02-29 11:03:00,"E",3,"12","0","0",11,"12 0 0 11",9.96388888888889,"0 0"
"3439","E3","A12",41.093,2024-02-25 11:35:00,"E",3,"12","0","0",11,"12 0 0 11",5.98611111111111,"0 0"
"3440","E3","A12",27.592,2024-02-23 11:31:00,"E",3,"12","0","0",11,"12 0 0 11",3.98333333333333,"0 0"
"3441","E3","A12",29.7986,2024-02-28 10:59:00,"E",3,"12","0","0",11,"12 0 0 11",8.96111111111111,"0 0"
"3442","E3","A12",12.1078,2024-02-21 11:02:00,"E",3,"12","0","0",11,"12 0 0 11",1.96319444444444,"0 0"
"3443","E3","A12",37.4244,2024-02-26 11:31:00,"E",3,"12","0","0",11,"12 0 0 11",6.98333333333333,"0 0"
"3444","E3","A12",23.6874,2024-03-01 11:59:00,"E",3,"12","0","0",11,"12 0 0 11",11.0027777777778,"0 0"
"3445","E3","A16",72.0274,2024-02-24 11:06:00,"E",3,"16","0","0",11,"16 0 0 11",4.96597222222222,"0 0"
"3446","E3","A16",14.5886,2024-02-20 11:03:00,"E",3,"16","0","0",11,"16 0 0 11",0.963888888888889,"0 0"
"3447","E3","A16",46.2002,2024-02-27 11:38:00,"E",3,"16","0","0",11,"16 0 0 11",7.98819444444444,"0 0"
"3448","E3","A16",26.1422,2024-02-19 11:55:00,"E",3,"16","0","0",11,"16 0 0 11",0,"0 0"
"3449","E3","A16",43.7966,2024-02-22 11:30:00,"E",3,"16","0","0",11,"16 0 0 11",2.98263888888889,"0 0"
"3450","E3","A16",34.3544,2024-02-29 11:03:00,"E",3,"16","0","0",11,"16 0 0 11",9.96388888888889,"0 0"
"3451","E3","A16",68.2042,2024-02-25 11:35:00,"E",3,"16","0","0",11,"16 0 0 11",5.98611111111111,"0 0"
"3452","E3","A16",61.4732,2024-02-23 11:31:00,"E",3,"16","0","0",11,"16 0 0 11",3.98333333333333,"0 0"
"3453","E3","A16",39.1132,2024-02-28 10:59:00,"E",3,"16","0","0",11,"16 0 0 11",8.96111111111111,"0 0"
"3454","E3","A16",28.8292,2024-02-21 11:02:00,"E",3,"16","0","0",11,"16 0 0 11",1.96319444444444,"0 0"
"3455","E3","A16",61.753,2024-02-26 11:31:00,"E",3,"16","0","0",11,"16 0 0 11",6.98333333333333,"0 0"
"3456","E3","A16",29.401,2024-03-01 11:59:00,"E",3,"16","0","0",11,"16 0 0 11",11.0027777777778,"0 0"
"3457","E3","A19",72.9774,2024-02-24 11:06:00,"E",3,"19","0","0",11,"19 0 0 11",4.96597222222222,"0 0"
"3458","E3","A19",17.2366,2024-02-20 11:03:00,"E",3,"19","0","0",11,"19 0 0 11",0.963888888888889,"0 0"
"3459","E3","A19",42.6524,2024-02-27 11:38:00,"E",3,"19","0","0",11,"19 0 0 11",7.98819444444444,"0 0"
"3460","E3","A19",21.807,2024-02-19 11:55:00,"E",3,"19","0","0",11,"19 0 0 11",0,"0 0"
"3461","E3","A19",58.243,2024-02-22 11:30:00,"E",3,"19","0","0",11,"19 0 0 11",2.98263888888889,"0 0"
"3462","E3","A19",30.6504,2024-02-29 11:03:00,"E",3,"19","0","0",11,"19 0 0 11",9.96388888888889,"0 0"
"3463","E3","A19",72.4178,2024-02-25 11:35:00,"E",3,"19","0","0",11,"19 0 0 11",5.98611111111111,"0 0"
"3464","E3","A19",67.7392,2024-02-23 11:31:00,"E",3,"19","0","0",11,"19 0 0 11",3.98333333333333,"0 0"
"3465","E3","A19",34.7014,2024-02-28 10:59:00,"E",3,"19","0","0",11,"19 0 0 11",8.96111111111111,"0 0"
"3466","E3","A19",37.7084,2024-02-21 11:02:00,"E",3,"19","0","0",11,"19 0 0 11",1.96319444444444,"0 0"
"3467","E3","A19",50.8714,2024-02-26 11:31:00,"E",3,"19","0","0",11,"19 0 0 11",6.98333333333333,"0 0"
"3468","E3","A19",31.9452,2024-03-01 11:59:00,"E",3,"19","0","0",11,"19 0 0 11",11.0027777777778,"0 0"
"3469","E3","A22",96.0974,2024-02-24 11:06:00,"E",3,"22","0","0",11,"22 0 0 11",4.96597222222222,"0 0"
"3470","E3","A22",26.1082,2024-02-20 11:03:00,"E",3,"22","0","0",11,"22 0 0 11",0.963888888888889,"0 0"
"3471","E3","A22",46.8368,2024-02-27 11:38:00,"E",3,"22","0","0",11,"22 0 0 11",7.98819444444444,"0 0"
"3472","E3","A22",26.3146,2024-02-19 11:55:00,"E",3,"22","0","0",11,"22 0 0 11",0,"0 0"
"3473","E3","A22",65.8736,2024-02-22 11:30:00,"E",3,"22","0","0",11,"22 0 0 11",2.98263888888889,"0 0"
"3474","E3","A22",34.4512,2024-02-29 11:03:00,"E",3,"22","0","0",11,"22 0 0 11",9.96388888888889,"0 0"
"3475","E3","A22",80.0768,2024-02-25 11:35:00,"E",3,"22","0","0",11,"22 0 0 11",5.98611111111111,"0 0"
"3476","E3","A22",79.6896,2024-02-23 11:31:00,"E",3,"22","0","0",11,"22 0 0 11",3.98333333333333,"0 0"
"3477","E3","A22",39.4846,2024-02-28 10:59:00,"E",3,"22","0","0",11,"22 0 0 11",8.96111111111111,"0 0"
"3478","E3","A22",55.4742,2024-02-21 11:02:00,"E",3,"22","0","0",11,"22 0 0 11",1.96319444444444,"0 0"
"3479","E3","A22",65.4232,2024-02-26 11:31:00,"E",3,"22","0","0",11,"22 0 0 11",6.98333333333333,"0 0"
"3480","E3","A22",31.944,2024-03-01 11:59:00,"E",3,"22","0","0",11,"22 0 0 11",11.0027777777778,"0 0"
"3481","E3","A25",75.2378,2024-02-24 11:06:00,"E",3,"25","0","0",11,"25 0 0 11",4.96597222222222,"0 0"
"3482","E3","A25",23.4204,2024-02-20 11:03:00,"E",3,"25","0","0",11,"25 0 0 11",0.963888888888889,"0 0"
"3483","E3","A25",33.3014,2024-02-27 11:38:00,"E",3,"25","0","0",11,"25 0 0 11",7.98819444444444,"0 0"
"3484","E3","A25",20.9686,2024-02-19 11:55:00,"E",3,"25","0","0",11,"25 0 0 11",0,"0 0"
"3485","E3","A25",70.4166,2024-02-22 11:30:00,"E",3,"25","0","0",11,"25 0 0 11",2.98263888888889,"0 0"
"3486","E3","A25",28.9412,2024-02-29 11:03:00,"E",3,"25","0","0",11,"25 0 0 11",9.96388888888889,"0 0"
"3487","E3","A25",59.8166,2024-02-25 11:35:00,"E",3,"25","0","0",11,"25 0 0 11",5.98611111111111,"0 0"
"3488","E3","A25",87.3836,2024-02-23 11:31:00,"E",3,"25","0","0",11,"25 0 0 11",3.98333333333333,"0 0"
"3489","E3","A25",30.4786,2024-02-28 10:59:00,"E",3,"25","0","0",11,"25 0 0 11",8.96111111111111,"0 0"
"3490","E3","A25",51.7722,2024-02-21 11:02:00,"E",3,"25","0","0",11,"25 0 0 11",1.96319444444444,"0 0"
"3491","E3","A25",41.0852,2024-02-26 11:31:00,"E",3,"25","0","0",11,"25 0 0 11",6.98333333333333,"0 0"
"3492","E3","A25",27.6962,2024-03-01 11:59:00,"E",3,"25","0","0",11,"25 0 0 11",11.0027777777778,"0 0"
"3493","E3","A27",58.6288,2024-02-24 11:06:00,"E",3,"27","0","0",11,"27 0 0 11",4.96597222222222,"0 0"
"3494","E3","A27",15.8332,2024-02-20 11:03:00,"E",3,"27","0","0",11,"27 0 0 11",0.963888888888889,"0 0"
"3495","E3","A27",24.217,2024-02-27 11:38:00,"E",3,"27","0","0",11,"27 0 0 11",7.98819444444444,"0 0"
"3496","E3","A27",17.677,2024-02-19 11:55:00,"E",3,"27","0","0",11,"27 0 0 11",0,"0 0"
"3497","E3","A27",47.2572,2024-02-22 11:30:00,"E",3,"27","0","0",11,"27 0 0 11",2.98263888888889,"0 0"
"3498","E3","A27",19.2956,2024-02-29 11:03:00,"E",3,"27","0","0",11,"27 0 0 11",9.96388888888889,"0 0"
"3499","E3","A27",47.8212,2024-02-25 11:35:00,"E",3,"27","0","0",11,"27 0 0 11",5.98611111111111,"0 0"
"3500","E3","A27",60.4426,2024-02-23 11:31:00,"E",3,"27","0","0",11,"27 0 0 11",3.98333333333333,"0 0"
"3501","E3","A27",20.4938,2024-02-28 10:59:00,"E",3,"27","0","0",11,"27 0 0 11",8.96111111111111,"0 0"
"3502","E3","A27",30.7592,2024-02-21 11:02:00,"E",3,"27","0","0",11,"27 0 0 11",1.96319444444444,"0 0"
"3503","E3","A27",31.0892,2024-02-26 11:31:00,"E",3,"27","0","0",11,"27 0 0 11",6.98333333333333,"0 0"
"3504","E3","A27",17.1956,2024-03-01 11:59:00,"E",3,"27","0","0",11,"27 0 0 11",11.0027777777778,"0 0"
"3505","E3","X13",88.0104,2024-02-24 11:06:00,"E",3,"13","0","1",11,"13 1 0 11",4.96597222222222,"0 1"
"3506","E3","X13",13.229,2024-02-20 11:03:00,"E",3,"13","0","1",11,"13 1 0 11",0.963888888888889,"0 1"
"3507","E3","X13",103.614,2024-02-27 11:38:00,"E",3,"13","0","1",11,"13 1 0 11",7.98819444444444,"0 1"
"3508","E3","X13",23.7486,2024-02-19 11:55:00,"E",3,"13","0","1",11,"13 1 0 11",0,"0 1"
"3509","E3","X13",34.4962,2024-02-22 11:30:00,"E",3,"13","0","1",11,"13 1 0 11",2.98263888888889,"0 1"
"3510","E3","X13",79.7328,2024-02-29 11:03:00,"E",3,"13","0","1",11,"13 1 0 11",9.96388888888889,"0 1"
"3511","E3","X13",102.8874,2024-02-25 11:35:00,"E",3,"13","0","1",11,"13 1 0 11",5.98611111111111,"0 1"
"3512","E3","X13",63.3512,2024-02-23 11:31:00,"E",3,"13","0","1",11,"13 1 0 11",3.98333333333333,"0 1"
"3513","E3","X13",90.5468,2024-02-28 10:59:00,"E",3,"13","0","1",11,"13 1 0 11",8.96111111111111,"0 1"
"3514","E3","X13",22.1516,2024-02-21 11:02:00,"E",3,"13","0","1",11,"13 1 0 11",1.96319444444444,"0 1"
"3515","E3","X13",100.7158,2024-02-26 11:31:00,"E",3,"13","0","1",11,"13 1 0 11",6.98333333333333,"0 1"
"3516","E3","X13",77.1676,2024-03-01 11:59:00,"E",3,"13","0","1",11,"13 1 0 11",11.0027777777778,"0 1"
"3517","E3","X20",133.5924,2024-02-24 11:06:00,"E",3,"20","0","1",11,"20 1 0 11",4.96597222222222,"0 1"
"3518","E3","X20",23.9318,2024-02-20 11:03:00,"E",3,"20","0","1",11,"20 1 0 11",0.963888888888889,"0 1"
"3519","E3","X20",124.1702,2024-02-27 11:38:00,"E",3,"20","0","1",11,"20 1 0 11",7.98819444444444,"0 1"
"3520","E3","X20",28.2988,2024-02-19 11:55:00,"E",3,"20","0","1",11,"20 1 0 11",0,"0 1"
"3521","E3","X20",109.5612,2024-02-22 11:30:00,"E",3,"20","0","1",11,"20 1 0 11",2.98263888888889,"0 1"
"3522","E3","X20",78.75,2024-02-29 11:03:00,"E",3,"20","0","1",11,"20 1 0 11",9.96388888888889,"0 1"
"3523","E3","X20",132.5346,2024-02-25 11:35:00,"E",3,"20","0","1",11,"20 1 0 11",5.98611111111111,"0 1"
"3524","E3","X20",132.9262,2024-02-23 11:31:00,"E",3,"20","0","1",11,"20 1 0 11",3.98333333333333,"0 1"
"3525","E3","X20",93.9768,2024-02-28 10:59:00,"E",3,"20","0","1",11,"20 1 0 11",8.96111111111111,"0 1"
"3526","E3","X20",71.8004,2024-02-21 11:02:00,"E",3,"20","0","1",11,"20 1 0 11",1.96319444444444,"0 1"
"3527","E3","X20",121.202,2024-02-26 11:31:00,"E",3,"20","0","1",11,"20 1 0 11",6.98333333333333,"0 1"
"3528","E3","X20",60.7846,2024-03-01 11:59:00,"E",3,"20","0","1",11,"20 1 0 11",11.0027777777778,"0 1"
"3529","E3","X22",115.2046,2024-02-24 11:06:00,"E",3,"22","0","1",11,"22 1 0 11",4.96597222222222,"0 1"
"3530","E3","X22",28.0282,2024-02-20 11:03:00,"E",3,"22","0","1",11,"22 1 0 11",0.963888888888889,"0 1"
"3531","E3","X22",148.1124,2024-02-27 11:38:00,"E",3,"22","0","1",11,"22 1 0 11",7.98819444444444,"0 1"
"3532","E3","X22",32.1942,2024-02-19 11:55:00,"E",3,"22","0","1",11,"22 1 0 11",0,"0 1"
"3533","E3","X22",108.3808,2024-02-22 11:30:00,"E",3,"22","0","1",11,"22 1 0 11",2.98263888888889,"0 1"
"3534","E3","X22",91.8294,2024-02-29 11:03:00,"E",3,"22","0","1",11,"22 1 0 11",9.96388888888889,"0 1"
"3535","E3","X22",173.4294,2024-02-25 11:35:00,"E",3,"22","0","1",11,"22 1 0 11",5.98611111111111,"0 1"
"3536","E3","X22",154.6002,2024-02-23 11:31:00,"E",3,"22","0","1",11,"22 1 0 11",3.98333333333333,"0 1"
"3537","E3","X22",104.6904,2024-02-28 10:59:00,"E",3,"22","0","1",11,"22 1 0 11",8.96111111111111,"0 1"
"3538","E3","X22",79.5358,2024-02-21 11:02:00,"E",3,"22","0","1",11,"22 1 0 11",1.96319444444444,"0 1"
"3539","E3","X22",160.9108,2024-02-26 11:31:00,"E",3,"22","0","1",11,"22 1 0 11",6.98333333333333,"0 1"
"3540","E3","X22",70.997,2024-03-01 11:59:00,"E",3,"22","0","1",11,"22 1 0 11",11.0027777777778,"0 1"
"3541","E3","X25",189.5084,2024-02-24 11:06:00,"E",3,"25","0","1",11,"25 1 0 11",4.96597222222222,"0 1"
"3542","E3","X25",29.9414,2024-02-20 11:03:00,"E",3,"25","0","1",11,"25 1 0 11",0.963888888888889,"0 1"
"3543","E3","X25",94.595,2024-02-27 11:38:00,"E",3,"25","0","1",11,"25 1 0 11",7.98819444444444,"0 1"
"3544","E3","X25",30.3786,2024-02-19 11:55:00,"E",3,"25","0","1",11,"25 1 0 11",0,"0 1"
"3545","E3","X25",113.1684,2024-02-22 11:30:00,"E",3,"25","0","1",11,"25 1 0 11",2.98263888888889,"0 1"
"3546","E3","X25",72.5478,2024-02-29 11:03:00,"E",3,"25","0","1",11,"25 1 0 11",9.96388888888889,"0 1"
"3547","E3","X25",195.5548,2024-02-25 11:35:00,"E",3,"25","0","1",11,"25 1 0 11",5.98611111111111,"0 1"
"3548","E3","X25",116.3306,2024-02-23 11:31:00,"E",3,"25","0","1",11,"25 1 0 11",3.98333333333333,"0 1"
"3549","E3","X25",79.8066,2024-02-28 10:59:00,"E",3,"25","0","1",11,"25 1 0 11",8.96111111111111,"0 1"
"3550","E3","X25",79.8702,2024-02-21 11:02:00,"E",3,"25","0","1",11,"25 1 0 11",1.96319444444444,"0 1"
"3551","E3","X25",120.9852,2024-02-26 11:31:00,"E",3,"25","0","1",11,"25 1 0 11",6.98333333333333,"0 1"
"3552","E3","X25",58.4674,2024-03-01 11:59:00,"E",3,"25","0","1",11,"25 1 0 11",11.0027777777778,"0 1"
"3553","E3","X27",109.1832,2024-02-24 11:06:00,"E",3,"27","0","1",11,"27 1 0 11",4.96597222222222,"0 1"
"3554","E3","X27",18.5852,2024-02-20 11:03:00,"E",3,"27","0","1",11,"27 1 0 11",0.963888888888889,"0 1"
"3555","E3","X27",154.9368,2024-02-27 11:38:00,"E",3,"27","0","1",11,"27 1 0 11",7.98819444444444,"0 1"
"3556","E3","X27",25.5214,2024-02-19 11:55:00,"E",3,"27","0","1",11,"27 1 0 11",0,"0 1"
"3557","E3","X27",71.5346,2024-02-22 11:30:00,"E",3,"27","0","1",11,"27 1 0 11",2.98263888888889,"0 1"
"3558","E3","X27",87.8142,2024-02-29 11:03:00,"E",3,"27","0","1",11,"27 1 0 11",9.96388888888889,"0 1"
"3559","E3","X27",127.197,2024-02-25 11:35:00,"E",3,"27","0","1",11,"27 1 0 11",5.98611111111111,"0 1"
"3560","E3","X27",89.7876,2024-02-23 11:31:00,"E",3,"27","0","1",11,"27 1 0 11",3.98333333333333,"0 1"
"3561","E3","X27",114.805,2024-02-28 10:59:00,"E",3,"27","0","1",11,"27 1 0 11",8.96111111111111,"0 1"
"3562","E3","X27",39.5618,2024-02-21 11:02:00,"E",3,"27","0","1",11,"27 1 0 11",1.96319444444444,"0 1"
"3563","E3","X27",135.3238,2024-02-26 11:31:00,"E",3,"27","0","1",11,"27 1 0 11",6.98333333333333,"0 1"
"3564","E3","X27",81.6268,2024-03-01 11:59:00,"E",3,"27","0","1",11,"27 1 0 11",11.0027777777778,"0 1"
"3565","E4","A12",40.6826,2024-02-24 11:06:00,"E",4,"12","0","0",12,"12 0 0 12",4.96597222222222,"0 0"
"3566","E4","A12",9.9816,2024-02-20 11:03:00,"E",4,"12","0","0",12,"12 0 0 12",0.963888888888889,"0 0"
"3567","E4","A12",21.0106,2024-02-22 11:30:00,"E",4,"12","0","0",12,"12 0 0 12",2.98263888888889,"0 0"
"3568","E4","A12",30.7632,2024-02-29 11:03:00,"E",4,"12","0","0",12,"12 0 0 12",9.96388888888889,"0 0"
"3569","E4","A12",22.7228,2024-02-19 11:55:00,"E",4,"12","0","0",12,"12 0 0 12",0,"0 0"
"3570","E4","A12",33.1622,2024-02-28 10:59:00,"E",4,"12","0","0",12,"12 0 0 12",8.96111111111111,"0 0"
"3571","E4","A12",13.824,2024-02-21 11:02:00,"E",4,"12","0","0",12,"12 0 0 12",1.96319444444444,"0 0"
"3572","E4","A12",46.3428,2024-02-25 11:35:00,"E",4,"12","0","0",12,"12 0 0 12",5.98611111111111,"0 0"
"3573","E4","A12",33.211,2024-02-23 11:31:00,"E",4,"12","0","0",12,"12 0 0 12",3.98333333333333,"0 0"
"3574","E4","A12",37.0526,2024-02-27 11:38:00,"E",4,"12","0","0",12,"12 0 0 12",7.98819444444444,"0 0"
"3575","E4","A12",40.485,2024-02-26 11:31:00,"E",4,"12","0","0",12,"12 0 0 12",6.98333333333333,"0 0"
"3576","E4","A12",25.0248,2024-03-01 11:59:00,"E",4,"12","0","0",12,"12 0 0 12",11.0027777777778,"0 0"
"3577","E4","A16",74.4098,2024-02-24 11:06:00,"E",4,"16","0","0",12,"16 0 0 12",4.96597222222222,"0 0"
"3578","E4","A16",14.2,2024-02-20 11:03:00,"E",4,"16","0","0",12,"16 0 0 12",0.963888888888889,"0 0"
"3579","E4","A16",47.8322,2024-02-22 11:30:00,"E",4,"16","0","0",12,"16 0 0 12",2.98263888888889,"0 0"
"3580","E4","A16",37.9232,2024-02-29 11:03:00,"E",4,"16","0","0",12,"16 0 0 12",9.96388888888889,"0 0"
"3581","E4","A16",25.7906,2024-02-19 11:55:00,"E",4,"16","0","0",12,"16 0 0 12",0,"0 0"
"3582","E4","A16",41.1354,2024-02-28 10:59:00,"E",4,"16","0","0",12,"16 0 0 12",8.96111111111111,"0 0"
"3583","E4","A16",30.1062,2024-02-21 11:02:00,"E",4,"16","0","0",12,"16 0 0 12",1.96319444444444,"0 0"
"3584","E4","A16",69.4198,2024-02-25 11:35:00,"E",4,"16","0","0",12,"16 0 0 12",5.98611111111111,"0 0"
"3585","E4","A16",64.9526,2024-02-23 11:31:00,"E",4,"16","0","0",12,"16 0 0 12",3.98333333333333,"0 0"
"3586","E4","A16",49.5026,2024-02-27 11:38:00,"E",4,"16","0","0",12,"16 0 0 12",7.98819444444444,"0 0"
"3587","E4","A16",64.0544,2024-02-26 11:31:00,"E",4,"16","0","0",12,"16 0 0 12",6.98333333333333,"0 0"
"3588","E4","A16",33.4538,2024-03-01 11:59:00,"E",4,"16","0","0",12,"16 0 0 12",11.0027777777778,"0 0"
"3589","E4","A19",73.2994,2024-02-24 11:06:00,"E",4,"19","0","0",12,"19 0 0 12",4.96597222222222,"0 0"
"3590","E4","A19",16.2262,2024-02-20 11:03:00,"E",4,"19","0","0",12,"19 0 0 12",0.963888888888889,"0 0"
"3591","E4","A19",59.3588,2024-02-22 11:30:00,"E",4,"19","0","0",12,"19 0 0 12",2.98263888888889,"0 0"
"3592","E4","A19",32.0492,2024-02-29 11:03:00,"E",4,"19","0","0",12,"19 0 0 12",9.96388888888889,"0 0"
"3593","E4","A19",21.4368,2024-02-19 11:55:00,"E",4,"19","0","0",12,"19 0 0 12",0,"0 0"
"3594","E4","A19",35.2018,2024-02-28 10:59:00,"E",4,"19","0","0",12,"19 0 0 12",8.96111111111111,"0 0"
"3595","E4","A19",37.6954,2024-02-21 11:02:00,"E",4,"19","0","0",12,"19 0 0 12",1.96319444444444,"0 0"
"3596","E4","A19",70.9442,2024-02-25 11:35:00,"E",4,"19","0","0",12,"19 0 0 12",5.98611111111111,"0 0"
"3597","E4","A19",73.1758,2024-02-23 11:31:00,"E",4,"19","0","0",12,"19 0 0 12",3.98333333333333,"0 0"
"3598","E4","A19",43.263,2024-02-27 11:38:00,"E",4,"19","0","0",12,"19 0 0 12",7.98819444444444,"0 0"
"3599","E4","A19",50.8362,2024-02-26 11:31:00,"E",4,"19","0","0",12,"19 0 0 12",6.98333333333333,"0 0"
"3600","E4","A19",36.1706,2024-03-01 11:59:00,"E",4,"19","0","0",12,"19 0 0 12",11.0027777777778,"0 0"
"3601","E4","A22",94.449,2024-02-24 11:06:00,"E",4,"22","0","0",12,"22 0 0 12",4.96597222222222,"0 0"
"3602","E4","A22",25.62,2024-02-20 11:03:00,"E",4,"22","0","0",12,"22 0 0 12",0.963888888888889,"0 0"
"3603","E4","A22",62.6666,2024-02-22 11:30:00,"E",4,"22","0","0",12,"22 0 0 12",2.98263888888889,"0 0"
"3604","E4","A22",33.9896,2024-02-29 11:03:00,"E",4,"22","0","0",12,"22 0 0 12",9.96388888888889,"0 0"
"3605","E4","A22",25.7328,2024-02-19 11:55:00,"E",4,"22","0","0",12,"22 0 0 12",0,"0 0"
"3606","E4","A22",38.7124,2024-02-28 10:59:00,"E",4,"22","0","0",12,"22 0 0 12",8.96111111111111,"0 0"
"3607","E4","A22",54.1388,2024-02-21 11:02:00,"E",4,"22","0","0",12,"22 0 0 12",1.96319444444444,"0 0"
"3608","E4","A22",80.4832,2024-02-25 11:35:00,"E",4,"22","0","0",12,"22 0 0 12",5.98611111111111,"0 0"
"3609","E4","A22",77.0856,2024-02-23 11:31:00,"E",4,"22","0","0",12,"22 0 0 12",3.98333333333333,"0 0"
"3610","E4","A22",47.161,2024-02-27 11:38:00,"E",4,"22","0","0",12,"22 0 0 12",7.98819444444444,"0 0"
"3611","E4","A22",66.2464,2024-02-26 11:31:00,"E",4,"22","0","0",12,"22 0 0 12",6.98333333333333,"0 0"
"3612","E4","A22",31.8324,2024-03-01 11:59:00,"E",4,"22","0","0",12,"22 0 0 12",11.0027777777778,"0 0"
"3613","E4","A25",72.2428,2024-02-24 11:06:00,"E",4,"25","0","0",12,"25 0 0 12",4.96597222222222,"0 0"
"3614","E4","A25",23.2954,2024-02-20 11:03:00,"E",4,"25","0","0",12,"25 0 0 12",0.963888888888889,"0 0"
"3615","E4","A25",61.5854,2024-02-22 11:30:00,"E",4,"25","0","0",12,"25 0 0 12",2.98263888888889,"0 0"
"3616","E4","A25",26.8008,2024-02-29 11:03:00,"E",4,"25","0","0",12,"25 0 0 12",9.96388888888889,"0 0"
"3617","E4","A25",23.7908,2024-02-19 11:55:00,"E",4,"25","0","0",12,"25 0 0 12",0,"0 0"
"3618","E4","A25",28.709,2024-02-28 10:59:00,"E",4,"25","0","0",12,"25 0 0 12",8.96111111111111,"0 0"
"3619","E4","A25",51.5724,2024-02-21 11:02:00,"E",4,"25","0","0",12,"25 0 0 12",1.96319444444444,"0 0"
"3620","E4","A25",57.8706,2024-02-25 11:35:00,"E",4,"25","0","0",12,"25 0 0 12",5.98611111111111,"0 0"
"3621","E4","A25",77.2972,2024-02-23 11:31:00,"E",4,"25","0","0",12,"25 0 0 12",3.98333333333333,"0 0"
"3622","E4","A25",30.953,2024-02-27 11:38:00,"E",4,"25","0","0",12,"25 0 0 12",7.98819444444444,"0 0"
"3623","E4","A25",38.3914,2024-02-26 11:31:00,"E",4,"25","0","0",12,"25 0 0 12",6.98333333333333,"0 0"
"3624","E4","A25",25.4674,2024-03-01 11:59:00,"E",4,"25","0","0",12,"25 0 0 12",11.0027777777778,"0 0"
"3625","E4","A27",54.2388,2024-02-24 11:06:00,"E",4,"27","0","0",12,"27 0 0 12",4.96597222222222,"0 0"
"3626","E4","A27",15.2972,2024-02-20 11:03:00,"E",4,"27","0","0",12,"27 0 0 12",0.963888888888889,"0 0"
"3627","E4","A27",43.387,2024-02-22 11:30:00,"E",4,"27","0","0",12,"27 0 0 12",2.98263888888889,"0 0"
"3628","E4","A27",18.1332,2024-02-29 11:03:00,"E",4,"27","0","0",12,"27 0 0 12",9.96388888888889,"0 0"
"3629","E4","A27",18.1318,2024-02-19 11:55:00,"E",4,"27","0","0",12,"27 0 0 12",0,"0 0"
"3630","E4","A27",19.734,2024-02-28 10:59:00,"E",4,"27","0","0",12,"27 0 0 12",8.96111111111111,"0 0"
"3631","E4","A27",29.432,2024-02-21 11:02:00,"E",4,"27","0","0",12,"27 0 0 12",1.96319444444444,"0 0"
"3632","E4","A27",45.3606,2024-02-25 11:35:00,"E",4,"27","0","0",12,"27 0 0 12",5.98611111111111,"0 0"
"3633","E4","A27",56.5308,2024-02-23 11:31:00,"E",4,"27","0","0",12,"27 0 0 12",3.98333333333333,"0 0"
"3634","E4","A27",23.495,2024-02-27 11:38:00,"E",4,"27","0","0",12,"27 0 0 12",7.98819444444444,"0 0"
"3635","E4","A27",30.5354,2024-02-26 11:31:00,"E",4,"27","0","0",12,"27 0 0 12",6.98333333333333,"0 0"
"3636","E4","A27",15.7208,2024-03-01 11:59:00,"E",4,"27","0","0",12,"27 0 0 12",11.0027777777778,"0 0"
"3637","E4","X13",98.361,2024-02-24 11:06:00,"E",4,"13","0","1",12,"13 1 0 12",4.96597222222222,"0 1"
"3638","E4","X13",15.597,2024-02-20 11:03:00,"E",4,"13","0","1",12,"13 1 0 12",0.963888888888889,"0 1"
"3639","E4","X13",43.7102,2024-02-22 11:30:00,"E",4,"13","0","1",12,"13 1 0 12",2.98263888888889,"0 1"
"3640","E4","X13",75.2988,2024-02-29 11:03:00,"E",4,"13","0","1",12,"13 1 0 12",9.96388888888889,"0 1"
"3641","E4","X13",24.3952,2024-02-19 11:55:00,"E",4,"13","0","1",12,"13 1 0 12",0,"0 1"
"3642","E4","X13",85.9054,2024-02-28 10:59:00,"E",4,"13","0","1",12,"13 1 0 12",8.96111111111111,"0 1"
"3643","E4","X13",22.7584,2024-02-21 11:02:00,"E",4,"13","0","1",12,"13 1 0 12",1.96319444444444,"0 1"
"3644","E4","X13",96.5072,2024-02-25 11:35:00,"E",4,"13","0","1",12,"13 1 0 12",5.98611111111111,"0 1"
"3645","E4","X13",70.1314,2024-02-23 11:31:00,"E",4,"13","0","1",12,"13 1 0 12",3.98333333333333,"0 1"
"3646","E4","X13",98.8748,2024-02-27 11:38:00,"E",4,"13","0","1",12,"13 1 0 12",7.98819444444444,"0 1"
"3647","E4","X13",95.465,2024-02-26 11:31:00,"E",4,"13","0","1",12,"13 1 0 12",6.98333333333333,"0 1"
"3648","E4","X13",74.6706,2024-03-01 11:59:00,"E",4,"13","0","1",12,"13 1 0 12",11.0027777777778,"0 1"
"3649","E4","X20",139.7634,2024-02-24 11:06:00,"E",4,"20","0","1",12,"20 1 0 12",4.96597222222222,"0 1"
"3650","E4","X20",23.6112,2024-02-20 11:03:00,"E",4,"20","0","1",12,"20 1 0 12",0.963888888888889,"0 1"
"3651","E4","X20",108.4614,2024-02-22 11:30:00,"E",4,"20","0","1",12,"20 1 0 12",2.98263888888889,"0 1"
"3652","E4","X20",89.004,2024-02-29 11:03:00,"E",4,"20","0","1",12,"20 1 0 12",9.96388888888889,"0 1"
"3653","E4","X20",28.4952,2024-02-19 11:55:00,"E",4,"20","0","1",12,"20 1 0 12",0,"0 1"
"3654","E4","X20",102.7602,2024-02-28 10:59:00,"E",4,"20","0","1",12,"20 1 0 12",8.96111111111111,"0 1"
"3655","E4","X20",73.8322,2024-02-21 11:02:00,"E",4,"20","0","1",12,"20 1 0 12",1.96319444444444,"0 1"
"3656","E4","X20",139.712,2024-02-25 11:35:00,"E",4,"20","0","1",12,"20 1 0 12",5.98611111111111,"0 1"
"3657","E4","X20",134.8932,2024-02-23 11:31:00,"E",4,"20","0","1",12,"20 1 0 12",3.98333333333333,"0 1"
"3658","E4","X20",137.2696,2024-02-27 11:38:00,"E",4,"20","0","1",12,"20 1 0 12",7.98819444444444,"0 1"
"3659","E4","X20",129.3494,2024-02-26 11:31:00,"E",4,"20","0","1",12,"20 1 0 12",6.98333333333333,"0 1"
"3660","E4","X20",67.2034,2024-03-01 11:59:00,"E",4,"20","0","1",12,"20 1 0 12",11.0027777777778,"0 1"
"3661","E4","X22",116.7742,2024-02-24 11:06:00,"E",4,"22","0","1",12,"22 1 0 12",4.96597222222222,"0 1"
"3662","E4","X22",27.639,2024-02-20 11:03:00,"E",4,"22","0","1",12,"22 1 0 12",0.963888888888889,"0 1"
"3663","E4","X22",105.4204,2024-02-22 11:30:00,"E",4,"22","0","1",12,"22 1 0 12",2.98263888888889,"0 1"
"3664","E4","X22",88.1966,2024-02-29 11:03:00,"E",4,"22","0","1",12,"22 1 0 12",9.96388888888889,"0 1"
"3665","E4","X22",31.5708,2024-02-19 11:55:00,"E",4,"22","0","1",12,"22 1 0 12",0,"0 1"
"3666","E4","X22",100.3442,2024-02-28 10:59:00,"E",4,"22","0","1",12,"22 1 0 12",8.96111111111111,"0 1"
"3667","E4","X22",77.1718,2024-02-21 11:02:00,"E",4,"22","0","1",12,"22 1 0 12",1.96319444444444,"0 1"
"3668","E4","X22",170.1694,2024-02-25 11:35:00,"E",4,"22","0","1",12,"22 1 0 12",5.98611111111111,"0 1"
"3669","E4","X22",154.2726,2024-02-23 11:31:00,"E",4,"22","0","1",12,"22 1 0 12",3.98333333333333,"0 1"
"3670","E4","X22",143.4894,2024-02-27 11:38:00,"E",4,"22","0","1",12,"22 1 0 12",7.98819444444444,"0 1"
"3671","E4","X22",155.279,2024-02-26 11:31:00,"E",4,"22","0","1",12,"22 1 0 12",6.98333333333333,"0 1"
"3672","E4","X22",68.736,2024-03-01 11:59:00,"E",4,"22","0","1",12,"22 1 0 12",11.0027777777778,"0 1"
"3673","E4","X25",164.1338,2024-02-24 11:06:00,"E",4,"25","0","1",12,"25 1 0 12",4.96597222222222,"0 1"
"3674","E4","X25",27.9664,2024-02-20 11:03:00,"E",4,"25","0","1",12,"25 1 0 12",0.963888888888889,"0 1"
"3675","E4","X25",105.4716,2024-02-22 11:30:00,"E",4,"25","0","1",12,"25 1 0 12",2.98263888888889,"0 1"
"3676","E4","X25",65.1922,2024-02-29 11:03:00,"E",4,"25","0","1",12,"25 1 0 12",9.96388888888889,"0 1"
"3677","E4","X25",30.3974,2024-02-19 11:55:00,"E",4,"25","0","1",12,"25 1 0 12",0,"0 1"
"3678","E4","X25",73.6612,2024-02-28 10:59:00,"E",4,"25","0","1",12,"25 1 0 12",8.96111111111111,"0 1"
"3679","E4","X25",75.8188,2024-02-21 11:02:00,"E",4,"25","0","1",12,"25 1 0 12",1.96319444444444,"0 1"
"3680","E4","X25",176.0712,2024-02-25 11:35:00,"E",4,"25","0","1",12,"25 1 0 12",5.98611111111111,"0 1"
"3681","E4","X25",110.1058,2024-02-23 11:31:00,"E",4,"25","0","1",12,"25 1 0 12",3.98333333333333,"0 1"
"3682","E4","X25",94.632,2024-02-27 11:38:00,"E",4,"25","0","1",12,"25 1 0 12",7.98819444444444,"0 1"
"3683","E4","X25",119.9518,2024-02-26 11:31:00,"E",4,"25","0","1",12,"25 1 0 12",6.98333333333333,"0 1"
"3684","E4","X25",53.5196,2024-03-01 11:59:00,"E",4,"25","0","1",12,"25 1 0 12",11.0027777777778,"0 1"
"3685","E4","X27",97.356,2024-02-24 11:06:00,"E",4,"27","0","1",12,"27 1 0 12",4.96597222222222,"0 1"
"3686","E4","X27",17.9502,2024-02-20 11:03:00,"E",4,"27","0","1",12,"27 1 0 12",0.963888888888889,"0 1"
"3687","E4","X27",65.0542,2024-02-22 11:30:00,"E",4,"27","0","1",12,"27 1 0 12",2.98263888888889,"0 1"
"3688","E4","X27",85.682,2024-02-29 11:03:00,"E",4,"27","0","1",12,"27 1 0 12",9.96388888888889,"0 1"
"3689","E4","X27",25.041,2024-02-19 11:55:00,"E",4,"27","0","1",12,"27 1 0 12",0,"0 1"
"3690","E4","X27",108.412,2024-02-28 10:59:00,"E",4,"27","0","1",12,"27 1 0 12",8.96111111111111,"0 1"
"3691","E4","X27",36.6808,2024-02-21 11:02:00,"E",4,"27","0","1",12,"27 1 0 12",1.96319444444444,"0 1"
"3692","E4","X27",111.4544,2024-02-25 11:35:00,"E",4,"27","0","1",12,"27 1 0 12",5.98611111111111,"0 1"
"3693","E4","X27",80.906,2024-02-23 11:31:00,"E",4,"27","0","1",12,"27 1 0 12",3.98333333333333,"0 1"
"3694","E4","X27",135.935,2024-02-27 11:38:00,"E",4,"27","0","1",12,"27 1 0 12",7.98819444444444,"0 1"
"3695","E4","X27",104.447,2024-02-26 11:31:00,"E",4,"27","0","1",12,"27 1 0 12",6.98333333333333,"0 1"
"3696","E4","X27",80.1456,2024-03-01 11:59:00,"E",4,"27","0","1",12,"27 1 0 12",11.0027777777778,"0 1"
"3697","E5","A12",21.3284,2024-02-19 11:55:00,"E",5,"12","0","0",13,"12 0 0 13",0,"0 0"
"3698","E5","A12",37.9782,2024-02-23 11:31:00,"E",5,"12","0","0",13,"12 0 0 13",3.98333333333333,"0 0"
"3699","E5","A12",36.537,2024-02-28 10:59:00,"E",5,"12","0","0",13,"12 0 0 13",8.96111111111111,"0 0"
"3700","E5","A12",47.2252,2024-02-24 11:06:00,"E",5,"12","0","0",13,"12 0 0 13",4.96597222222222,"0 0"
"3701","E5","A12",33.307,2024-02-29 11:03:00,"E",5,"12","0","0",13,"12 0 0 13",9.96388888888889,"0 0"
"3702","E5","A12",10.2592,2024-02-20 11:03:00,"E",5,"12","0","0",13,"12 0 0 13",0.963888888888889,"0 0"
"3703","E5","A12",41.2578,2024-02-27 11:38:00,"E",5,"12","0","0",13,"12 0 0 13",7.98819444444444,"0 0"
"3704","E5","A12",15.2376,2024-02-21 11:02:00,"E",5,"12","0","0",13,"12 0 0 13",1.96319444444444,"0 0"
"3705","E5","A12",24.2254,2024-02-22 11:30:00,"E",5,"12","0","0",13,"12 0 0 13",2.98263888888889,"0 0"
"3706","E5","A12",49.8464,2024-02-25 11:35:00,"E",5,"12","0","0",13,"12 0 0 13",5.98611111111111,"0 0"
"3707","E5","A12",27.9814,2024-03-01 11:59:00,"E",5,"12","0","0",13,"12 0 0 13",11.0027777777778,"0 0"
"3708","E5","A12",44.3474,2024-02-26 11:31:00,"E",5,"12","0","0",13,"12 0 0 13",6.98333333333333,"0 0"
"3709","E5","A16",25.6994,2024-02-19 11:55:00,"E",5,"16","0","0",13,"16 0 0 13",0,"0 0"
"3710","E5","A16",66.5844,2024-02-23 11:31:00,"E",5,"16","0","0",13,"16 0 0 13",3.98333333333333,"0 0"
"3711","E5","A16",42.152,2024-02-28 10:59:00,"E",5,"16","0","0",13,"16 0 0 13",8.96111111111111,"0 0"
"3712","E5","A16",77.2062,2024-02-24 11:06:00,"E",5,"16","0","0",13,"16 0 0 13",4.96597222222222,"0 0"
"3713","E5","A16",39.3882,2024-02-29 11:03:00,"E",5,"16","0","0",13,"16 0 0 13",9.96388888888889,"0 0"
"3714","E5","A16",14.2056,2024-02-20 11:03:00,"E",5,"16","0","0",13,"16 0 0 13",0.963888888888889,"0 0"
"3715","E5","A16",51.4216,2024-02-27 11:38:00,"E",5,"16","0","0",13,"16 0 0 13",7.98819444444444,"0 0"
"3716","E5","A16",31.4398,2024-02-21 11:02:00,"E",5,"16","0","0",13,"16 0 0 13",1.96319444444444,"0 0"
"3717","E5","A16",51.0896,2024-02-22 11:30:00,"E",5,"16","0","0",13,"16 0 0 13",2.98263888888889,"0 0"
"3718","E5","A16",69.9074,2024-02-25 11:35:00,"E",5,"16","0","0",13,"16 0 0 13",5.98611111111111,"0 0"
"3719","E5","A16",33.833,2024-03-01 11:59:00,"E",5,"16","0","0",13,"16 0 0 13",11.0027777777778,"0 0"
"3720","E5","A16",68.2462,2024-02-26 11:31:00,"E",5,"16","0","0",13,"16 0 0 13",6.98333333333333,"0 0"
"3721","E5","A19",22.8984,2024-02-19 11:55:00,"E",5,"19","0","0",13,"19 0 0 13",0,"0 0"
"3722","E5","A19",77.9348,2024-02-23 11:31:00,"E",5,"19","0","0",13,"19 0 0 13",3.98333333333333,"0 0"
"3723","E5","A19",35.0446,2024-02-28 10:59:00,"E",5,"19","0","0",13,"19 0 0 13",8.96111111111111,"0 0"
"3724","E5","A19",72.0956,2024-02-24 11:06:00,"E",5,"19","0","0",13,"19 0 0 13",4.96597222222222,"0 0"
"3725","E5","A19",31.958,2024-02-29 11:03:00,"E",5,"19","0","0",13,"19 0 0 13",9.96388888888889,"0 0"
"3726","E5","A19",16.3064,2024-02-20 11:03:00,"E",5,"19","0","0",13,"19 0 0 13",0.963888888888889,"0 0"
"3727","E5","A19",42.8602,2024-02-27 11:38:00,"E",5,"19","0","0",13,"19 0 0 13",7.98819444444444,"0 0"
"3728","E5","A19",38.8504,2024-02-21 11:02:00,"E",5,"19","0","0",13,"19 0 0 13",1.96319444444444,"0 0"
"3729","E5","A19",58.8788,2024-02-22 11:30:00,"E",5,"19","0","0",13,"19 0 0 13",2.98263888888889,"0 0"
"3730","E5","A19",69.9406,2024-02-25 11:35:00,"E",5,"19","0","0",13,"19 0 0 13",5.98611111111111,"0 0"
"3731","E5","A19",37.1014,2024-03-01 11:59:00,"E",5,"19","0","0",13,"19 0 0 13",11.0027777777778,"0 0"
"3732","E5","A19",52.0176,2024-02-26 11:31:00,"E",5,"19","0","0",13,"19 0 0 13",6.98333333333333,"0 0"
"3733","E5","A22",24.219,2024-02-19 11:55:00,"E",5,"22","0","0",13,"22 0 0 13",0,"0 0"
"3734","E5","A22",74.754,2024-02-23 11:31:00,"E",5,"22","0","0",13,"22 0 0 13",3.98333333333333,"0 0"
"3735","E5","A22",37.7444,2024-02-28 10:59:00,"E",5,"22","0","0",13,"22 0 0 13",8.96111111111111,"0 0"
"3736","E5","A22",93.7664,2024-02-24 11:06:00,"E",5,"22","0","0",13,"22 0 0 13",4.96597222222222,"0 0"
"3737","E5","A22",33.319,2024-02-29 11:03:00,"E",5,"22","0","0",13,"22 0 0 13",9.96388888888889,"0 0"
"3738","E5","A22",24.4778,2024-02-20 11:03:00,"E",5,"22","0","0",13,"22 0 0 13",0.963888888888889,"0 0"
"3739","E5","A22",45.6126,2024-02-27 11:38:00,"E",5,"22","0","0",13,"22 0 0 13",7.98819444444444,"0 0"
"3740","E5","A22",52.3516,2024-02-21 11:02:00,"E",5,"22","0","0",13,"22 0 0 13",1.96319444444444,"0 0"
"3741","E5","A22",62.0322,2024-02-22 11:30:00,"E",5,"22","0","0",13,"22 0 0 13",2.98263888888889,"0 0"
"3742","E5","A22",80.7602,2024-02-25 11:35:00,"E",5,"22","0","0",13,"22 0 0 13",5.98611111111111,"0 0"
"3743","E5","A22",31.1784,2024-03-01 11:59:00,"E",5,"22","0","0",13,"22 0 0 13",11.0027777777778,"0 0"
"3744","E5","A22",66.2058,2024-02-26 11:31:00,"E",5,"22","0","0",13,"22 0 0 13",6.98333333333333,"0 0"
"3745","E5","A25",22.6498,2024-02-19 11:55:00,"E",5,"25","0","0",13,"25 0 0 13",0,"0 0"
"3746","E5","A25",74.2886,2024-02-23 11:31:00,"E",5,"25","0","0",13,"25 0 0 13",3.98333333333333,"0 0"
"3747","E5","A25",26.6186,2024-02-28 10:59:00,"E",5,"25","0","0",13,"25 0 0 13",8.96111111111111,"0 0"
"3748","E5","A25",65.4666,2024-02-24 11:06:00,"E",5,"25","0","0",13,"25 0 0 13",4.96597222222222,"0 0"
"3749","E5","A25",25.1724,2024-02-29 11:03:00,"E",5,"25","0","0",13,"25 0 0 13",9.96388888888889,"0 0"
"3750","E5","A25",21.4604,2024-02-20 11:03:00,"E",5,"25","0","0",13,"25 0 0 13",0.963888888888889,"0 0"
"3751","E5","A25",28.8482,2024-02-27 11:38:00,"E",5,"25","0","0",13,"25 0 0 13",7.98819444444444,"0 0"
"3752","E5","A25",46.0554,2024-02-21 11:02:00,"E",5,"25","0","0",13,"25 0 0 13",1.96319444444444,"0 0"
"3753","E5","A25",57.9026,2024-02-22 11:30:00,"E",5,"25","0","0",13,"25 0 0 13",2.98263888888889,"0 0"
"3754","E5","A25",51.2304,2024-02-25 11:35:00,"E",5,"25","0","0",13,"25 0 0 13",5.98611111111111,"0 0"
"3755","E5","A25",24.3674,2024-03-01 11:59:00,"E",5,"25","0","0",13,"25 0 0 13",11.0027777777778,"0 0"
"3756","E5","A25",34.792,2024-02-26 11:31:00,"E",5,"25","0","0",13,"25 0 0 13",6.98333333333333,"0 0"
"3757","E5","A27",17.788,2024-02-19 11:55:00,"E",5,"27","0","0",13,"27 0 0 13",0,"0 0"
"3758","E5","A27",50.2946,2024-02-23 11:31:00,"E",5,"27","0","0",13,"27 0 0 13",3.98333333333333,"0 0"
"3759","E5","A27",18.2016,2024-02-28 10:59:00,"E",5,"27","0","0",13,"27 0 0 13",8.96111111111111,"0 0"
"3760","E5","A27",48.1856,2024-02-24 11:06:00,"E",5,"27","0","0",13,"27 0 0 13",4.96597222222222,"0 0"
"3761","E5","A27",16.7248,2024-02-29 11:03:00,"E",5,"27","0","0",13,"27 0 0 13",9.96388888888889,"0 0"
"3762","E5","A27",13.9938,2024-02-20 11:03:00,"E",5,"27","0","0",13,"27 0 0 13",0.963888888888889,"0 0"
"3763","E5","A27",21.4408,2024-02-27 11:38:00,"E",5,"27","0","0",13,"27 0 0 13",7.98819444444444,"0 0"
"3764","E5","A27",25.646,2024-02-21 11:02:00,"E",5,"27","0","0",13,"27 0 0 13",1.96319444444444,"0 0"
"3765","E5","A27",37.7106,2024-02-22 11:30:00,"E",5,"27","0","0",13,"27 0 0 13",2.98263888888889,"0 0"
"3766","E5","A27",42.0422,2024-02-25 11:35:00,"E",5,"27","0","0",13,"27 0 0 13",5.98611111111111,"0 0"
"3767","E5","A27",14.3816,2024-03-01 11:59:00,"E",5,"27","0","0",13,"27 0 0 13",11.0027777777778,"0 0"
"3768","E5","A27",27.4234,2024-02-26 11:31:00,"E",5,"27","0","0",13,"27 0 0 13",6.98333333333333,"0 0"
"3769","E5","X13",25.0446,2024-02-19 11:55:00,"E",5,"13","0","1",13,"13 1 0 13",0,"0 1"
"3770","E5","X13",71.9512,2024-02-23 11:31:00,"E",5,"13","0","1",13,"13 1 0 13",3.98333333333333,"0 1"
"3771","E5","X13",84.7474,2024-02-28 10:59:00,"E",5,"13","0","1",13,"13 1 0 13",8.96111111111111,"0 1"
"3772","E5","X13",104.4222,2024-02-24 11:06:00,"E",5,"13","0","1",13,"13 1 0 13",4.96597222222222,"0 1"
"3773","E5","X13",72.0358,2024-02-29 11:03:00,"E",5,"13","0","1",13,"13 1 0 13",9.96388888888889,"0 1"
"3774","E5","X13",16.9048,2024-02-20 11:03:00,"E",5,"13","0","1",13,"13 1 0 13",0.963888888888889,"0 1"
"3775","E5","X13",97.8138,2024-02-27 11:38:00,"E",5,"13","0","1",13,"13 1 0 13",7.98819444444444,"0 1"
"3776","E5","X13",24.359,2024-02-21 11:02:00,"E",5,"13","0","1",13,"13 1 0 13",1.96319444444444,"0 1"
"3777","E5","X13",48.2764,2024-02-22 11:30:00,"E",5,"13","0","1",13,"13 1 0 13",2.98263888888889,"0 1"
"3778","E5","X13",96.8652,2024-02-25 11:35:00,"E",5,"13","0","1",13,"13 1 0 13",5.98611111111111,"0 1"
"3779","E5","X13",73.8068,2024-03-01 11:59:00,"E",5,"13","0","1",13,"13 1 0 13",11.0027777777778,"0 1"
"3780","E5","X13",94.8622,2024-02-26 11:31:00,"E",5,"13","0","1",13,"13 1 0 13",6.98333333333333,"0 1"
"3781","E5","X20",29.1202,2024-02-19 11:55:00,"E",5,"20","0","1",13,"20 1 0 13",0,"0 1"
"3782","E5","X20",133.1992,2024-02-23 11:31:00,"E",5,"20","0","1",13,"20 1 0 13",3.98333333333333,"0 1"
"3783","E5","X20",98.719,2024-02-28 10:59:00,"E",5,"20","0","1",13,"20 1 0 13",8.96111111111111,"0 1"
"3784","E5","X20",135.2242,2024-02-24 11:06:00,"E",5,"20","0","1",13,"20 1 0 13",4.96597222222222,"0 1"
"3785","E5","X20",87.1836,2024-02-29 11:03:00,"E",5,"20","0","1",13,"20 1 0 13",9.96388888888889,"0 1"
"3786","E5","X20",22.8808,2024-02-20 11:03:00,"E",5,"20","0","1",13,"20 1 0 13",0.963888888888889,"0 1"
"3787","E5","X20",131.4822,2024-02-27 11:38:00,"E",5,"20","0","1",13,"20 1 0 13",7.98819444444444,"0 1"
"3788","E5","X20",75.0328,2024-02-21 11:02:00,"E",5,"20","0","1",13,"20 1 0 13",1.96319444444444,"0 1"
"3789","E5","X20",107.2202,2024-02-22 11:30:00,"E",5,"20","0","1",13,"20 1 0 13",2.98263888888889,"0 1"
"3790","E5","X20",138.4144,2024-02-25 11:35:00,"E",5,"20","0","1",13,"20 1 0 13",5.98611111111111,"0 1"
"3791","E5","X20",66.1616,2024-03-01 11:59:00,"E",5,"20","0","1",13,"20 1 0 13",11.0027777777778,"0 1"
"3792","E5","X20",119.603,2024-02-26 11:31:00,"E",5,"20","0","1",13,"20 1 0 13",6.98333333333333,"0 1"
"3793","E5","X22",32.6552,2024-02-19 11:55:00,"E",5,"22","0","1",13,"22 1 0 13",0,"0 1"
"3794","E5","X22",157.6644,2024-02-23 11:31:00,"E",5,"22","0","1",13,"22 1 0 13",3.98333333333333,"0 1"
"3795","E5","X22",98.988,2024-02-28 10:59:00,"E",5,"22","0","1",13,"22 1 0 13",8.96111111111111,"0 1"
"3796","E5","X22",118.0936,2024-02-24 11:06:00,"E",5,"22","0","1",13,"22 1 0 13",4.96597222222222,"0 1"
"3797","E5","X22",89.4906,2024-02-29 11:03:00,"E",5,"22","0","1",13,"22 1 0 13",9.96388888888889,"0 1"
"3798","E5","X22",28.162,2024-02-20 11:03:00,"E",5,"22","0","1",13,"22 1 0 13",0.963888888888889,"0 1"
"3799","E5","X22",144.4234,2024-02-27 11:38:00,"E",5,"22","0","1",13,"22 1 0 13",7.98819444444444,"0 1"
"3800","E5","X22",77.2984,2024-02-21 11:02:00,"E",5,"22","0","1",13,"22 1 0 13",1.96319444444444,"0 1"
"3801","E5","X22",103.2002,2024-02-22 11:30:00,"E",5,"22","0","1",13,"22 1 0 13",2.98263888888889,"0 1"
"3802","E5","X22",168.9304,2024-02-25 11:35:00,"E",5,"22","0","1",13,"22 1 0 13",5.98611111111111,"0 1"
"3803","E5","X22",69.5356,2024-03-01 11:59:00,"E",5,"22","0","1",13,"22 1 0 13",11.0027777777778,"0 1"
"3804","E5","X22",155.176,2024-02-26 11:31:00,"E",5,"22","0","1",13,"22 1 0 13",6.98333333333333,"0 1"
"3805","E5","X25",28.9998,2024-02-19 11:55:00,"E",5,"25","0","1",13,"25 1 0 13",0,"0 1"
"3806","E5","X25",102.9184,2024-02-23 11:31:00,"E",5,"25","0","1",13,"25 1 0 13",3.98333333333333,"0 1"
"3807","E5","X25",69.5304,2024-02-28 10:59:00,"E",5,"25","0","1",13,"25 1 0 13",8.96111111111111,"0 1"
"3808","E5","X25",148.7636,2024-02-24 11:06:00,"E",5,"25","0","1",13,"25 1 0 13",4.96597222222222,"0 1"
"3809","E5","X25",62.3702,2024-02-29 11:03:00,"E",5,"25","0","1",13,"25 1 0 13",9.96388888888889,"0 1"
"3810","E5","X25",27.6038,2024-02-20 11:03:00,"E",5,"25","0","1",13,"25 1 0 13",0.963888888888889,"0 1"
"3811","E5","X25",96.7436,2024-02-27 11:38:00,"E",5,"25","0","1",13,"25 1 0 13",7.98819444444444,"0 1"
"3812","E5","X25",71.9194,2024-02-21 11:02:00,"E",5,"25","0","1",13,"25 1 0 13",1.96319444444444,"0 1"
"3813","E5","X25",102.061,2024-02-22 11:30:00,"E",5,"25","0","1",13,"25 1 0 13",2.98263888888889,"0 1"
"3814","E5","X25",178.7306,2024-02-25 11:35:00,"E",5,"25","0","1",13,"25 1 0 13",5.98611111111111,"0 1"
"3815","E5","X25",51.58,2024-03-01 11:59:00,"E",5,"25","0","1",13,"25 1 0 13",11.0027777777778,"0 1"
"3816","E5","X25",123.1484,2024-02-26 11:31:00,"E",5,"25","0","1",13,"25 1 0 13",6.98333333333333,"0 1"
"3817","E5","X27",25.7052,2024-02-19 11:55:00,"E",5,"27","0","1",13,"27 1 0 13",0,"0 1"
"3818","E5","X27",75.4932,2024-02-23 11:31:00,"E",5,"27","0","1",13,"27 1 0 13",3.98333333333333,"0 1"
"3819","E5","X27",106.1816,2024-02-28 10:59:00,"E",5,"27","0","1",13,"27 1 0 13",8.96111111111111,"0 1"
"3820","E5","X27",89.7084,2024-02-24 11:06:00,"E",5,"27","0","1",13,"27 1 0 13",4.96597222222222,"0 1"
"3821","E5","X27",89.5328,2024-02-29 11:03:00,"E",5,"27","0","1",13,"27 1 0 13",9.96388888888889,"0 1"
"3822","E5","X27",17.121,2024-02-20 11:03:00,"E",5,"27","0","1",13,"27 1 0 13",0.963888888888889,"0 1"
"3823","E5","X27",123.623,2024-02-27 11:38:00,"E",5,"27","0","1",13,"27 1 0 13",7.98819444444444,"0 1"
"3824","E5","X27",35.8162,2024-02-21 11:02:00,"E",5,"27","0","1",13,"27 1 0 13",1.96319444444444,"0 1"
"3825","E5","X27",62.2996,2024-02-22 11:30:00,"E",5,"27","0","1",13,"27 1 0 13",2.98263888888889,"0 1"
"3826","E5","X27",103.1532,2024-02-25 11:35:00,"E",5,"27","0","1",13,"27 1 0 13",5.98611111111111,"0 1"
"3827","E5","X27",85.123,2024-03-01 11:59:00,"E",5,"27","0","1",13,"27 1 0 13",11.0027777777778,"0 1"
"3828","E5","X27",99.4176,2024-02-26 11:31:00,"E",5,"27","0","1",13,"27 1 0 13",6.98333333333333,"0 1"
"3829","E6","A12",32.4782,2024-02-29 11:03:00,"E",6,"12","0","0",14,"12 0 0 14",9.96388888888889,"0 0"
"3830","E6","A12",25.2422,2024-02-22 11:30:00,"E",6,"12","0","0",14,"12 0 0 14",2.98263888888889,"0 0"
"3831","E6","A12",10.0754,2024-02-20 11:03:00,"E",6,"12","0","0",14,"12 0 0 14",0.963888888888889,"0 0"
"3832","E6","A12",20.208,2024-02-19 11:55:00,"E",6,"12","0","0",14,"12 0 0 14",0,"0 0"
"3833","E6","A12",48.8178,2024-02-24 11:06:00,"E",6,"12","0","0",14,"12 0 0 14",4.96597222222222,"0 0"
"3834","E6","A12",34.9866,2024-02-28 10:59:00,"E",6,"12","0","0",14,"12 0 0 14",8.96111111111111,"0 0"
"3835","E6","A12",44.2054,2024-02-26 11:31:00,"E",6,"12","0","0",14,"12 0 0 14",6.98333333333333,"0 0"
"3836","E6","A12",47.338,2024-02-25 11:35:00,"E",6,"12","0","0",14,"12 0 0 14",5.98611111111111,"0 0"
"3837","E6","A12",39.6428,2024-02-23 11:31:00,"E",6,"12","0","0",14,"12 0 0 14",3.98333333333333,"0 0"
"3838","E6","A12",15.2972,2024-02-21 11:02:00,"E",6,"12","0","0",14,"12 0 0 14",1.96319444444444,"0 0"
"3839","E6","A12",28.1566,2024-03-01 11:59:00,"E",6,"12","0","0",14,"12 0 0 14",11.0027777777778,"0 0"
"3840","E6","A12",39.4566,2024-02-27 11:38:00,"E",6,"12","0","0",14,"12 0 0 14",7.98819444444444,"0 0"
"3841","E6","A16",39.149,2024-02-29 11:03:00,"E",6,"16","0","0",14,"16 0 0 14",9.96388888888889,"0 0"
"3842","E6","A16",52.9784,2024-02-22 11:30:00,"E",6,"16","0","0",14,"16 0 0 14",2.98263888888889,"0 0"
"3843","E6","A16",13.988,2024-02-20 11:03:00,"E",6,"16","0","0",14,"16 0 0 14",0.963888888888889,"0 0"
"3844","E6","A16",25.9956,2024-02-19 11:55:00,"E",6,"16","0","0",14,"16 0 0 14",0,"0 0"
"3845","E6","A16",76.099,2024-02-24 11:06:00,"E",6,"16","0","0",14,"16 0 0 14",4.96597222222222,"0 0"
"3846","E6","A16",41.3756,2024-02-28 10:59:00,"E",6,"16","0","0",14,"16 0 0 14",8.96111111111111,"0 0"
"3847","E6","A16",65.6358,2024-02-26 11:31:00,"E",6,"16","0","0",14,"16 0 0 14",6.98333333333333,"0 0"
"3848","E6","A16",65.3808,2024-02-25 11:35:00,"E",6,"16","0","0",14,"16 0 0 14",5.98611111111111,"0 0"
"3849","E6","A16",64.9214,2024-02-23 11:31:00,"E",6,"16","0","0",14,"16 0 0 14",3.98333333333333,"0 0"
"3850","E6","A16",31.458,2024-02-21 11:02:00,"E",6,"16","0","0",14,"16 0 0 14",1.96319444444444,"0 0"
"3851","E6","A16",32.6812,2024-03-01 11:59:00,"E",6,"16","0","0",14,"16 0 0 14",11.0027777777778,"0 0"
"3852","E6","A16",52.0788,2024-02-27 11:38:00,"E",6,"16","0","0",14,"16 0 0 14",7.98819444444444,"0 0"
"3853","E6","A19",31.2104,2024-02-29 11:03:00,"E",6,"19","0","0",14,"19 0 0 14",9.96388888888889,"0 0"
"3854","E6","A19",54.8418,2024-02-22 11:30:00,"E",6,"19","0","0",14,"19 0 0 14",2.98263888888889,"0 0"
"3855","E6","A19",15.2572,2024-02-20 11:03:00,"E",6,"19","0","0",14,"19 0 0 14",0.963888888888889,"0 0"
"3856","E6","A19",20.9884,2024-02-19 11:55:00,"E",6,"19","0","0",14,"19 0 0 14",0,"0 0"
"3857","E6","A19",68.4296,2024-02-24 11:06:00,"E",6,"19","0","0",14,"19 0 0 14",4.96597222222222,"0 0"
"3858","E6","A19",33.6162,2024-02-28 10:59:00,"E",6,"19","0","0",14,"19 0 0 14",8.96111111111111,"0 0"
"3859","E6","A19",50.9194,2024-02-26 11:31:00,"E",6,"19","0","0",14,"19 0 0 14",6.98333333333333,"0 0"
"3860","E6","A19",66.0694,2024-02-25 11:35:00,"E",6,"19","0","0",14,"19 0 0 14",5.98611111111111,"0 0"
"3861","E6","A19",74.968,2024-02-23 11:31:00,"E",6,"19","0","0",14,"19 0 0 14",3.98333333333333,"0 0"
"3862","E6","A19",36.8502,2024-02-21 11:02:00,"E",6,"19","0","0",14,"19 0 0 14",1.96319444444444,"0 0"
"3863","E6","A19",39.1664,2024-03-01 11:59:00,"E",6,"19","0","0",14,"19 0 0 14",11.0027777777778,"0 0"
"3864","E6","A19",42.9968,2024-02-27 11:38:00,"E",6,"19","0","0",14,"19 0 0 14",7.98819444444444,"0 0"
"3865","E6","A22",30.0076,2024-02-29 11:03:00,"E",6,"22","0","0",14,"22 0 0 14",9.96388888888889,"0 0"
"3866","E6","A22",54.9988,2024-02-22 11:30:00,"E",6,"22","0","0",14,"22 0 0 14",2.98263888888889,"0 0"
"3867","E6","A22",21.7748,2024-02-20 11:03:00,"E",6,"22","0","0",14,"22 0 0 14",0.963888888888889,"0 0"
"3868","E6","A22",25.2358,2024-02-19 11:55:00,"E",6,"22","0","0",14,"22 0 0 14",0,"0 0"
"3869","E6","A22",82.06,2024-02-24 11:06:00,"E",6,"22","0","0",14,"22 0 0 14",4.96597222222222,"0 0"
"3870","E6","A22",33.2236,2024-02-28 10:59:00,"E",6,"22","0","0",14,"22 0 0 14",8.96111111111111,"0 0"
"3871","E6","A22",54.5636,2024-02-26 11:31:00,"E",6,"22","0","0",14,"22 0 0 14",6.98333333333333,"0 0"
"3872","E6","A22",67.859,2024-02-25 11:35:00,"E",6,"22","0","0",14,"22 0 0 14",5.98611111111111,"0 0"
"3873","E6","A22",66.9978,2024-02-23 11:31:00,"E",6,"22","0","0",14,"22 0 0 14",3.98333333333333,"0 0"
"3874","E6","A22",46.7788,2024-02-21 11:02:00,"E",6,"22","0","0",14,"22 0 0 14",1.96319444444444,"0 0"
"3875","E6","A22",27.553,2024-03-01 11:59:00,"E",6,"22","0","0",14,"22 0 0 14",11.0027777777778,"0 0"
"3876","E6","A22",39.4818,2024-02-27 11:38:00,"E",6,"22","0","0",14,"22 0 0 14",7.98819444444444,"0 0"
"3877","E6","A25",23.6934,2024-02-29 11:03:00,"E",6,"25","0","0",14,"25 0 0 14",9.96388888888889,"0 0"
"3878","E6","A25",57.0318,2024-02-22 11:30:00,"E",6,"25","0","0",14,"25 0 0 14",2.98263888888889,"0 0"
"3879","E6","A25",19.7032,2024-02-20 11:03:00,"E",6,"25","0","0",14,"25 0 0 14",0.963888888888889,"0 0"
"3880","E6","A25",23.2058,2024-02-19 11:55:00,"E",6,"25","0","0",14,"25 0 0 14",0,"0 0"
"3881","E6","A25",64.1352,2024-02-24 11:06:00,"E",6,"25","0","0",14,"25 0 0 14",4.96597222222222,"0 0"
"3882","E6","A25",25.2732,2024-02-28 10:59:00,"E",6,"25","0","0",14,"25 0 0 14",8.96111111111111,"0 0"
"3883","E6","A25",33.0488,2024-02-26 11:31:00,"E",6,"25","0","0",14,"25 0 0 14",6.98333333333333,"0 0"
"3884","E6","A25",47.8454,2024-02-25 11:35:00,"E",6,"25","0","0",14,"25 0 0 14",5.98611111111111,"0 0"
"3885","E6","A25",73.7318,2024-02-23 11:31:00,"E",6,"25","0","0",14,"25 0 0 14",3.98333333333333,"0 0"
"3886","E6","A25",43.2656,2024-02-21 11:02:00,"E",6,"25","0","0",14,"25 0 0 14",1.96319444444444,"0 0"
"3887","E6","A25",22.9158,2024-03-01 11:59:00,"E",6,"25","0","0",14,"25 0 0 14",11.0027777777778,"0 0"
"3888","E6","A25",27.1906,2024-02-27 11:38:00,"E",6,"25","0","0",14,"25 0 0 14",7.98819444444444,"0 0"
"3889","E6","A27",15.3408,2024-02-29 11:03:00,"E",6,"27","0","0",14,"27 0 0 14",9.96388888888889,"0 0"
"3890","E6","A27",33.8636,2024-02-22 11:30:00,"E",6,"27","0","0",14,"27 0 0 14",2.98263888888889,"0 0"
"3891","E6","A27",13.3278,2024-02-20 11:03:00,"E",6,"27","0","0",14,"27 0 0 14",0.963888888888889,"0 0"
"3892","E6","A27",17.7496,2024-02-19 11:55:00,"E",6,"27","0","0",14,"27 0 0 14",0,"0 0"
"3893","E6","A27",43.1388,2024-02-24 11:06:00,"E",6,"27","0","0",14,"27 0 0 14",4.96597222222222,"0 0"
"3894","E6","A27",16.5452,2024-02-28 10:59:00,"E",6,"27","0","0",14,"27 0 0 14",8.96111111111111,"0 0"
"3895","E6","A27",24.8902,2024-02-26 11:31:00,"E",6,"27","0","0",14,"27 0 0 14",6.98333333333333,"0 0"
"3896","E6","A27",38.4072,2024-02-25 11:35:00,"E",6,"27","0","0",14,"27 0 0 14",5.98611111111111,"0 0"
"3897","E6","A27",45.8962,2024-02-23 11:31:00,"E",6,"27","0","0",14,"27 0 0 14",3.98333333333333,"0 0"
"3898","E6","A27",23.2988,2024-02-21 11:02:00,"E",6,"27","0","0",14,"27 0 0 14",1.96319444444444,"0 0"
"3899","E6","A27",13.1352,2024-03-01 11:59:00,"E",6,"27","0","0",14,"27 0 0 14",11.0027777777778,"0 0"
"3900","E6","A27",19.6224,2024-02-27 11:38:00,"E",6,"27","0","0",14,"27 0 0 14",7.98819444444444,"0 0"
"3901","E6","X13",65.1512,2024-02-29 11:03:00,"E",6,"13","0","1",14,"13 1 0 14",9.96388888888889,"0 1"
"3902","E6","X13",52.939,2024-02-22 11:30:00,"E",6,"13","0","1",14,"13 1 0 14",2.98263888888889,"0 1"
"3903","E6","X13",18.6212,2024-02-20 11:03:00,"E",6,"13","0","1",14,"13 1 0 14",0.963888888888889,"0 1"
"3904","E6","X13",25.5076,2024-02-19 11:55:00,"E",6,"13","0","1",14,"13 1 0 14",0,"0 1"
"3905","E6","X13",107.4914,2024-02-24 11:06:00,"E",6,"13","0","1",14,"13 1 0 14",4.96597222222222,"0 1"
"3906","E6","X13",79.7762,2024-02-28 10:59:00,"E",6,"13","0","1",14,"13 1 0 14",8.96111111111111,"0 1"
"3907","E6","X13",92.1966,2024-02-26 11:31:00,"E",6,"13","0","1",14,"13 1 0 14",6.98333333333333,"0 1"
"3908","E6","X13",95.6546,2024-02-25 11:35:00,"E",6,"13","0","1",14,"13 1 0 14",5.98611111111111,"0 1"
"3909","E6","X13",74.1586,2024-02-23 11:31:00,"E",6,"13","0","1",14,"13 1 0 14",3.98333333333333,"0 1"
"3910","E6","X13",25.9424,2024-02-21 11:02:00,"E",6,"13","0","1",14,"13 1 0 14",1.96319444444444,"0 1"
"3911","E6","X13",68.3536,2024-03-01 11:59:00,"E",6,"13","0","1",14,"13 1 0 14",11.0027777777778,"0 1"
"3912","E6","X13",93.589,2024-02-27 11:38:00,"E",6,"13","0","1",14,"13 1 0 14",7.98819444444444,"0 1"
"3913","E6","X20",90.7244,2024-02-29 11:03:00,"E",6,"20","0","1",14,"20 1 0 14",9.96388888888889,"0 1"
"3914","E6","X20",99.2392,2024-02-22 11:30:00,"E",6,"20","0","1",14,"20 1 0 14",2.98263888888889,"0 1"
"3915","E6","X20",22.3478,2024-02-20 11:03:00,"E",6,"20","0","1",14,"20 1 0 14",0.963888888888889,"0 1"
"3916","E6","X20",29.7288,2024-02-19 11:55:00,"E",6,"20","0","1",14,"20 1 0 14",0,"0 1"
"3917","E6","X20",137.2764,2024-02-24 11:06:00,"E",6,"20","0","1",14,"20 1 0 14",4.96597222222222,"0 1"
"3918","E6","X20",99.2014,2024-02-28 10:59:00,"E",6,"20","0","1",14,"20 1 0 14",8.96111111111111,"0 1"
"3919","E6","X20",114.934,2024-02-26 11:31:00,"E",6,"20","0","1",14,"20 1 0 14",6.98333333333333,"0 1"
"3920","E6","X20",136.5646,2024-02-25 11:35:00,"E",6,"20","0","1",14,"20 1 0 14",5.98611111111111,"0 1"
"3921","E6","X20",136.1048,2024-02-23 11:31:00,"E",6,"20","0","1",14,"20 1 0 14",3.98333333333333,"0 1"
"3922","E6","X20",70.736,2024-02-21 11:02:00,"E",6,"20","0","1",14,"20 1 0 14",1.96319444444444,"0 1"
"3923","E6","X20",69.707,2024-03-01 11:59:00,"E",6,"20","0","1",14,"20 1 0 14",11.0027777777778,"0 1"
"3924","E6","X20",132.6864,2024-02-27 11:38:00,"E",6,"20","0","1",14,"20 1 0 14",7.98819444444444,"0 1"
"3925","E6","X22",84.4132,2024-02-29 11:03:00,"E",6,"22","0","1",14,"22 1 0 14",9.96388888888889,"0 1"
"3926","E6","X22",101.2804,2024-02-22 11:30:00,"E",6,"22","0","1",14,"22 1 0 14",2.98263888888889,"0 1"
"3927","E6","X22",28.1614,2024-02-20 11:03:00,"E",6,"22","0","1",14,"22 1 0 14",0.963888888888889,"0 1"
"3928","E6","X22",32.132,2024-02-19 11:55:00,"E",6,"22","0","1",14,"22 1 0 14",0,"0 1"
"3929","E6","X22",115.0778,2024-02-24 11:06:00,"E",6,"22","0","1",14,"22 1 0 14",4.96597222222222,"0 1"
"3930","E6","X22",92.3358,2024-02-28 10:59:00,"E",6,"22","0","1",14,"22 1 0 14",8.96111111111111,"0 1"
"3931","E6","X22",148.0042,2024-02-26 11:31:00,"E",6,"22","0","1",14,"22 1 0 14",6.98333333333333,"0 1"
"3932","E6","X22",159.7548,2024-02-25 11:35:00,"E",6,"22","0","1",14,"22 1 0 14",5.98611111111111,"0 1"
"3933","E6","X22",152.3114,2024-02-23 11:31:00,"E",6,"22","0","1",14,"22 1 0 14",3.98333333333333,"0 1"
"3934","E6","X22",75.6464,2024-02-21 11:02:00,"E",6,"22","0","1",14,"22 1 0 14",1.96319444444444,"0 1"
"3935","E6","X22",65.9338,2024-03-01 11:59:00,"E",6,"22","0","1",14,"22 1 0 14",11.0027777777778,"0 1"
"3936","E6","X22",133.5972,2024-02-27 11:38:00,"E",6,"22","0","1",14,"22 1 0 14",7.98819444444444,"0 1"
"3937","E6","X25",58.1436,2024-02-29 11:03:00,"E",6,"25","0","1",14,"25 1 0 14",9.96388888888889,"0 1"
"3938","E6","X25",97.8848,2024-02-22 11:30:00,"E",6,"25","0","1",14,"25 1 0 14",2.98263888888889,"0 1"
"3939","E6","X25",27.6336,2024-02-20 11:03:00,"E",6,"25","0","1",14,"25 1 0 14",0.963888888888889,"0 1"
"3940","E6","X25",29.1228,2024-02-19 11:55:00,"E",6,"25","0","1",14,"25 1 0 14",0,"0 1"
"3941","E6","X25",145.0512,2024-02-24 11:06:00,"E",6,"25","0","1",14,"25 1 0 14",4.96597222222222,"0 1"
"3942","E6","X25",65.4906,2024-02-28 10:59:00,"E",6,"25","0","1",14,"25 1 0 14",8.96111111111111,"0 1"
"3943","E6","X25",117.686,2024-02-26 11:31:00,"E",6,"25","0","1",14,"25 1 0 14",6.98333333333333,"0 1"
"3944","E6","X25",172.7212,2024-02-25 11:35:00,"E",6,"25","0","1",14,"25 1 0 14",5.98611111111111,"0 1"
"3945","E6","X25",100.3968,2024-02-23 11:31:00,"E",6,"25","0","1",14,"25 1 0 14",3.98333333333333,"0 1"
"3946","E6","X25",70.4986,2024-02-21 11:02:00,"E",6,"25","0","1",14,"25 1 0 14",1.96319444444444,"0 1"
"3947","E6","X25",48.7148,2024-03-01 11:59:00,"E",6,"25","0","1",14,"25 1 0 14",11.0027777777778,"0 1"
"3948","E6","X25",93.9164,2024-02-27 11:38:00,"E",6,"25","0","1",14,"25 1 0 14",7.98819444444444,"0 1"
"3949","E6","X27",76.6592,2024-02-29 11:03:00,"E",6,"27","0","1",14,"27 1 0 14",9.96388888888889,"0 1"
"3950","E6","X27",59.945,2024-02-22 11:30:00,"E",6,"27","0","1",14,"27 1 0 14",2.98263888888889,"0 1"
"3951","E6","X27",17.5646,2024-02-20 11:03:00,"E",6,"27","0","1",14,"27 1 0 14",0.963888888888889,"0 1"
"3952","E6","X27",25.6554,2024-02-19 11:55:00,"E",6,"27","0","1",14,"27 1 0 14",0,"0 1"
"3953","E6","X27",84.2,2024-02-24 11:06:00,"E",6,"27","0","1",14,"27 1 0 14",4.96597222222222,"0 1"
"3954","E6","X27",91.9216,2024-02-28 10:59:00,"E",6,"27","0","1",14,"27 1 0 14",8.96111111111111,"0 1"
"3955","E6","X27",90.7032,2024-02-26 11:31:00,"E",6,"27","0","1",14,"27 1 0 14",6.98333333333333,"0 1"
"3956","E6","X27",97.0562,2024-02-25 11:35:00,"E",6,"27","0","1",14,"27 1 0 14",5.98611111111111,"0 1"
"3957","E6","X27",71.4842,2024-02-23 11:31:00,"E",6,"27","0","1",14,"27 1 0 14",3.98333333333333,"0 1"
"3958","E6","X27",35.4718,2024-02-21 11:02:00,"E",6,"27","0","1",14,"27 1 0 14",1.96319444444444,"0 1"
"3959","E6","X27",71.1762,2024-03-01 11:59:00,"E",6,"27","0","1",14,"27 1 0 14",11.0027777777778,"0 1"
"3960","E6","X27",109.1084,2024-02-27 11:38:00,"E",6,"27","0","1",14,"27 1 0 14",7.98819444444444,"0 1"
"3961","E7","A12",50.1082,2024-02-24 11:06:00,"E",7,"12","0","0",15,"12 0 0 15",4.96597222222222,"0 0"
"3962","E7","A12",10.5284,2024-02-20 11:03:00,"E",7,"12","0","0",15,"12 0 0 15",0.963888888888889,"0 0"
"3963","E7","A12",35.2206,2024-02-28 10:59:00,"E",7,"12","0","0",15,"12 0 0 15",8.96111111111111,"0 0"
"3964","E7","A12",21.784,2024-02-19 11:55:00,"E",7,"12","0","0",15,"12 0 0 15",0,"0 0"
"3965","E7","A12",46.2232,2024-02-25 11:35:00,"E",7,"12","0","0",15,"12 0 0 15",5.98611111111111,"0 0"
"3966","E7","A12",44.3636,2024-02-23 11:31:00,"E",7,"12","0","0",15,"12 0 0 15",3.98333333333333,"0 0"
"3967","E7","A12",16.6922,2024-02-21 11:02:00,"E",7,"12","0","0",15,"12 0 0 15",1.96319444444444,"0 0"
"3968","E7","A12",35.147,2024-02-29 11:03:00,"E",7,"12","0","0",15,"12 0 0 15",9.96388888888889,"0 0"
"3969","E7","A12",28.638,2024-03-01 11:59:00,"E",7,"12","0","0",15,"12 0 0 15",11.0027777777778,"0 0"
"3970","E7","A12",40.612,2024-02-27 11:38:00,"E",7,"12","0","0",15,"12 0 0 15",7.98819444444444,"0 0"
"3971","E7","A12",44.905,2024-02-26 11:31:00,"E",7,"12","0","0",15,"12 0 0 15",6.98333333333333,"0 0"
"3972","E7","A12",27.7496,2024-02-22 11:30:00,"E",7,"12","0","0",15,"12 0 0 15",2.98263888888889,"0 0"
"3973","E7","A16",74.2018,2024-02-24 11:06:00,"E",7,"16","0","0",15,"16 0 0 15",4.96597222222222,"0 0"
"3974","E7","A16",14.175,2024-02-20 11:03:00,"E",7,"16","0","0",15,"16 0 0 15",0.963888888888889,"0 0"
"3975","E7","A16",41.8412,2024-02-28 10:59:00,"E",7,"16","0","0",15,"16 0 0 15",8.96111111111111,"0 0"
"3976","E7","A16",25.7444,2024-02-19 11:55:00,"E",7,"16","0","0",15,"16 0 0 15",0,"0 0"
"3977","E7","A16",65.1122,2024-02-25 11:35:00,"E",7,"16","0","0",15,"16 0 0 15",5.98611111111111,"0 0"
"3978","E7","A16",63.1254,2024-02-23 11:31:00,"E",7,"16","0","0",15,"16 0 0 15",3.98333333333333,"0 0"
"3979","E7","A16",32.8708,2024-02-21 11:02:00,"E",7,"16","0","0",15,"16 0 0 15",1.96319444444444,"0 0"
"3980","E7","A16",38.8096,2024-02-29 11:03:00,"E",7,"16","0","0",15,"16 0 0 15",9.96388888888889,"0 0"
"3981","E7","A16",32.0576,2024-03-01 11:59:00,"E",7,"16","0","0",15,"16 0 0 15",11.0027777777778,"0 0"
"3982","E7","A16",52.2176,2024-02-27 11:38:00,"E",7,"16","0","0",15,"16 0 0 15",7.98819444444444,"0 0"
"3983","E7","A16",64.8826,2024-02-26 11:31:00,"E",7,"16","0","0",15,"16 0 0 15",6.98333333333333,"0 0"
"3984","E7","A16",54.4678,2024-02-22 11:30:00,"E",7,"16","0","0",15,"16 0 0 15",2.98263888888889,"0 0"
"3985","E7","A19",70.9644,2024-02-24 11:06:00,"E",7,"19","0","0",15,"19 0 0 15",4.96597222222222,"0 0"
"3986","E7","A19",16.0552,2024-02-20 11:03:00,"E",7,"19","0","0",15,"19 0 0 15",0.963888888888889,"0 0"
"3987","E7","A19",33.4068,2024-02-28 10:59:00,"E",7,"19","0","0",15,"19 0 0 15",8.96111111111111,"0 0"
"3988","E7","A19",22.667,2024-02-19 11:55:00,"E",7,"19","0","0",15,"19 0 0 15",0,"0 0"
"3989","E7","A19",68.8038,2024-02-25 11:35:00,"E",7,"19","0","0",15,"19 0 0 15",5.98611111111111,"0 0"
"3990","E7","A19",77.7642,2024-02-23 11:31:00,"E",7,"19","0","0",15,"19 0 0 15",3.98333333333333,"0 0"
"3991","E7","A19",37.1504,2024-02-21 11:02:00,"E",7,"19","0","0",15,"19 0 0 15",1.96319444444444,"0 0"
"3992","E7","A19",30.866,2024-02-29 11:03:00,"E",7,"19","0","0",15,"19 0 0 15",9.96388888888889,"0 0"
"3993","E7","A19",38.0558,2024-03-01 11:59:00,"E",7,"19","0","0",15,"19 0 0 15",11.0027777777778,"0 0"
"3994","E7","A19",41.986,2024-02-27 11:38:00,"E",7,"19","0","0",15,"19 0 0 15",7.98819444444444,"0 0"
"3995","E7","A19",52.2916,2024-02-26 11:31:00,"E",7,"19","0","0",15,"19 0 0 15",6.98333333333333,"0 0"
"3996","E7","A19",53.6054,2024-02-22 11:30:00,"E",7,"19","0","0",15,"19 0 0 15",2.98263888888889,"0 0"
"3997","E7","A22",80.4208,2024-02-24 11:06:00,"E",7,"22","0","0",15,"22 0 0 15",4.96597222222222,"0 0"
"3998","E7","A22",19.9756,2024-02-20 11:03:00,"E",7,"22","0","0",15,"22 0 0 15",0.963888888888889,"0 0"
"3999","E7","A22",31.7544,2024-02-28 10:59:00,"E",7,"22","0","0",15,"22 0 0 15",8.96111111111111,"0 0"
"4000","E7","A22",24.7508,2024-02-19 11:55:00,"E",7,"22","0","0",15,"22 0 0 15",0,"0 0"
"4001","E7","A22",65.8916,2024-02-25 11:35:00,"E",7,"22","0","0",15,"22 0 0 15",5.98611111111111,"0 0"
"4002","E7","A22",63.4246,2024-02-23 11:31:00,"E",7,"22","0","0",15,"22 0 0 15",3.98333333333333,"0 0"
"4003","E7","A22",43.9974,2024-02-21 11:02:00,"E",7,"22","0","0",15,"22 0 0 15",1.96319444444444,"0 0"
"4004","E7","A22",28.6852,2024-02-29 11:03:00,"E",7,"22","0","0",15,"22 0 0 15",9.96388888888889,"0 0"
"4005","E7","A22",26.6024,2024-03-01 11:59:00,"E",7,"22","0","0",15,"22 0 0 15",11.0027777777778,"0 0"
"4006","E7","A22",37.6734,2024-02-27 11:38:00,"E",7,"22","0","0",15,"22 0 0 15",7.98819444444444,"0 0"
"4007","E7","A22",51.1852,2024-02-26 11:31:00,"E",7,"22","0","0",15,"22 0 0 15",6.98333333333333,"0 0"
"4008","E7","A22",52.3416,2024-02-22 11:30:00,"E",7,"22","0","0",15,"22 0 0 15",2.98263888888889,"0 0"
"4009","E7","A25",64.3568,2024-02-24 11:06:00,"E",7,"25","0","0",15,"25 0 0 15",4.96597222222222,"0 0"
"4010","E7","A25",20.067,2024-02-20 11:03:00,"E",7,"25","0","0",15,"25 0 0 15",0.963888888888889,"0 0"
"4011","E7","A25",26.1148,2024-02-28 10:59:00,"E",7,"25","0","0",15,"25 0 0 15",8.96111111111111,"0 0"
"4012","E7","A25",22.1254,2024-02-19 11:55:00,"E",7,"25","0","0",15,"25 0 0 15",0,"0 0"
"4013","E7","A25",48.367,2024-02-25 11:35:00,"E",7,"25","0","0",15,"25 0 0 15",5.98611111111111,"0 0"
"4014","E7","A25",74.3474,2024-02-23 11:31:00,"E",7,"25","0","0",15,"25 0 0 15",3.98333333333333,"0 0"
"4015","E7","A25",43.4584,2024-02-21 11:02:00,"E",7,"25","0","0",15,"25 0 0 15",1.96319444444444,"0 0"
"4016","E7","A25",25.1952,2024-02-29 11:03:00,"E",7,"25","0","0",15,"25 0 0 15",9.96388888888889,"0 0"
"4017","E7","A25",25.1904,2024-03-01 11:59:00,"E",7,"25","0","0",15,"25 0 0 15",11.0027777777778,"0 0"
"4018","E7","A25",27.9088,2024-02-27 11:38:00,"E",7,"25","0","0",15,"25 0 0 15",7.98819444444444,"0 0"
"4019","E7","A25",32.99,2024-02-26 11:31:00,"E",7,"25","0","0",15,"25 0 0 15",6.98333333333333,"0 0"
"4020","E7","A25",57.0122,2024-02-22 11:30:00,"E",7,"25","0","0",15,"25 0 0 15",2.98263888888889,"0 0"
"4021","E7","A27",43.9726,2024-02-24 11:06:00,"E",7,"27","0","0",15,"27 0 0 15",4.96597222222222,"0 0"
"4022","E7","A27",12.8216,2024-02-20 11:03:00,"E",7,"27","0","0",15,"27 0 0 15",0.963888888888889,"0 0"
"4023","E7","A27",16.3512,2024-02-28 10:59:00,"E",7,"27","0","0",15,"27 0 0 15",8.96111111111111,"0 0"
"4024","E7","A27",17.9636,2024-02-19 11:55:00,"E",7,"27","0","0",15,"27 0 0 15",0,"0 0"
"4025","E7","A27",37.5992,2024-02-25 11:35:00,"E",7,"27","0","0",15,"27 0 0 15",5.98611111111111,"0 0"
"4026","E7","A27",45.9488,2024-02-23 11:31:00,"E",7,"27","0","0",15,"27 0 0 15",3.98333333333333,"0 0"
"4027","E7","A27",22.7488,2024-02-21 11:02:00,"E",7,"27","0","0",15,"27 0 0 15",1.96319444444444,"0 0"
"4028","E7","A27",14.937,2024-02-29 11:03:00,"E",7,"27","0","0",15,"27 0 0 15",9.96388888888889,"0 0"
"4029","E7","A27",13.0728,2024-03-01 11:59:00,"E",7,"27","0","0",15,"27 0 0 15",11.0027777777778,"0 0"
"4030","E7","A27",19.3774,2024-02-27 11:38:00,"E",7,"27","0","0",15,"27 0 0 15",7.98819444444444,"0 0"
"4031","E7","A27",25.3218,2024-02-26 11:31:00,"E",7,"27","0","0",15,"27 0 0 15",6.98333333333333,"0 0"
"4032","E7","A27",34.1598,2024-02-22 11:30:00,"E",7,"27","0","0",15,"27 0 0 15",2.98263888888889,"0 0"
"4033","E7","X13",105.699,2024-02-24 11:06:00,"E",7,"13","0","1",15,"13 1 0 15",4.96597222222222,"0 1"
"4034","E7","X13",17.628,2024-02-20 11:03:00,"E",7,"13","0","1",15,"13 1 0 15",0.963888888888889,"0 1"
"4035","E7","X13",73.757,2024-02-28 10:59:00,"E",7,"13","0","1",15,"13 1 0 15",8.96111111111111,"0 1"
"4036","E7","X13",22.6004,2024-02-19 11:55:00,"E",7,"13","0","1",15,"13 1 0 15",0,"0 1"
"4037","E7","X13",93.3962,2024-02-25 11:35:00,"E",7,"13","0","1",15,"13 1 0 15",5.98611111111111,"0 1"
"4038","E7","X13",70.2766,2024-02-23 11:31:00,"E",7,"13","0","1",15,"13 1 0 15",3.98333333333333,"0 1"
"4039","E7","X13",24.7688,2024-02-21 11:02:00,"E",7,"13","0","1",15,"13 1 0 15",1.96319444444444,"0 1"
"4040","E7","X13",60.5432,2024-02-29 11:03:00,"E",7,"13","0","1",15,"13 1 0 15",9.96388888888889,"0 1"
"4041","E7","X13",64.1174,2024-03-01 11:59:00,"E",7,"13","0","1",15,"13 1 0 15",11.0027777777778,"0 1"
"4042","E7","X13",84.026,2024-02-27 11:38:00,"E",7,"13","0","1",15,"13 1 0 15",7.98819444444444,"0 1"
"4043","E7","X13",89.8374,2024-02-26 11:31:00,"E",7,"13","0","1",15,"13 1 0 15",6.98333333333333,"0 1"
"4044","E7","X13",51.9334,2024-02-22 11:30:00,"E",7,"13","0","1",15,"13 1 0 15",2.98263888888889,"0 1"
"4045","E7","X20",126.6656,2024-02-24 11:06:00,"E",7,"20","0","1",15,"20 1 0 15",4.96597222222222,"0 1"
"4046","E7","X20",21.487,2024-02-20 11:03:00,"E",7,"20","0","1",15,"20 1 0 15",0.963888888888889,"0 1"
"4047","E7","X20",85.886,2024-02-28 10:59:00,"E",7,"20","0","1",15,"20 1 0 15",8.96111111111111,"0 1"
"4048","E7","X20",27.9516,2024-02-19 11:55:00,"E",7,"20","0","1",15,"20 1 0 15",0,"0 1"
"4049","E7","X20",126.7888,2024-02-25 11:35:00,"E",7,"20","0","1",15,"20 1 0 15",5.98611111111111,"0 1"
"4050","E7","X20",126.28,2024-02-23 11:31:00,"E",7,"20","0","1",15,"20 1 0 15",3.98333333333333,"0 1"
"4051","E7","X20",69.1186,2024-02-21 11:02:00,"E",7,"20","0","1",15,"20 1 0 15",1.96319444444444,"0 1"
"4052","E7","X20",80.6858,2024-02-29 11:03:00,"E",7,"20","0","1",15,"20 1 0 15",9.96388888888889,"0 1"
"4053","E7","X20",61.6256,2024-03-01 11:59:00,"E",7,"20","0","1",15,"20 1 0 15",11.0027777777778,"0 1"
"4054","E7","X20",119.1292,2024-02-27 11:38:00,"E",7,"20","0","1",15,"20 1 0 15",7.98819444444444,"0 1"
"4055","E7","X20",102.621,2024-02-26 11:31:00,"E",7,"20","0","1",15,"20 1 0 15",6.98333333333333,"0 1"
"4056","E7","X20",98.2522,2024-02-22 11:30:00,"E",7,"20","0","1",15,"20 1 0 15",2.98263888888889,"0 1"
"4057","E7","X22",114.707,2024-02-24 11:06:00,"E",7,"22","0","1",15,"22 1 0 15",4.96597222222222,"0 1"
"4058","E7","X22",27.6698,2024-02-20 11:03:00,"E",7,"22","0","1",15,"22 1 0 15",0.963888888888889,"0 1"
"4059","E7","X22",88.7232,2024-02-28 10:59:00,"E",7,"22","0","1",15,"22 1 0 15",8.96111111111111,"0 1"
"4060","E7","X22",31.768,2024-02-19 11:55:00,"E",7,"22","0","1",15,"22 1 0 15",0,"0 1"
"4061","E7","X22",153.1494,2024-02-25 11:35:00,"E",7,"22","0","1",15,"22 1 0 15",5.98611111111111,"0 1"
"4062","E7","X22",150.0884,2024-02-23 11:31:00,"E",7,"22","0","1",15,"22 1 0 15",3.98333333333333,"0 1"
"4063","E7","X22",74.4434,2024-02-21 11:02:00,"E",7,"22","0","1",15,"22 1 0 15",1.96319444444444,"0 1"
"4064","E7","X22",80.8794,2024-02-29 11:03:00,"E",7,"22","0","1",15,"22 1 0 15",9.96388888888889,"0 1"
"4065","E7","X22",63.7674,2024-03-01 11:59:00,"E",7,"22","0","1",15,"22 1 0 15",11.0027777777778,"0 1"
"4066","E7","X22",124.445,2024-02-27 11:38:00,"E",7,"22","0","1",15,"22 1 0 15",7.98819444444444,"0 1"
"4067","E7","X22",146.3866,2024-02-26 11:31:00,"E",7,"22","0","1",15,"22 1 0 15",6.98333333333333,"0 1"
"4068","E7","X22",98.7394,2024-02-22 11:30:00,"E",7,"22","0","1",15,"22 1 0 15",2.98263888888889,"0 1"
"4069","E7","X25",155.6114,2024-02-24 11:06:00,"E",7,"25","0","1",15,"25 1 0 15",4.96597222222222,"0 1"
"4070","E7","X25",27.94,2024-02-20 11:03:00,"E",7,"25","0","1",15,"25 1 0 15",0.963888888888889,"0 1"
"4071","E7","X25",66.5426,2024-02-28 10:59:00,"E",7,"25","0","1",15,"25 1 0 15",8.96111111111111,"0 1"
"4072","E7","X25",28.707,2024-02-19 11:55:00,"E",7,"25","0","1",15,"25 1 0 15",0,"0 1"
"4073","E7","X25",171.5904,2024-02-25 11:35:00,"E",7,"25","0","1",15,"25 1 0 15",5.98611111111111,"0 1"
"4074","E7","X25",107.7914,2024-02-23 11:31:00,"E",7,"25","0","1",15,"25 1 0 15",3.98333333333333,"0 1"
"4075","E7","X25",70.1026,2024-02-21 11:02:00,"E",7,"25","0","1",15,"25 1 0 15",1.96319444444444,"0 1"
"4076","E7","X25",58.1866,2024-02-29 11:03:00,"E",7,"25","0","1",15,"25 1 0 15",9.96388888888889,"0 1"
"4077","E7","X25",48.0338,2024-03-01 11:59:00,"E",7,"25","0","1",15,"25 1 0 15",11.0027777777778,"0 1"
"4078","E7","X25",92.908,2024-02-27 11:38:00,"E",7,"25","0","1",15,"25 1 0 15",7.98819444444444,"0 1"
"4079","E7","X25",119.1804,2024-02-26 11:31:00,"E",7,"25","0","1",15,"25 1 0 15",6.98333333333333,"0 1"
"4080","E7","X25",97.2626,2024-02-22 11:30:00,"E",7,"25","0","1",15,"25 1 0 15",2.98263888888889,"0 1"
"4081","E7","X27",84.3266,2024-02-24 11:06:00,"E",7,"27","0","1",15,"27 1 0 15",4.96597222222222,"0 1"
"4082","E7","X27",18.752,2024-02-20 11:03:00,"E",7,"27","0","1",15,"27 1 0 15",0.963888888888889,"0 1"
"4083","E7","X27",95.167,2024-02-28 10:59:00,"E",7,"27","0","1",15,"27 1 0 15",8.96111111111111,"0 1"
"4084","E7","X27",24.261,2024-02-19 11:55:00,"E",7,"27","0","1",15,"27 1 0 15",0,"0 1"
"4085","E7","X27",95.795,2024-02-25 11:35:00,"E",7,"27","0","1",15,"27 1 0 15",5.98611111111111,"0 1"
"4086","E7","X27",73.006,2024-02-23 11:31:00,"E",7,"27","0","1",15,"27 1 0 15",3.98333333333333,"0 1"
"4087","E7","X27",36.1772,2024-02-21 11:02:00,"E",7,"27","0","1",15,"27 1 0 15",1.96319444444444,"0 1"
"4088","E7","X27",80.7192,2024-02-29 11:03:00,"E",7,"27","0","1",15,"27 1 0 15",9.96388888888889,"0 1"
"4089","E7","X27",74.5136,2024-03-01 11:59:00,"E",7,"27","0","1",15,"27 1 0 15",11.0027777777778,"0 1"
"4090","E7","X27",110.3722,2024-02-27 11:38:00,"E",7,"27","0","1",15,"27 1 0 15",7.98819444444444,"0 1"
"4091","E7","X27",89.7932,2024-02-26 11:31:00,"E",7,"27","0","1",15,"27 1 0 15",6.98333333333333,"0 1"
"4092","E7","X27",59.9042,2024-02-22 11:30:00,"E",7,"27","0","1",15,"27 1 0 15",2.98263888888889,"0 1"
"4093","E8","A12",29.0144,2024-02-29 11:03:00,"E",8,"12","0","0",16,"12 0 0 16",9.96388888888889,"0 0"
"4094","E8","A12",30.573,2024-02-28 10:59:00,"E",8,"12","0","0",16,"12 0 0 16",8.96111111111111,"0 0"
"4095","E8","A12",38.514,2024-02-25 11:35:00,"E",8,"12","0","0",16,"12 0 0 16",5.98611111111111,"0 0"
"4096","E8","A12",7.894,2024-02-20 11:03:00,"E",8,"12","0","0",16,"12 0 0 16",0.963888888888889,"0 0"
"4097","E8","A12",41.2746,2024-02-26 11:31:00,"E",8,"12","0","0",16,"12 0 0 16",6.98333333333333,"0 0"
"4098","E8","A12",34.9884,2024-02-23 11:31:00,"E",8,"12","0","0",16,"12 0 0 16",3.98333333333333,"0 0"
"4099","E8","A12",42.3626,2024-02-24 11:06:00,"E",8,"12","0","0",16,"12 0 0 16",4.96597222222222,"0 0"
"4100","E8","A12",19.3012,2024-02-19 11:55:00,"E",8,"12","0","0",16,"12 0 0 16",0,"0 0"
"4101","E8","A12",34.5164,2024-02-27 11:38:00,"E",8,"12","0","0",16,"12 0 0 16",7.98819444444444,"0 0"
"4102","E8","A12",13.1656,2024-02-21 11:02:00,"E",8,"12","0","0",16,"12 0 0 16",1.96319444444444,"0 0"
"4103","E8","A12",22.6844,2024-02-22 11:30:00,"E",8,"12","0","0",16,"12 0 0 16",2.98263888888889,"0 0"
"4104","E8","A12",22.1146,2024-03-01 11:59:00,"E",8,"12","0","0",16,"12 0 0 16",11.0027777777778,"0 0"
"4105","E8","A16",36.046,2024-02-29 11:03:00,"E",8,"16","0","0",16,"16 0 0 16",9.96388888888889,"0 0"
"4106","E8","A16",38.8774,2024-02-28 10:59:00,"E",8,"16","0","0",16,"16 0 0 16",8.96111111111111,"0 0"
"4107","E8","A16",67.4952,2024-02-25 11:35:00,"E",8,"16","0","0",16,"16 0 0 16",5.98611111111111,"0 0"
"4108","E8","A16",13.2914,2024-02-20 11:03:00,"E",8,"16","0","0",16,"16 0 0 16",0.963888888888889,"0 0"
"4109","E8","A16",60.895,2024-02-26 11:31:00,"E",8,"16","0","0",16,"16 0 0 16",6.98333333333333,"0 0"
"4110","E8","A16",62.9488,2024-02-23 11:31:00,"E",8,"16","0","0",16,"16 0 0 16",3.98333333333333,"0 0"
"4111","E8","A16",74.4282,2024-02-24 11:06:00,"E",8,"16","0","0",16,"16 0 0 16",4.96597222222222,"0 0"
"4112","E8","A16",23.5208,2024-02-19 11:55:00,"E",8,"16","0","0",16,"16 0 0 16",0,"0 0"
"4113","E8","A16",48.2288,2024-02-27 11:38:00,"E",8,"16","0","0",16,"16 0 0 16",7.98819444444444,"0 0"
"4114","E8","A16",30.0588,2024-02-21 11:02:00,"E",8,"16","0","0",16,"16 0 0 16",1.96319444444444,"0 0"
"4115","E8","A16",50.0982,2024-02-22 11:30:00,"E",8,"16","0","0",16,"16 0 0 16",2.98263888888889,"0 0"
"4116","E8","A16",26.367,2024-03-01 11:59:00,"E",8,"16","0","0",16,"16 0 0 16",11.0027777777778,"0 0"
"4117","E8","A19",28.1232,2024-02-29 11:03:00,"E",8,"19","0","0",16,"19 0 0 16",9.96388888888889,"0 0"
"4118","E8","A19",30.1372,2024-02-28 10:59:00,"E",8,"19","0","0",16,"19 0 0 16",8.96111111111111,"0 0"
"4119","E8","A19",65.665,2024-02-25 11:35:00,"E",8,"19","0","0",16,"19 0 0 16",5.98611111111111,"0 0"
"4120","E8","A19",13.9026,2024-02-20 11:03:00,"E",8,"19","0","0",16,"19 0 0 16",0.963888888888889,"0 0"
"4121","E8","A19",47.5104,2024-02-26 11:31:00,"E",8,"19","0","0",16,"19 0 0 16",6.98333333333333,"0 0"
"4122","E8","A19",69.0438,2024-02-23 11:31:00,"E",8,"19","0","0",16,"19 0 0 16",3.98333333333333,"0 0"
"4123","E8","A19",65.4994,2024-02-24 11:06:00,"E",8,"19","0","0",16,"19 0 0 16",4.96597222222222,"0 0"
"4124","E8","A19",21.0602,2024-02-19 11:55:00,"E",8,"19","0","0",16,"19 0 0 16",0,"0 0"
"4125","E8","A19",38.7454,2024-02-27 11:38:00,"E",8,"19","0","0",16,"19 0 0 16",7.98819444444444,"0 0"
"4126","E8","A19",33.0084,2024-02-21 11:02:00,"E",8,"19","0","0",16,"19 0 0 16",1.96319444444444,"0 0"
"4127","E8","A19",48.1742,2024-02-22 11:30:00,"E",8,"19","0","0",16,"19 0 0 16",2.98263888888889,"0 0"
"4128","E8","A19",28.1576,2024-03-01 11:59:00,"E",8,"19","0","0",16,"19 0 0 16",11.0027777777778,"0 0"
"4129","E8","A22",27.2048,2024-02-29 11:03:00,"E",8,"22","0","0",16,"22 0 0 16",9.96388888888889,"0 0"
"4130","E8","A22",30.086,2024-02-28 10:59:00,"E",8,"22","0","0",16,"22 0 0 16",8.96111111111111,"0 0"
"4131","E8","A22",62.1478,2024-02-25 11:35:00,"E",8,"22","0","0",16,"22 0 0 16",5.98611111111111,"0 0"
"4132","E8","A22",20.2572,2024-02-20 11:03:00,"E",8,"22","0","0",16,"22 0 0 16",0.963888888888889,"0 0"
"4133","E8","A22",45.575,2024-02-26 11:31:00,"E",8,"22","0","0",16,"22 0 0 16",6.98333333333333,"0 0"
"4134","E8","A22",59.4224,2024-02-23 11:31:00,"E",8,"22","0","0",16,"22 0 0 16",3.98333333333333,"0 0"
"4135","E8","A22",75.3954,2024-02-24 11:06:00,"E",8,"22","0","0",16,"22 0 0 16",4.96597222222222,"0 0"
"4136","E8","A22",24.909,2024-02-19 11:55:00,"E",8,"22","0","0",16,"22 0 0 16",0,"0 0"
"4137","E8","A22",34.153,2024-02-27 11:38:00,"E",8,"22","0","0",16,"22 0 0 16",7.98819444444444,"0 0"
"4138","E8","A22",44.1338,2024-02-21 11:02:00,"E",8,"22","0","0",16,"22 0 0 16",1.96319444444444,"0 0"
"4139","E8","A22",50.2518,2024-02-22 11:30:00,"E",8,"22","0","0",16,"22 0 0 16",2.98263888888889,"0 0"
"4140","E8","A22",24.8278,2024-03-01 11:59:00,"E",8,"22","0","0",16,"22 0 0 16",11.0027777777778,"0 0"
"4141","E8","A25",22.0586,2024-02-29 11:03:00,"E",8,"25","0","0",16,"25 0 0 16",9.96388888888889,"0 0"
"4142","E8","A25",21.42,2024-02-28 10:59:00,"E",8,"25","0","0",16,"25 0 0 16",8.96111111111111,"0 0"
"4143","E8","A25",42.0908,2024-02-25 11:35:00,"E",8,"25","0","0",16,"25 0 0 16",5.98611111111111,"0 0"
"4144","E8","A25",18.2236,2024-02-20 11:03:00,"E",8,"25","0","0",16,"25 0 0 16",0.963888888888889,"0 0"
"4145","E8","A25",28.8194,2024-02-26 11:31:00,"E",8,"25","0","0",16,"25 0 0 16",6.98333333333333,"0 0"
"4146","E8","A25",63.7182,2024-02-23 11:31:00,"E",8,"25","0","0",16,"25 0 0 16",3.98333333333333,"0 0"
"4147","E8","A25",54.6254,2024-02-24 11:06:00,"E",8,"25","0","0",16,"25 0 0 16",4.96597222222222,"0 0"
"4148","E8","A25",21.8422,2024-02-19 11:55:00,"E",8,"25","0","0",16,"25 0 0 16",0,"0 0"
"4149","E8","A25",23.1724,2024-02-27 11:38:00,"E",8,"25","0","0",16,"25 0 0 16",7.98819444444444,"0 0"
"4150","E8","A25",39.7688,2024-02-21 11:02:00,"E",8,"25","0","0",16,"25 0 0 16",1.96319444444444,"0 0"
"4151","E8","A25",55.7488,2024-02-22 11:30:00,"E",8,"25","0","0",16,"25 0 0 16",2.98263888888889,"0 0"
"4152","E8","A25",24.2616,2024-03-01 11:59:00,"E",8,"25","0","0",16,"25 0 0 16",11.0027777777778,"0 0"
"4153","E8","A27",14.4724,2024-02-29 11:03:00,"E",8,"27","0","0",16,"27 0 0 16",9.96388888888889,"0 0"
"4154","E8","A27",15.9972,2024-02-28 10:59:00,"E",8,"27","0","0",16,"27 0 0 16",8.96111111111111,"0 0"
"4155","E8","A27",35.1366,2024-02-25 11:35:00,"E",8,"27","0","0",16,"27 0 0 16",5.98611111111111,"0 0"
"4156","E8","A27",12.1242,2024-02-20 11:03:00,"E",8,"27","0","0",16,"27 0 0 16",0.963888888888889,"0 0"
"4157","E8","A27",21.3092,2024-02-26 11:31:00,"E",8,"27","0","0",16,"27 0 0 16",6.98333333333333,"0 0"
"4158","E8","A27",48.0974,2024-02-23 11:31:00,"E",8,"27","0","0",16,"27 0 0 16",3.98333333333333,"0 0"
"4159","E8","A27",46.581,2024-02-24 11:06:00,"E",8,"27","0","0",16,"27 0 0 16",4.96597222222222,"0 0"
"4160","E8","A27",17.4584,2024-02-19 11:55:00,"E",8,"27","0","0",16,"27 0 0 16",0,"0 0"
"4161","E8","A27",18.0132,2024-02-27 11:38:00,"E",8,"27","0","0",16,"27 0 0 16",7.98819444444444,"0 0"
"4162","E8","A27",22.5474,2024-02-21 11:02:00,"E",8,"27","0","0",16,"27 0 0 16",1.96319444444444,"0 0"
"4163","E8","A27",33.2546,2024-02-22 11:30:00,"E",8,"27","0","0",16,"27 0 0 16",2.98263888888889,"0 0"
"4164","E8","A27",14.2498,2024-03-01 11:59:00,"E",8,"27","0","0",16,"27 0 0 16",11.0027777777778,"0 0"
"4165","E8","X13",53.0882,2024-02-29 11:03:00,"E",8,"13","0","1",16,"13 1 0 16",9.96388888888889,"0 1"
"4166","E8","X13",64.8458,2024-02-28 10:59:00,"E",8,"13","0","1",16,"13 1 0 16",8.96111111111111,"0 1"
"4167","E8","X13",81.2282,2024-02-25 11:35:00,"E",8,"13","0","1",16,"13 1 0 16",5.98611111111111,"0 1"
"4168","E8","X13",14.6018,2024-02-20 11:03:00,"E",8,"13","0","1",16,"13 1 0 16",0.963888888888889,"0 1"
"4169","E8","X13",74.6948,2024-02-26 11:31:00,"E",8,"13","0","1",16,"13 1 0 16",6.98333333333333,"0 1"
"4170","E8","X13",61.6436,2024-02-23 11:31:00,"E",8,"13","0","1",16,"13 1 0 16",3.98333333333333,"0 1"
"4171","E8","X13",94.3932,2024-02-24 11:06:00,"E",8,"13","0","1",16,"13 1 0 16",4.96597222222222,"0 1"
"4172","E8","X13",22.6028,2024-02-19 11:55:00,"E",8,"13","0","1",16,"13 1 0 16",0,"0 1"
"4173","E8","X13",71.781,2024-02-27 11:38:00,"E",8,"13","0","1",16,"13 1 0 16",7.98819444444444,"0 1"
"4174","E8","X13",23.2562,2024-02-21 11:02:00,"E",8,"13","0","1",16,"13 1 0 16",1.96319444444444,"0 1"
"4175","E8","X13",44.376,2024-02-22 11:30:00,"E",8,"13","0","1",16,"13 1 0 16",2.98263888888889,"0 1"
"4176","E8","X13",54.5948,2024-03-01 11:59:00,"E",8,"13","0","1",16,"13 1 0 16",11.0027777777778,"0 1"
"4177","E8","X20",52.0872,2024-02-29 11:03:00,"E",8,"20","0","1",16,"20 1 0 16",9.96388888888889,"0 1"
"4178","E8","X20",57.6312,2024-02-28 10:59:00,"E",8,"20","0","1",16,"20 1 0 16",8.96111111111111,"0 1"
"4179","E8","X20",107.8784,2024-02-25 11:35:00,"E",8,"20","0","1",16,"20 1 0 16",5.98611111111111,"0 1"
"4180","E8","X20",20.5056,2024-02-20 11:03:00,"E",8,"20","0","1",16,"20 1 0 16",0.963888888888889,"0 1"
"4181","E8","X20",84.9082,2024-02-26 11:31:00,"E",8,"20","0","1",16,"20 1 0 16",6.98333333333333,"0 1"
"4182","E8","X20",118.0332,2024-02-23 11:31:00,"E",8,"20","0","1",16,"20 1 0 16",3.98333333333333,"0 1"
"4183","E8","X20",113.6554,2024-02-24 11:06:00,"E",8,"20","0","1",16,"20 1 0 16",4.96597222222222,"0 1"
"4184","E8","X20",28.3114,2024-02-19 11:55:00,"E",8,"20","0","1",16,"20 1 0 16",0,"0 1"
"4185","E8","X20",76.3728,2024-02-27 11:38:00,"E",8,"20","0","1",16,"20 1 0 16",7.98819444444444,"0 1"
"4186","E8","X20",68.5006,2024-02-21 11:02:00,"E",8,"20","0","1",16,"20 1 0 16",1.96319444444444,"0 1"
"4187","E8","X20",96.373,2024-02-22 11:30:00,"E",8,"20","0","1",16,"20 1 0 16",2.98263888888889,"0 1"
"4188","E8","X20",42.3116,2024-03-01 11:59:00,"E",8,"20","0","1",16,"20 1 0 16",11.0027777777778,"0 1"
"4189","E8","X22",65.021,2024-02-29 11:03:00,"E",8,"22","0","1",16,"22 1 0 16",9.96388888888889,"0 1"
"4190","E8","X22",70.973,2024-02-28 10:59:00,"E",8,"22","0","1",16,"22 1 0 16",8.96111111111111,"0 1"
"4191","E8","X22",137.7786,2024-02-25 11:35:00,"E",8,"22","0","1",16,"22 1 0 16",5.98611111111111,"0 1"
"4192","E8","X22",28.5754,2024-02-20 11:03:00,"E",8,"22","0","1",16,"22 1 0 16",0.963888888888889,"0 1"
"4193","E8","X22",135.0846,2024-02-26 11:31:00,"E",8,"22","0","1",16,"22 1 0 16",6.98333333333333,"0 1"
"4194","E8","X22",136.1668,2024-02-23 11:31:00,"E",8,"22","0","1",16,"22 1 0 16",3.98333333333333,"0 1"
"4195","E8","X22",109.3478,2024-02-24 11:06:00,"E",8,"22","0","1",16,"22 1 0 16",4.96597222222222,"0 1"
"4196","E8","X22",31.9448,2024-02-19 11:55:00,"E",8,"22","0","1",16,"22 1 0 16",0,"0 1"
"4197","E8","X22",105.0728,2024-02-27 11:38:00,"E",8,"22","0","1",16,"22 1 0 16",7.98819444444444,"0 1"
"4198","E8","X22",77.6588,2024-02-21 11:02:00,"E",8,"22","0","1",16,"22 1 0 16",1.96319444444444,"0 1"
"4199","E8","X22",96.5324,2024-02-22 11:30:00,"E",8,"22","0","1",16,"22 1 0 16",2.98263888888889,"0 1"
"4200","E8","X22",52.0158,2024-03-01 11:59:00,"E",8,"22","0","1",16,"22 1 0 16",11.0027777777778,"0 1"
"4201","E8","X25",58.5358,2024-02-29 11:03:00,"E",8,"25","0","1",16,"25 1 0 16",9.96388888888889,"0 1"
"4202","E8","X25",64.7664,2024-02-28 10:59:00,"E",8,"25","0","1",16,"25 1 0 16",8.96111111111111,"0 1"
"4203","E8","X25",166.288,2024-02-25 11:35:00,"E",8,"25","0","1",16,"25 1 0 16",5.98611111111111,"0 1"
"4204","E8","X25",29.5026,2024-02-20 11:03:00,"E",8,"25","0","1",16,"25 1 0 16",0.963888888888889,"0 1"
"4205","E8","X25",106.4046,2024-02-26 11:31:00,"E",8,"25","0","1",16,"25 1 0 16",6.98333333333333,"0 1"
"4206","E8","X25",116.871,2024-02-23 11:31:00,"E",8,"25","0","1",16,"25 1 0 16",3.98333333333333,"0 1"
"4207","E8","X25",173.033,2024-02-24 11:06:00,"E",8,"25","0","1",16,"25 1 0 16",4.96597222222222,"0 1"
"4208","E8","X25",27.78,2024-02-19 11:55:00,"E",8,"25","0","1",16,"25 1 0 16",0,"0 1"
"4209","E8","X25",84.598,2024-02-27 11:38:00,"E",8,"25","0","1",16,"25 1 0 16",7.98819444444444,"0 1"
"4210","E8","X25",71.6804,2024-02-21 11:02:00,"E",8,"25","0","1",16,"25 1 0 16",1.96319444444444,"0 1"
"4211","E8","X25",97.6504,2024-02-22 11:30:00,"E",8,"25","0","1",16,"25 1 0 16",2.98263888888889,"0 1"
"4212","E8","X25",45.8654,2024-03-01 11:59:00,"E",8,"25","0","1",16,"25 1 0 16",11.0027777777778,"0 1"
"4213","E8","X27",72.2524,2024-02-29 11:03:00,"E",8,"27","0","1",16,"27 1 0 16",9.96388888888889,"0 1"
"4214","E8","X27",89.1664,2024-02-28 10:59:00,"E",8,"27","0","1",16,"27 1 0 16",8.96111111111111,"0 1"
"4215","E8","X27",90.7736,2024-02-25 11:35:00,"E",8,"27","0","1",16,"27 1 0 16",5.98611111111111,"0 1"
"4216","E8","X27",20.7002,2024-02-20 11:03:00,"E",8,"27","0","1",16,"27 1 0 16",0.963888888888889,"0 1"
"4217","E8","X27",85.9764,2024-02-26 11:31:00,"E",8,"27","0","1",16,"27 1 0 16",6.98333333333333,"0 1"
"4218","E8","X27",72.3222,2024-02-23 11:31:00,"E",8,"27","0","1",16,"27 1 0 16",3.98333333333333,"0 1"
"4219","E8","X27",82.2364,2024-02-24 11:06:00,"E",8,"27","0","1",16,"27 1 0 16",4.96597222222222,"0 1"
"4220","E8","X27",24.2862,2024-02-19 11:55:00,"E",8,"27","0","1",16,"27 1 0 16",0,"0 1"
"4221","E8","X27",107.9116,2024-02-27 11:38:00,"E",8,"27","0","1",16,"27 1 0 16",7.98819444444444,"0 1"
"4222","E8","X27",40.939,2024-02-21 11:02:00,"E",8,"27","0","1",16,"27 1 0 16",1.96319444444444,"0 1"
"4223","E8","X27",62.7744,2024-02-22 11:30:00,"E",8,"27","0","1",16,"27 1 0 16",2.98263888888889,"0 1"
"4224","E8","X27",63.238,2024-03-01 11:59:00,"E",8,"27","0","1",16,"27 1 0 16",11.0027777777778,"0 1"
